-- MariaDB dump 10.17  Distrib 10.5.5-MariaDB, for Win64 (AMD64)
--
-- Host: localhost    Database: sanbercode
-- ------------------------------------------------------
-- Server version	10.5.5-MariaDB

/*!40101 SET @OLD_CHARACTER_SET_CLIENT=@@CHARACTER_SET_CLIENT */;
/*!40101 SET @OLD_CHARACTER_SET_RESULTS=@@CHARACTER_SET_RESULTS */;
/*!40101 SET @OLD_COLLATION_CONNECTION=@@COLLATION_CONNECTION */;
/*!40101 SET NAMES utf8mb4 */;
/*!40103 SET @OLD_TIME_ZONE=@@TIME_ZONE */;
/*!40103 SET TIME_ZONE='+00:00' */;
/*!40014 SET @OLD_UNIQUE_CHECKS=@@UNIQUE_CHECKS, UNIQUE_CHECKS=0 */;
/*!40014 SET @OLD_FOREIGN_KEY_CHECKS=@@FOREIGN_KEY_CHECKS, FOREIGN_KEY_CHECKS=0 */;
/*!40101 SET @OLD_SQL_MODE=@@SQL_MODE, SQL_MODE='NO_AUTO_VALUE_ON_ZERO' */;
/*!40111 SET @OLD_SQL_NOTES=@@SQL_NOTES, SQL_NOTES=0 */;

--
-- Current Database: `sanbercode`
--

CREATE DATABASE /*!32312 IF NOT EXISTS*/ `sanbercode` /*!40100 DEFAULT CHARACTER SET latin1 */;

USE `sanbercode`;

--
-- Table structure for table `artikel_medium`
--

DROP TABLE IF EXISTS `artikel_medium`;
/*!40101 SET @saved_cs_client     = @@character_set_client */;
/*!40101 SET character_set_client = utf8 */;
CREATE TABLE `artikel_medium` (
  `link_halaman` varchar(3000) NOT NULL,
  `waktu_baca` int(11) DEFAULT NULL,
  `jumlah_pengunjung` int(11) DEFAULT NULL,
  `rating` int(11) DEFAULT NULL CHECK (`rating` between 1 and 10),
  PRIMARY KEY (`link_halaman`),
  CONSTRAINT `artikel_medium_ibfk_1` FOREIGN KEY (`link_halaman`) REFERENCES `blog` (`link_halaman`)
) ENGINE=InnoDB DEFAULT CHARSET=latin1;
/*!40101 SET character_set_client = @saved_cs_client */;

--
-- Dumping data for table `artikel_medium`
--

LOCK TABLES `artikel_medium` WRITE;
/*!40000 ALTER TABLE `artikel_medium` DISABLE KEYS */;
INSERT INTO `artikel_medium` (`link_halaman`, `waktu_baca`, `jumlah_pengunjung`, `rating`) VALUES ('http://alibaba.com/at.jsp?dapibus=dictumst&augue=morbi&vel=vestibulum&accumsan=velit&tellus=id&nisi=pretium&eu=iaculis&orci=diam&mauris=erat&lacinia=fermentum&sapien=justo&quis=nec&libero=condimentum&nullam=neque&sit=sapien&amet=placerat&turpis=ante&elementum=nulla&ligula=justo&vehicula=aliquam&consequat=quis&morbi=turpis&a=eget&ipsum=elit&integer=sodales&a=scelerisque',9,52,6),('http://amazonaws.com/quam/pede/lobortis/ligula/sit.jpg?dui=euismod&nec=scelerisque&nisi=quam&volutpat=turpis&eleifend=adipiscing&donec=lorem&ut=vitae&dolor=mattis&morbi=nibh&vel=ligula&lectus=nec&in=sem&quam=duis&fringilla=aliquam&rhoncus=convallis',4,67,7),('http://ameblo.jp/nascetur/ridiculus/mus/vivamus/vestibulum.html?eu=tortor&felis=id&fusce=nulla&posuere=ultrices&felis=aliquet&sed=maecenas&lacus=leo&morbi=odio&sem=condimentum&mauris=id&laoreet=luctus&ut=nec&rhoncus=molestie&aliquet=sed&pulvinar=justo',9,68,2),('http://archive.org/porta/volutpat/quam/pede.xml?morbi=vestibulum&quis=ante&tortor=ipsum&id=primis&nulla=in&ultrices=faucibus',4,61,8),('http://arstechnica.com/faucibus/orci.js?sed=at&sagittis=nunc&nam=commodo&congue=placerat&risus=praesent&semper=blandit&porta=nam&volutpat=nulla&quam=integer&pede=pede&lobortis=justo&ligula=lacinia&sit=eget&amet=tincidunt&eleifend=eget&pede=tempus&libero=vel&quis=pede&orci=morbi&nullam=porttitor&molestie=lorem&nibh=id&in=ligula&lectus=suspendisse&pellentesque=ornare&at=consequat&nulla=lectus&suspendisse=in&potenti=est&cras=risus&in=auctor&purus=sed&eu=tristique&magna=in&vulputate=tempus&luctus=sit&cum=amet&sociis=sem&natoque=fusce&penatibus=consequat&et=nulla&magnis=nisl&dis=nunc&parturient=nisl&montes=duis&nascetur=bibendum&ridiculus=felis&mus=sed&vivamus=interdum&vestibulum=venenatis&sagittis=turpis&sapien=enim&cum=blandit&sociis=mi&natoque=in&penatibus=porttitor&et=pede&magnis=justo&dis=eu&parturient=massa&montes=donec&nascetur=dapibus&ridiculus=duis&mus=at&etiam=velit&vel=eu&augue=est&vestibulum=congue',8,66,1),('http://bbb.org/convallis/nunc/proin/at/turpis/a/pede.aspx?ac=odio',3,53,8),('http://berkeley.edu/malesuada/in/imperdiet/et/commodo/vulputate.png?sapien=elit&iaculis=ac&congue=nulla&vivamus=sed&metus=vel&arcu=enim&adipiscing=sit&molestie=amet&hendrerit=nunc&at=viverra&vulputate=dapibus&vitae=nulla&nisl=suscipit&aenean=ligula&lectus=in&pellentesque=lacus&eget=curabitur&nunc=at&donec=ipsum&quis=ac&orci=tellus&eget=semper&orci=interdum&vehicula=mauris&condimentum=ullamcorper&curabitur=purus&in=sit&libero=amet&ut=nulla&massa=quisque&volutpat=arcu&convallis=libero&morbi=rutrum&odio=ac&odio=lobortis',10,91,9),('http://biblegateway.com/montes/nascetur/ridiculus/mus/etiam/vel/augue.png?erat=mi&volutpat=integer&in=ac&congue=neque&etiam=duis&justo=bibendum&etiam=morbi&pretium=non&iaculis=quam&justo=nec&in=dui&hac=luctus&habitasse=rutrum&platea=nulla&dictumst=tellus&etiam=in&faucibus=sagittis&cursus=dui&urna=vel&ut=nisl&tellus=duis&nulla=ac&ut=nibh&erat=fusce&id=lacus&mauris=purus&vulputate=aliquet&elementum=at&nullam=feugiat&varius=non&nulla=pretium&facilisi=quis&cras=lectus&non=suspendisse&velit=potenti&nec=in&nisi=eleifend&vulputate=quam&nonummy=a&maecenas=odio&tincidunt=in&lacus=hac&at=habitasse&velit=platea&vivamus=dictumst&vel=maecenas&nulla=ut&eget=massa&eros=quis&elementum=augue&pellentesque=luctus&quisque=tincidunt&porta=nulla&volutpat=mollis&erat=molestie&quisque=lorem&erat=quisque&eros=ut&viverra=erat&eget=curabitur&congue=gravida&eget=nisi&semper=at&rutrum=nibh&nulla=in&nunc=hac&purus=habitasse&phasellus=platea&in=dictumst&felis=aliquam&donec=augue&semper=quam&sapien=sollicitudin&a=vitae&libero=consectetuer&nam=eget&dui=rutrum&proin=at&leo=lorem&odio=integer&porttitor=tincidunt&id=ante&consequat=vel&in=ipsum&consequat=praesent&ut=blandit&nulla=lacinia',6,13,10),('http://blogger.com/ullamcorper/augue/a/suscipit/nulla/elit/ac.jsp?sapien=sem&iaculis=fusce&congue=consequat&vivamus=nulla&metus=nisl&arcu=nunc&adipiscing=nisl&molestie=duis&hendrerit=bibendum&at=felis&vulputate=sed&vitae=interdum&nisl=venenatis&aenean=turpis&lectus=enim&pellentesque=blandit&eget=mi&nunc=in&donec=porttitor&quis=pede&orci=justo&eget=eu&orci=massa&vehicula=donec&condimentum=dapibus&curabitur=duis&in=at&libero=velit&ut=eu&massa=est&volutpat=congue&convallis=elementum&morbi=in&odio=hac&odio=habitasse&elementum=platea&eu=dictumst&interdum=morbi&eu=vestibulum&tincidunt=velit&in=id&leo=pretium&maecenas=iaculis&pulvinar=diam&lobortis=erat&est=fermentum&phasellus=justo&sit=nec&amet=condimentum&erat=neque&nulla=sapien&tempus=placerat&vivamus=ante&in=nulla&felis=justo&eu=aliquam&sapien=quis&cursus=turpis&vestibulum=eget&proin=elit&eu=sodales&mi=scelerisque&nulla=mauris&ac=sit&enim=amet&in=eros&tempor=suspendisse&turpis=accumsan&nec=tortor&euismod=quis&scelerisque=turpis&quam=sed&turpis=ante&adipiscing=vivamus&lorem=tortor&vitae=duis&mattis=mattis&nibh=egestas&ligula=metus&nec=aenean&sem=fermentum&duis=donec&aliquam=ut&convallis=mauris',5,51,4),('http://bloglines.com/morbi/sem/mauris/laoreet.json?nulla=vulputate&facilisi=nonummy&cras=maecenas&non=tincidunt&velit=lacus&nec=at&nisi=velit&vulputate=vivamus&nonummy=vel&maecenas=nulla&tincidunt=eget&lacus=eros&at=elementum&velit=pellentesque&vivamus=quisque&vel=porta&nulla=volutpat&eget=erat&eros=quisque&elementum=erat&pellentesque=eros&quisque=viverra&porta=eget&volutpat=congue&erat=eget&quisque=semper&erat=rutrum&eros=nulla&viverra=nunc&eget=purus&congue=phasellus&eget=in&semper=felis&rutrum=donec&nulla=semper&nunc=sapien&purus=a&phasellus=libero&in=nam&felis=dui&donec=proin&semper=leo&sapien=odio&a=porttitor&libero=id&nam=consequat&dui=in&proin=consequat&leo=ut&odio=nulla&porttitor=sed&id=accumsan&consequat=felis&in=ut&consequat=at&ut=dolor&nulla=quis&sed=odio&accumsan=consequat&felis=varius&ut=integer&at=ac&dolor=leo&quis=pellentesque&odio=ultrices',2,37,8),('http://bluehost.com/augue/aliquam/erat.xml?orci=at&luctus=velit&et=vivamus&ultrices=vel&posuere=nulla&cubilia=eget&curae=eros&mauris=elementum&viverra=pellentesque&diam=quisque&vitae=porta',4,88,4),('http://businessinsider.com/lacinia/aenean/sit.xml?dolor=pretium&morbi=iaculis&vel=diam&lectus=erat&in=fermentum&quam=justo&fringilla=nec&rhoncus=condimentum&mauris=neque&enim=sapien&leo=placerat&rhoncus=ante&sed=nulla&vestibulum=justo&sit=aliquam&amet=quis&cursus=turpis&id=eget&turpis=elit&integer=sodales&aliquet=scelerisque&massa=mauris&id=sit&lobortis=amet&convallis=eros&tortor=suspendisse&risus=accumsan&dapibus=tortor&augue=quis&vel=turpis&accumsan=sed&tellus=ante&nisi=vivamus&eu=tortor&orci=duis&mauris=mattis&lacinia=egestas&sapien=metus&quis=aenean&libero=fermentum&nullam=donec&sit=ut&amet=mauris&turpis=eget&elementum=massa&ligula=tempor&vehicula=convallis&consequat=nulla&morbi=neque&a=libero&ipsum=convallis&integer=eget&a=eleifend&nibh=luctus&in=ultricies&quis=eu&justo=nibh&maecenas=quisque&rhoncus=id&aliquam=justo&lacus=sit&morbi=amet&quis=sapien&tortor=dignissim&id=vestibulum&nulla=vestibulum&ultrices=ante&aliquet=ipsum&maecenas=primis&leo=in',4,86,4),('http://cafepress.com/neque/sapien/placerat/ante/nulla.aspx?et=sed&ultrices=sagittis&posuere=nam&cubilia=congue&curae=risus&donec=semper&pharetra=porta&magna=volutpat&vestibulum=quam&aliquet=pede&ultrices=lobortis&erat=ligula&tortor=sit&sollicitudin=amet&mi=eleifend&sit=pede&amet=libero&lobortis=quis&sapien=orci&sapien=nullam&non=molestie&mi=nibh&integer=in&ac=lectus&neque=pellentesque&duis=at&bibendum=nulla&morbi=suspendisse&non=potenti&quam=cras&nec=in&dui=purus&luctus=eu&rutrum=magna&nulla=vulputate&tellus=luctus&in=cum&sagittis=sociis&dui=natoque&vel=penatibus&nisl=et&duis=magnis&ac=dis&nibh=parturient&fusce=montes&lacus=nascetur',2,13,8),('http://cyberchimps.com/sapien/in/sapien/iaculis/congue.js?aenean=vulputate&sit=elementum&amet=nullam&justo=varius&morbi=nulla&ut=facilisi&odio=cras&cras=non&mi=velit&pede=nec&malesuada=nisi&in=vulputate&imperdiet=nonummy&et=maecenas&commodo=tincidunt&vulputate=lacus&justo=at&in=velit&blandit=vivamus&ultrices=vel&enim=nulla&lorem=eget&ipsum=eros&dolor=elementum&sit=pellentesque&amet=quisque&consectetuer=porta&adipiscing=volutpat&elit=erat&proin=quisque&interdum=erat&mauris=eros&non=viverra&ligula=eget&pellentesque=congue&ultrices=eget&phasellus=semper&id=rutrum&sapien=nulla&in=nunc&sapien=purus&iaculis=phasellus&congue=in&vivamus=felis&metus=donec&arcu=semper&adipiscing=sapien&molestie=a&hendrerit=libero&at=nam&vulputate=dui&vitae=proin&nisl=leo&aenean=odio&lectus=porttitor&pellentesque=id&eget=consequat&nunc=in&donec=consequat&quis=ut&orci=nulla&eget=sed&orci=accumsan&vehicula=felis&condimentum=ut&curabitur=at&in=dolor&libero=quis&ut=odio&massa=consequat&volutpat=varius&convallis=integer&morbi=ac&odio=leo&odio=pellentesque&elementum=ultrices&eu=mattis&interdum=odio&eu=donec&tincidunt=vitae&in=nisi&leo=nam&maecenas=ultrices&pulvinar=libero&lobortis=non&est=mattis&phasellus=pulvinar',8,100,5),('http://delicious.com/vivamus/vestibulum/sagittis.jpg?integer=risus&aliquet=semper&massa=porta&id=volutpat&lobortis=quam&convallis=pede&tortor=lobortis&risus=ligula&dapibus=sit&augue=amet',7,40,7),('http://digg.com/placerat/praesent/blandit.aspx?euismod=semper&scelerisque=sapien&quam=a&turpis=libero&adipiscing=nam&lorem=dui&vitae=proin&mattis=leo&nibh=odio&ligula=porttitor&nec=id&sem=consequat&duis=in&aliquam=consequat&convallis=ut&nunc=nulla&proin=sed&at=accumsan&turpis=felis&a=ut&pede=at&posuere=dolor&nonummy=quis&integer=odio&non=consequat&velit=varius&donec=integer&diam=ac&neque=leo&vestibulum=pellentesque&eget=ultrices&vulputate=mattis&ut=odio&ultrices=donec&vel=vitae&augue=nisi&vestibulum=nam&ante=ultrices&ipsum=libero&primis=non&in=mattis&faucibus=pulvinar&orci=nulla&luctus=pede&et=ullamcorper&ultrices=augue&posuere=a&cubilia=suscipit&curae=nulla&donec=elit&pharetra=ac',5,16,9),('http://discovery.com/sit/amet.jsp?nulla=id&pede=nisl&ullamcorper=venenatis&augue=lacinia&a=aenean&suscipit=sit&nulla=amet&elit=justo&ac=morbi&nulla=ut&sed=odio&vel=cras&enim=mi',7,40,9),('http://etsy.com/est/risus/auctor/sed/tristique.png?donec=ac&pharetra=consequat&magna=metus&vestibulum=sapien&aliquet=ut&ultrices=nunc&erat=vestibulum&tortor=ante&sollicitudin=ipsum&mi=primis&sit=in&amet=faucibus&lobortis=orci&sapien=luctus&sapien=et&non=ultrices&mi=posuere&integer=cubilia&ac=curae&neque=mauris&duis=viverra&bibendum=diam&morbi=vitae&non=quam&quam=suspendisse&nec=potenti',10,67,10),('http://github.io/cum/sociis/natoque/penatibus/et.jpg?bibendum=posuere&imperdiet=nonummy&nullam=integer&orci=non&pede=velit&venenatis=donec&non=diam&sodales=neque&sed=vestibulum&tincidunt=eget&eu=vulputate&felis=ut&fusce=ultrices&posuere=vel&felis=augue&sed=vestibulum&lacus=ante&morbi=ipsum&sem=primis&mauris=in&laoreet=faucibus&ut=orci&rhoncus=luctus&aliquet=et&pulvinar=ultrices&sed=posuere&nisl=cubilia&nunc=curae&rhoncus=donec&dui=pharetra&vel=magna&sem=vestibulum&sed=aliquet&sagittis=ultrices&nam=erat&congue=tortor&risus=sollicitudin&semper=mi&porta=sit&volutpat=amet&quam=lobortis&pede=sapien&lobortis=sapien&ligula=non&sit=mi&amet=integer&eleifend=ac&pede=neque&libero=duis&quis=bibendum&orci=morbi&nullam=non',7,81,6),('http://github.io/leo/maecenas/pulvinar/lobortis.jpg?turpis=condimentum&elementum=id&ligula=luctus&vehicula=nec&consequat=molestie&morbi=sed&a=justo&ipsum=pellentesque&integer=viverra&a=pede&nibh=ac&in=diam&quis=cras&justo=pellentesque&maecenas=volutpat&rhoncus=dui&aliquam=maecenas&lacus=tristique&morbi=est&quis=et&tortor=tempus&id=semper&nulla=est&ultrices=quam&aliquet=pharetra&maecenas=magna&leo=ac&odio=consequat&condimentum=metus&id=sapien&luctus=ut&nec=nunc&molestie=vestibulum&sed=ante&justo=ipsum&pellentesque=primis&viverra=in&pede=faucibus&ac=orci&diam=luctus&cras=et&pellentesque=ultrices&volutpat=posuere&dui=cubilia&maecenas=curae&tristique=mauris&est=viverra&et=diam&tempus=vitae&semper=quam&est=suspendisse&quam=potenti&pharetra=nullam&magna=porttitor&ac=lacus&consequat=at&metus=turpis&sapien=donec&ut=posuere&nunc=metus&vestibulum=vitae&ante=ipsum&ipsum=aliquam&primis=non&in=mauris&faucibus=morbi&orci=non&luctus=lectus&et=aliquam&ultrices=sit&posuere=amet&cubilia=diam&curae=in&mauris=magna&viverra=bibendum&diam=imperdiet&vitae=nullam&quam=orci&suspendisse=pede&potenti=venenatis&nullam=non&porttitor=sodales&lacus=sed&at=tincidunt&turpis=eu&donec=felis',4,68,10),('http://google.co.jp/et/magnis/dis/parturient.xml?ac=quam&est=sapien&lacinia=varius&nisi=ut&venenatis=blandit&tristique=non&fusce=interdum&congue=in&diam=ante&id=vestibulum&ornare=ante&imperdiet=ipsum&sapien=primis&urna=in&pretium=faucibus&nisl=orci&ut=luctus&volutpat=et&sapien=ultrices&arcu=posuere&sed=cubilia&augue=curae&aliquam=duis&erat=faucibus&volutpat=accumsan&in=odio&congue=curabitur&etiam=convallis&justo=duis&etiam=consequat&pretium=dui&iaculis=nec&justo=nisi&in=volutpat&hac=eleifend&habitasse=donec&platea=ut&dictumst=dolor&etiam=morbi&faucibus=vel&cursus=lectus',5,6,1),('http://huffingtonpost.com/velit/vivamus/vel/nulla/eget/eros/elementum.js?consectetuer=volutpat&adipiscing=convallis&elit=morbi&proin=odio&interdum=odio&mauris=elementum&non=eu&ligula=interdum&pellentesque=eu&ultrices=tincidunt&phasellus=in&id=leo&sapien=maecenas&in=pulvinar&sapien=lobortis&iaculis=est&congue=phasellus&vivamus=sit&metus=amet&arcu=erat&adipiscing=nulla&molestie=tempus&hendrerit=vivamus&at=in&vulputate=felis&vitae=eu&nisl=sapien&aenean=cursus&lectus=vestibulum&pellentesque=proin&eget=eu&nunc=mi&donec=nulla&quis=ac&orci=enim&eget=in&orci=tempor&vehicula=turpis&condimentum=nec&curabitur=euismod&in=scelerisque&libero=quam&ut=turpis&massa=adipiscing&volutpat=lorem&convallis=vitae&morbi=mattis&odio=nibh&odio=ligula&elementum=nec&eu=sem&interdum=duis&eu=aliquam&tincidunt=convallis&in=nunc&leo=proin&maecenas=at&pulvinar=turpis&lobortis=a&est=pede&phasellus=posuere&sit=nonummy&amet=integer&erat=non&nulla=velit&tempus=donec&vivamus=diam&in=neque&felis=vestibulum&eu=eget&sapien=vulputate&cursus=ut&vestibulum=ultrices&proin=vel&eu=augue&mi=vestibulum&nulla=ante&ac=ipsum&enim=primis&in=in&tempor=faucibus&turpis=orci&nec=luctus',10,73,9),('http://illinois.edu/vestibulum/sed/magna.js?ut=urna&erat=pretium&id=nisl&mauris=ut&vulputate=volutpat&elementum=sapien&nullam=arcu&varius=sed&nulla=augue&facilisi=aliquam&cras=erat&non=volutpat&velit=in&nec=congue&nisi=etiam&vulputate=justo&nonummy=etiam&maecenas=pretium&tincidunt=iaculis&lacus=justo&at=in&velit=hac&vivamus=habitasse&vel=platea&nulla=dictumst&eget=etiam&eros=faucibus&elementum=cursus&pellentesque=urna&quisque=ut&porta=tellus&volutpat=nulla&erat=ut&quisque=erat&erat=id&eros=mauris&viverra=vulputate&eget=elementum&congue=nullam&eget=varius&semper=nulla&rutrum=facilisi&nulla=cras&nunc=non&purus=velit&phasellus=nec&in=nisi&felis=vulputate&donec=nonummy&semper=maecenas&sapien=tincidunt&a=lacus&libero=at&nam=velit&dui=vivamus&proin=vel&leo=nulla&odio=eget&porttitor=eros',8,71,4),('http://instagram.com/nibh/fusce/lacus.js?in=mattis&quam=egestas&fringilla=metus&rhoncus=aenean&mauris=fermentum&enim=donec&leo=ut&rhoncus=mauris&sed=eget&vestibulum=massa&sit=tempor&amet=convallis&cursus=nulla&id=neque&turpis=libero&integer=convallis&aliquet=eget&massa=eleifend&id=luctus&lobortis=ultricies&convallis=eu&tortor=nibh&risus=quisque&dapibus=id&augue=justo',9,40,5),('http://istockphoto.com/rhoncus/mauris/enim.js?ultrices=nulla&aliquet=ut&maecenas=erat',2,4,10),('http://jalbum.net/dolor.png?id=iaculis&turpis=congue&integer=vivamus&aliquet=metus&massa=arcu&id=adipiscing',1,94,9),('http://java.com/ac/nulla.js?quam=erat&sapien=tortor&varius=sollicitudin&ut=mi&blandit=sit&non=amet&interdum=lobortis&in=sapien&ante=sapien&vestibulum=non&ante=mi&ipsum=integer&primis=ac&in=neque&faucibus=duis&orci=bibendum&luctus=morbi&et=non&ultrices=quam&posuere=nec&cubilia=dui&curae=luctus&duis=rutrum&faucibus=nulla&accumsan=tellus&odio=in&curabitur=sagittis&convallis=dui&duis=vel&consequat=nisl&dui=duis&nec=ac&nisi=nibh&volutpat=fusce&eleifend=lacus&donec=purus&ut=aliquet&dolor=at&morbi=feugiat&vel=non&lectus=pretium&in=quis&quam=lectus&fringilla=suspendisse&rhoncus=potenti&mauris=in&enim=eleifend&leo=quam&rhoncus=a&sed=odio&vestibulum=in&sit=hac&amet=habitasse&cursus=platea&id=dictumst&turpis=maecenas&integer=ut&aliquet=massa',10,66,7),('http://lycos.com/habitasse/platea/dictumst/morbi/vestibulum/velit/id.jsp?vehicula=venenatis&consequat=tristique&morbi=fusce&a=congue&ipsum=diam&integer=id&a=ornare&nibh=imperdiet&in=sapien&quis=urna&justo=pretium&maecenas=nisl&rhoncus=ut&aliquam=volutpat&lacus=sapien&morbi=arcu&quis=sed&tortor=augue&id=aliquam&nulla=erat&ultrices=volutpat&aliquet=in&maecenas=congue&leo=etiam&odio=justo&condimentum=etiam&id=pretium&luctus=iaculis&nec=justo&molestie=in&sed=hac&justo=habitasse&pellentesque=platea&viverra=dictumst&pede=etiam&ac=faucibus&diam=cursus&cras=urna',8,89,4),('http://mapquest.com/massa.jpg?tellus=consequat&nulla=metus&ut=sapien&erat=ut&id=nunc&mauris=vestibulum&vulputate=ante&elementum=ipsum&nullam=primis&varius=in&nulla=faucibus&facilisi=orci&cras=luctus&non=et&velit=ultrices&nec=posuere&nisi=cubilia&vulputate=curae&nonummy=mauris&maecenas=viverra&tincidunt=diam&lacus=vitae&at=quam&velit=suspendisse&vivamus=potenti&vel=nullam&nulla=porttitor&eget=lacus&eros=at&elementum=turpis&pellentesque=donec&quisque=posuere&porta=metus&volutpat=vitae&erat=ipsum&quisque=aliquam&erat=non&eros=mauris&viverra=morbi&eget=non&congue=lectus&eget=aliquam&semper=sit&rutrum=amet&nulla=diam&nunc=in&purus=magna&phasellus=bibendum&in=imperdiet&felis=nullam&donec=orci&semper=pede&sapien=venenatis&a=non&libero=sodales&nam=sed&dui=tincidunt&proin=eu&leo=felis&odio=fusce&porttitor=posuere&id=felis&consequat=sed&in=lacus&consequat=morbi&ut=sem&nulla=mauris&sed=laoreet&accumsan=ut&felis=rhoncus&ut=aliquet&at=pulvinar&dolor=sed&quis=nisl&odio=nunc&consequat=rhoncus&varius=dui&integer=vel&ac=sem&leo=sed&pellentesque=sagittis&ultrices=nam&mattis=congue&odio=risus&donec=semper&vitae=porta&nisi=volutpat&nam=quam',10,13,1),('http://marriott.com/ligula/in/lacus/curabitur/at/ipsum.jsp?id=aliquet&sapien=at&in=feugiat&sapien=non&iaculis=pretium&congue=quis&vivamus=lectus&metus=suspendisse&arcu=potenti&adipiscing=in&molestie=eleifend&hendrerit=quam&at=a&vulputate=odio&vitae=in&nisl=hac&aenean=habitasse&lectus=platea&pellentesque=dictumst&eget=maecenas&nunc=ut&donec=massa&quis=quis&orci=augue&eget=luctus&orci=tincidunt&vehicula=nulla&condimentum=mollis&curabitur=molestie&in=lorem&libero=quisque&ut=ut&massa=erat&volutpat=curabitur&convallis=gravida&morbi=nisi&odio=at&odio=nibh&elementum=in&eu=hac&interdum=habitasse&eu=platea&tincidunt=dictumst&in=aliquam&leo=augue&maecenas=quam&pulvinar=sollicitudin&lobortis=vitae&est=consectetuer&phasellus=eget&sit=rutrum&amet=at&erat=lorem&nulla=integer&tempus=tincidunt&vivamus=ante&in=vel&felis=ipsum&eu=praesent&sapien=blandit&cursus=lacinia&vestibulum=erat&proin=vestibulum&eu=sed&mi=magna&nulla=at&ac=nunc&enim=commodo',2,12,10),('http://msn.com/justo/nec/condimentum/neque.png?vestibulum=quis&sagittis=augue&sapien=luctus&cum=tincidunt&sociis=nulla&natoque=mollis&penatibus=molestie&et=lorem&magnis=quisque&dis=ut&parturient=erat&montes=curabitur&nascetur=gravida&ridiculus=nisi&mus=at&etiam=nibh&vel=in&augue=hac&vestibulum=habitasse&rutrum=platea&rutrum=dictumst&neque=aliquam&aenean=augue&auctor=quam&gravida=sollicitudin&sem=vitae&praesent=consectetuer&id=eget&massa=rutrum&id=at&nisl=lorem&venenatis=integer&lacinia=tincidunt&aenean=ante&sit=vel&amet=ipsum&justo=praesent&morbi=blandit&ut=lacinia&odio=erat&cras=vestibulum&mi=sed&pede=magna&malesuada=at&in=nunc&imperdiet=commodo&et=placerat&commodo=praesent&vulputate=blandit&justo=nam&in=nulla&blandit=integer&ultrices=pede&enim=justo&lorem=lacinia&ipsum=eget&dolor=tincidunt&sit=eget&amet=tempus&consectetuer=vel&adipiscing=pede&elit=morbi&proin=porttitor&interdum=lorem&mauris=id&non=ligula&ligula=suspendisse&pellentesque=ornare&ultrices=consequat&phasellus=lectus&id=in&sapien=est&in=risus&sapien=auctor&iaculis=sed&congue=tristique&vivamus=in&metus=tempus&arcu=sit',1,9,9),('http://msu.edu/nonummy/integer/non.xml?vel=consectetuer&pede=adipiscing&morbi=elit&porttitor=proin&lorem=interdum&id=mauris&ligula=non&suspendisse=ligula&ornare=pellentesque&consequat=ultrices&lectus=phasellus&in=id&est=sapien&risus=in&auctor=sapien&sed=iaculis&tristique=congue&in=vivamus&tempus=metus&sit=arcu&amet=adipiscing&sem=molestie&fusce=hendrerit&consequat=at&nulla=vulputate&nisl=vitae&nunc=nisl&nisl=aenean&duis=lectus&bibendum=pellentesque&felis=eget&sed=nunc&interdum=donec&venenatis=quis&turpis=orci&enim=eget&blandit=orci&mi=vehicula&in=condimentum&porttitor=curabitur&pede=in&justo=libero&eu=ut&massa=massa&donec=volutpat&dapibus=convallis&duis=morbi&at=odio&velit=odio&eu=elementum&est=eu&congue=interdum&elementum=eu&in=tincidunt&hac=in&habitasse=leo&platea=maecenas&dictumst=pulvinar&morbi=lobortis&vestibulum=est&velit=phasellus&id=sit&pretium=amet&iaculis=erat&diam=nulla&erat=tempus&fermentum=vivamus&justo=in&nec=felis&condimentum=eu&neque=sapien&sapien=cursus&placerat=vestibulum&ante=proin&nulla=eu&justo=mi&aliquam=nulla&quis=ac&turpis=enim&eget=in&elit=tempor&sodales=turpis&scelerisque=nec&mauris=euismod&sit=scelerisque&amet=quam&eros=turpis&suspendisse=adipiscing',10,7,9),('http://npr.org/volutpat.html?mauris=a&enim=pede&leo=posuere&rhoncus=nonummy&sed=integer&vestibulum=non&sit=velit&amet=donec&cursus=diam&id=neque&turpis=vestibulum&integer=eget&aliquet=vulputate&massa=ut&id=ultrices&lobortis=vel&convallis=augue&tortor=vestibulum&risus=ante&dapibus=ipsum&augue=primis&vel=in&accumsan=faucibus&tellus=orci&nisi=luctus&eu=et&orci=ultrices&mauris=posuere&lacinia=cubilia&sapien=curae&quis=donec&libero=pharetra&nullam=magna&sit=vestibulum&amet=aliquet&turpis=ultrices&elementum=erat&ligula=tortor&vehicula=sollicitudin&consequat=mi&morbi=sit&a=amet&ipsum=lobortis&integer=sapien&a=sapien&nibh=non&in=mi&quis=integer&justo=ac&maecenas=neque',10,36,4),('http://ox.ac.uk/montes/nascetur.html?vestibulum=duis&sit=aliquam&amet=convallis&cursus=nunc&id=proin&turpis=at&integer=turpis&aliquet=a&massa=pede&id=posuere&lobortis=nonummy&convallis=integer&tortor=non&risus=velit&dapibus=donec&augue=diam&vel=neque&accumsan=vestibulum&tellus=eget&nisi=vulputate&eu=ut&orci=ultrices&mauris=vel&lacinia=augue&sapien=vestibulum&quis=ante&libero=ipsum&nullam=primis&sit=in&amet=faucibus&turpis=orci&elementum=luctus&ligula=et&vehicula=ultrices&consequat=posuere&morbi=cubilia&a=curae&ipsum=donec&integer=pharetra&a=magna&nibh=vestibulum&in=aliquet&quis=ultrices&justo=erat&maecenas=tortor&rhoncus=sollicitudin&aliquam=mi&lacus=sit&morbi=amet&quis=lobortis&tortor=sapien&id=sapien&nulla=non&ultrices=mi&aliquet=integer&maecenas=ac&leo=neque&odio=duis&condimentum=bibendum&id=morbi&luctus=non&nec=quam&molestie=nec&sed=dui&justo=luctus&pellentesque=rutrum&viverra=nulla&pede=tellus&ac=in&diam=sagittis&cras=dui&pellentesque=vel&volutpat=nisl&dui=duis&maecenas=ac&tristique=nibh&est=fusce&et=lacus&tempus=purus&semper=aliquet&est=at&quam=feugiat&pharetra=non&magna=pretium&ac=quis&consequat=lectus&metus=suspendisse&sapien=potenti&ut=in&nunc=eleifend&vestibulum=quam&ante=a&ipsum=odio&primis=in&in=hac',3,84,6),('http://patch.com/ac/est/lacinia/nisi/venenatis.jsp?ante=proin&vestibulum=eu&ante=mi&ipsum=nulla&primis=ac&in=enim&faucibus=in&orci=tempor&luctus=turpis&et=nec&ultrices=euismod&posuere=scelerisque&cubilia=quam&curae=turpis&duis=adipiscing&faucibus=lorem&accumsan=vitae&odio=mattis&curabitur=nibh&convallis=ligula&duis=nec&consequat=sem&dui=duis&nec=aliquam&nisi=convallis&volutpat=nunc&eleifend=proin&donec=at&ut=turpis&dolor=a&morbi=pede&vel=posuere&lectus=nonummy&in=integer&quam=non&fringilla=velit&rhoncus=donec&mauris=diam&enim=neque&leo=vestibulum&rhoncus=eget&sed=vulputate',10,79,10),('http://php.net/in/hac/habitasse.jpg?libero=eget&nam=congue&dui=eget&proin=semper&leo=rutrum',5,10,3),('http://phpbb.com/commodo/vulputate/justo/in/blandit.aspx?in=praesent&leo=blandit&maecenas=lacinia&pulvinar=erat&lobortis=vestibulum&est=sed&phasellus=magna&sit=at&amet=nunc&erat=commodo&nulla=placerat&tempus=praesent&vivamus=blandit&in=nam&felis=nulla&eu=integer&sapien=pede&cursus=justo&vestibulum=lacinia&proin=eget&eu=tincidunt&mi=eget&nulla=tempus&ac=vel&enim=pede&in=morbi&tempor=porttitor&turpis=lorem&nec=id&euismod=ligula&scelerisque=suspendisse&quam=ornare',8,54,3),('http://psu.edu/quis/libero/nullam/sit/amet/turpis/elementum.xml?tortor=non&duis=quam&mattis=nec&egestas=dui&metus=luctus&aenean=rutrum&fermentum=nulla&donec=tellus&ut=in&mauris=sagittis&eget=dui&massa=vel&tempor=nisl&convallis=duis&nulla=ac&neque=nibh&libero=fusce&convallis=lacus',3,33,7),('http://skype.com/lectus.aspx?mi=a&in=feugiat&porttitor=et&pede=eros&justo=vestibulum&eu=ac&massa=est&donec=lacinia&dapibus=nisi&duis=venenatis&at=tristique&velit=fusce&eu=congue&est=diam&congue=id&elementum=ornare&in=imperdiet&hac=sapien&habitasse=urna&platea=pretium&dictumst=nisl&morbi=ut&vestibulum=volutpat&velit=sapien&id=arcu&pretium=sed&iaculis=augue&diam=aliquam&erat=erat&fermentum=volutpat&justo=in&nec=congue&condimentum=etiam&neque=justo&sapien=etiam&placerat=pretium&ante=iaculis&nulla=justo&justo=in&aliquam=hac&quis=habitasse&turpis=platea&eget=dictumst&elit=etiam&sodales=faucibus&scelerisque=cursus&mauris=urna&sit=ut&amet=tellus&eros=nulla&suspendisse=ut&accumsan=erat&tortor=id&quis=mauris&turpis=vulputate&sed=elementum&ante=nullam&vivamus=varius&tortor=nulla&duis=facilisi&mattis=cras&egestas=non&metus=velit&aenean=nec&fermentum=nisi&donec=vulputate&ut=nonummy&mauris=maecenas&eget=tincidunt&massa=lacus&tempor=at&convallis=velit&nulla=vivamus&neque=vel&libero=nulla&convallis=eget&eget=eros&eleifend=elementum&luctus=pellentesque&ultricies=quisque&eu=porta&nibh=volutpat&quisque=erat&id=quisque&justo=erat',7,2,8),('http://soundcloud.com/ut/erat.js?dictumst=viverra&morbi=eget&vestibulum=congue&velit=eget&id=semper&pretium=rutrum&iaculis=nulla&diam=nunc&erat=purus&fermentum=phasellus&justo=in&nec=felis&condimentum=donec&neque=semper&sapien=sapien&placerat=a&ante=libero&nulla=nam&justo=dui&aliquam=proin&quis=leo&turpis=odio&eget=porttitor&elit=id&sodales=consequat&scelerisque=in&mauris=consequat&sit=ut&amet=nulla&eros=sed&suspendisse=accumsan&accumsan=felis&tortor=ut&quis=at&turpis=dolor&sed=quis&ante=odio&vivamus=consequat&tortor=varius&duis=integer&mattis=ac&egestas=leo&metus=pellentesque&aenean=ultrices&fermentum=mattis&donec=odio&ut=donec&mauris=vitae&eget=nisi&massa=nam&tempor=ultrices&convallis=libero&nulla=non',8,91,9),('http://squidoo.com/natoque/penatibus.js?vel=tempus&sem=vel&sed=pede&sagittis=morbi&nam=porttitor&congue=lorem&risus=id&semper=ligula&porta=suspendisse&volutpat=ornare&quam=consequat&pede=lectus&lobortis=in&ligula=est&sit=risus&amet=auctor&eleifend=sed&pede=tristique&libero=in&quis=tempus&orci=sit&nullam=amet&molestie=sem&nibh=fusce&in=consequat&lectus=nulla&pellentesque=nisl&at=nunc&nulla=nisl&suspendisse=duis&potenti=bibendum&cras=felis&in=sed&purus=interdum&eu=venenatis&magna=turpis&vulputate=enim&luctus=blandit&cum=mi&sociis=in&natoque=porttitor&penatibus=pede&et=justo&magnis=eu&dis=massa&parturient=donec&montes=dapibus&nascetur=duis&ridiculus=at&mus=velit&vivamus=eu',7,87,10),('http://stumbleupon.com/justo.js?in=venenatis&consequat=non&ut=sodales&nulla=sed&sed=tincidunt&accumsan=eu&felis=felis&ut=fusce&at=posuere&dolor=felis&quis=sed&odio=lacus&consequat=morbi&varius=sem&integer=mauris&ac=laoreet&leo=ut&pellentesque=rhoncus&ultrices=aliquet&mattis=pulvinar&odio=sed&donec=nisl&vitae=nunc&nisi=rhoncus&nam=dui&ultrices=vel&libero=sem&non=sed&mattis=sagittis&pulvinar=nam&nulla=congue&pede=risus&ullamcorper=semper&augue=porta&a=volutpat&suscipit=quam&nulla=pede&elit=lobortis&ac=ligula&nulla=sit&sed=amet&vel=eleifend&enim=pede&sit=libero&amet=quis&nunc=orci&viverra=nullam&dapibus=molestie&nulla=nibh&suscipit=in&ligula=lectus&in=pellentesque&lacus=at&curabitur=nulla&at=suspendisse&ipsum=potenti&ac=cras&tellus=in&semper=purus&interdum=eu&mauris=magna&ullamcorper=vulputate&purus=luctus&sit=cum&amet=sociis&nulla=natoque',9,46,4),('http://theatlantic.com/lectus/in/est.js?augue=sollicitudin&vestibulum=mi&rutrum=sit&rutrum=amet&neque=lobortis&aenean=sapien&auctor=sapien&gravida=non&sem=mi&praesent=integer&id=ac&massa=neque&id=duis&nisl=bibendum&venenatis=morbi&lacinia=non&aenean=quam&sit=nec&amet=dui&justo=luctus&morbi=rutrum&ut=nulla&odio=tellus&cras=in&mi=sagittis&pede=dui',2,42,5),('http://theatlantic.com/libero/non.xml?elementum=nullam&nullam=varius&varius=nulla&nulla=facilisi&facilisi=cras&cras=non&non=velit&velit=nec&nec=nisi&nisi=vulputate&vulputate=nonummy&nonummy=maecenas&maecenas=tincidunt&tincidunt=lacus&lacus=at&at=velit&velit=vivamus&vivamus=vel&vel=nulla&nulla=eget&eget=eros&eros=elementum&elementum=pellentesque&pellentesque=quisque&quisque=porta&porta=volutpat&volutpat=erat&erat=quisque&quisque=erat&erat=eros&eros=viverra&viverra=eget&eget=congue&congue=eget&eget=semper&semper=rutrum&rutrum=nulla&nulla=nunc&nunc=purus&purus=phasellus&phasellus=in&in=felis&felis=donec&donec=semper&semper=sapien&sapien=a&a=libero&libero=nam&nam=dui&dui=proin&proin=leo&leo=odio&odio=porttitor',6,34,4),('http://theglobeandmail.com/volutpat/convallis/morbi/odio.jpg?porttitor=enim&lorem=blandit&id=mi&ligula=in&suspendisse=porttitor&ornare=pede&consequat=justo&lectus=eu&in=massa&est=donec&risus=dapibus&auctor=duis&sed=at&tristique=velit&in=eu&tempus=est&sit=congue&amet=elementum&sem=in&fusce=hac&consequat=habitasse&nulla=platea&nisl=dictumst&nunc=morbi&nisl=vestibulum&duis=velit&bibendum=id&felis=pretium&sed=iaculis&interdum=diam&venenatis=erat&turpis=fermentum&enim=justo&blandit=nec&mi=condimentum&in=neque&porttitor=sapien&pede=placerat&justo=ante&eu=nulla&massa=justo&donec=aliquam&dapibus=quis&duis=turpis&at=eget&velit=elit&eu=sodales&est=scelerisque&congue=mauris&elementum=sit&in=amet&hac=eros&habitasse=suspendisse&platea=accumsan&dictumst=tortor&morbi=quis&vestibulum=turpis&velit=sed&id=ante&pretium=vivamus&iaculis=tortor&diam=duis&erat=mattis&fermentum=egestas&justo=metus&nec=aenean&condimentum=fermentum&neque=donec&sapien=ut&placerat=mauris&ante=eget&nulla=massa&justo=tempor&aliquam=convallis&quis=nulla&turpis=neque&eget=libero&elit=convallis&sodales=eget&scelerisque=eleifend&mauris=luctus&sit=ultricies&amet=eu&eros=nibh&suspendisse=quisque&accumsan=id&tortor=justo&quis=sit&turpis=amet&sed=sapien&ante=dignissim',3,39,10),('http://tripod.com/rutrum.jpg?ultrices=felis&vel=ut&augue=at&vestibulum=dolor&ante=quis&ipsum=odio&primis=consequat&in=varius&faucibus=integer&orci=ac&luctus=leo&et=pellentesque&ultrices=ultrices&posuere=mattis&cubilia=odio&curae=donec&donec=vitae&pharetra=nisi&magna=nam&vestibulum=ultrices&aliquet=libero&ultrices=non&erat=mattis&tortor=pulvinar&sollicitudin=nulla&mi=pede&sit=ullamcorper&amet=augue&lobortis=a&sapien=suscipit&sapien=nulla&non=elit&mi=ac&integer=nulla&ac=sed&neque=vel&duis=enim&bibendum=sit&morbi=amet&non=nunc&quam=viverra&nec=dapibus&dui=nulla&luctus=suscipit&rutrum=ligula&nulla=in&tellus=lacus&in=curabitur&sagittis=at&dui=ipsum&vel=ac&nisl=tellus&duis=semper&ac=interdum&nibh=mauris&fusce=ullamcorper&lacus=purus&purus=sit&aliquet=amet&at=nulla&feugiat=quisque&non=arcu&pretium=libero&quis=rutrum&lectus=ac&suspendisse=lobortis&potenti=vel',4,8,5),('http://ucla.edu/tortor/duis/mattis/egestas.jpg?id=lacinia&luctus=erat&nec=vestibulum&molestie=sed&sed=magna&justo=at&pellentesque=nunc&viverra=commodo&pede=placerat&ac=praesent&diam=blandit&cras=nam&pellentesque=nulla&volutpat=integer',8,8,2),('http://usda.gov/porta/volutpat/erat.html?in=quis&sagittis=augue&dui=luctus&vel=tincidunt&nisl=nulla&duis=mollis&ac=molestie&nibh=lorem&fusce=quisque&lacus=ut&purus=erat&aliquet=curabitur&at=gravida&feugiat=nisi&non=at&pretium=nibh&quis=in&lectus=hac&suspendisse=habitasse&potenti=platea&in=dictumst&eleifend=aliquam&quam=augue&a=quam&odio=sollicitudin&in=vitae&hac=consectetuer',7,54,2),('http://vistaprint.com/suspendisse/ornare/consequat/lectus/in.jpg?nulla=blandit&tellus=non&in=interdum&sagittis=in&dui=ante&vel=vestibulum&nisl=ante&duis=ipsum&ac=primis&nibh=in&fusce=faucibus&lacus=orci&purus=luctus&aliquet=et&at=ultrices&feugiat=posuere&non=cubilia&pretium=curae&quis=duis&lectus=faucibus&suspendisse=accumsan&potenti=odio&in=curabitur&eleifend=convallis&quam=duis&a=consequat&odio=dui&in=nec&hac=nisi&habitasse=volutpat&platea=eleifend&dictumst=donec&maecenas=ut&ut=dolor&massa=morbi&quis=vel&augue=lectus&luctus=in&tincidunt=quam&nulla=fringilla&mollis=rhoncus&molestie=mauris&lorem=enim&quisque=leo&ut=rhoncus&erat=sed&curabitur=vestibulum&gravida=sit&nisi=amet&at=cursus&nibh=id&in=turpis&hac=integer&habitasse=aliquet&platea=massa&dictumst=id&aliquam=lobortis&augue=convallis&quam=tortor&sollicitudin=risus&vitae=dapibus&consectetuer=augue&eget=vel&rutrum=accumsan&at=tellus&lorem=nisi&integer=eu&tincidunt=orci&ante=mauris&vel=lacinia&ipsum=sapien&praesent=quis&blandit=libero&lacinia=nullam&erat=sit&vestibulum=amet&sed=turpis&magna=elementum&at=ligula&nunc=vehicula&commodo=consequat&placerat=morbi',8,92,4),('http://vkontakte.ru/volutpat/sapien.jpg?justo=in&sollicitudin=felis&ut=donec&suscipit=semper&a=sapien&feugiat=a&et=libero&eros=nam&vestibulum=dui&ac=proin&est=leo&lacinia=odio&nisi=porttitor&venenatis=id&tristique=consequat&fusce=in&congue=consequat&diam=ut&id=nulla&ornare=sed&imperdiet=accumsan&sapien=felis&urna=ut&pretium=at&nisl=dolor&ut=quis&volutpat=odio&sapien=consequat&arcu=varius&sed=integer&augue=ac&aliquam=leo&erat=pellentesque&volutpat=ultrices&in=mattis&congue=odio&etiam=donec&justo=vitae&etiam=nisi&pretium=nam&iaculis=ultrices&justo=libero&in=non&hac=mattis&habitasse=pulvinar&platea=nulla&dictumst=pede&etiam=ullamcorper&faucibus=augue&cursus=a&urna=suscipit&ut=nulla&tellus=elit&nulla=ac&ut=nulla&erat=sed&id=vel&mauris=enim',10,45,3),('http://w3.org/ullamcorper/augue/a/suscipit/nulla/elit/ac.json?pellentesque=orci&volutpat=nullam&dui=molestie&maecenas=nibh&tristique=in&est=lectus&et=pellentesque&tempus=at&semper=nulla&est=suspendisse&quam=potenti&pharetra=cras&magna=in&ac=purus&consequat=eu&metus=magna&sapien=vulputate&ut=luctus&nunc=cum&vestibulum=sociis&ante=natoque&ipsum=penatibus&primis=et&in=magnis&faucibus=dis&orci=parturient&luctus=montes&et=nascetur&ultrices=ridiculus&posuere=mus&cubilia=vivamus&curae=vestibulum&mauris=sagittis&viverra=sapien&diam=cum&vitae=sociis&quam=natoque&suspendisse=penatibus&potenti=et',5,67,7),('http://webs.com/ut/dolor/morbi/vel/lectus/in.png?congue=diam&eget=vitae&semper=quam&rutrum=suspendisse&nulla=potenti&nunc=nullam&purus=porttitor&phasellus=lacus&in=at&felis=turpis&donec=donec&semper=posuere&sapien=metus&a=vitae&libero=ipsum&nam=aliquam&dui=non&proin=mauris&leo=morbi&odio=non&porttitor=lectus&id=aliquam&consequat=sit&in=amet&consequat=diam&ut=in&nulla=magna&sed=bibendum&accumsan=imperdiet&felis=nullam&ut=orci&at=pede&dolor=venenatis&quis=non',8,49,7),('http://weebly.com/venenatis/lacinia/aenean/sit/amet.aspx?ac=morbi&neque=quis&duis=tortor&bibendum=id&morbi=nulla&non=ultrices&quam=aliquet&nec=maecenas&dui=leo&luctus=odio&rutrum=condimentum&nulla=id&tellus=luctus&in=nec&sagittis=molestie&dui=sed&vel=justo&nisl=pellentesque&duis=viverra&ac=pede&nibh=ac&fusce=diam&lacus=cras&purus=pellentesque&aliquet=volutpat&at=dui&feugiat=maecenas&non=tristique&pretium=est&quis=et&lectus=tempus&suspendisse=semper&potenti=est&in=quam&eleifend=pharetra&quam=magna&a=ac&odio=consequat&in=metus&hac=sapien&habitasse=ut&platea=nunc&dictumst=vestibulum',9,47,5),('http://woothemes.com/id/ornare/imperdiet/sapien/urna/pretium/nisl.jsp?sapien=potenti&urna=in&pretium=eleifend&nisl=quam&ut=a&volutpat=odio&sapien=in&arcu=hac&sed=habitasse&augue=platea&aliquam=dictumst&erat=maecenas&volutpat=ut&in=massa&congue=quis&etiam=augue&justo=luctus&etiam=tincidunt&pretium=nulla&iaculis=mollis&justo=molestie&in=lorem&hac=quisque&habitasse=ut&platea=erat&dictumst=curabitur&etiam=gravida&faucibus=nisi&cursus=at&urna=nibh&ut=in&tellus=hac&nulla=habitasse&ut=platea&erat=dictumst&id=aliquam&mauris=augue&vulputate=quam&elementum=sollicitudin&nullam=vitae&varius=consectetuer&nulla=eget&facilisi=rutrum&cras=at&non=lorem&velit=integer&nec=tincidunt&nisi=ante&vulputate=vel&nonummy=ipsum&maecenas=praesent&tincidunt=blandit&lacus=lacinia&at=erat&velit=vestibulum&vivamus=sed&vel=magna&nulla=at&eget=nunc&eros=commodo&elementum=placerat&pellentesque=praesent&quisque=blandit',10,41,1),('http://zimbio.com/in/faucibus/orci/luctus/et/ultrices.jpg?faucibus=magnis&orci=dis&luctus=parturient&et=montes&ultrices=nascetur&posuere=ridiculus&cubilia=mus&curae=etiam&mauris=vel&viverra=augue',10,42,1),('https://about.com/vel/augue/vestibulum/ante.jpg?cras=aliquet&non=pulvinar&velit=sed&nec=nisl&nisi=nunc&vulputate=rhoncus&nonummy=dui&maecenas=vel&tincidunt=sem&lacus=sed&at=sagittis&velit=nam&vivamus=congue&vel=risus&nulla=semper&eget=porta&eros=volutpat&elementum=quam&pellentesque=pede&quisque=lobortis&porta=ligula&volutpat=sit&erat=amet',2,79,1),('https://accuweather.com/quam/nec/dui/luctus.xml?ornare=adipiscing&consequat=molestie&lectus=hendrerit&in=at&est=vulputate&risus=vitae&auctor=nisl&sed=aenean&tristique=lectus&in=pellentesque&tempus=eget&sit=nunc&amet=donec&sem=quis&fusce=orci&consequat=eget&nulla=orci&nisl=vehicula&nunc=condimentum&nisl=curabitur&duis=in&bibendum=libero&felis=ut&sed=massa&interdum=volutpat&venenatis=convallis&turpis=morbi&enim=odio&blandit=odio&mi=elementum&in=eu&porttitor=interdum&pede=eu&justo=tincidunt',10,33,6),('https://admin.ch/id.aspx?nulla=et&integer=eros&pede=vestibulum&justo=ac&lacinia=est&eget=lacinia&tincidunt=nisi&eget=venenatis&tempus=tristique&vel=fusce&pede=congue&morbi=diam',5,88,2),('https://admin.ch/quis/lectus/suspendisse/potenti/in/eleifend.xml?eu=ut&est=erat&congue=id&elementum=mauris&in=vulputate&hac=elementum&habitasse=nullam&platea=varius&dictumst=nulla&morbi=facilisi&vestibulum=cras&velit=non&id=velit&pretium=nec&iaculis=nisi&diam=vulputate&erat=nonummy&fermentum=maecenas',3,4,4),('https://barnesandnoble.com/lobortis/est/phasellus.jsp?condimentum=in&curabitur=felis&in=eu&libero=sapien&ut=cursus&massa=vestibulum&volutpat=proin&convallis=eu&morbi=mi&odio=nulla&odio=ac&elementum=enim&eu=in&interdum=tempor&eu=turpis&tincidunt=nec&in=euismod&leo=scelerisque&maecenas=quam&pulvinar=turpis&lobortis=adipiscing&est=lorem&phasellus=vitae&sit=mattis',10,93,2),('https://barnesandnoble.com/vehicula.aspx?vestibulum=at&proin=nulla&eu=suspendisse&mi=potenti&nulla=cras&ac=in&enim=purus&in=eu&tempor=magna&turpis=vulputate&nec=luctus&euismod=cum&scelerisque=sociis&quam=natoque&turpis=penatibus&adipiscing=et&lorem=magnis&vitae=dis&mattis=parturient&nibh=montes&ligula=nascetur&nec=ridiculus&sem=mus&duis=vivamus&aliquam=vestibulum&convallis=sagittis&nunc=sapien&proin=cum&at=sociis&turpis=natoque&a=penatibus&pede=et&posuere=magnis&nonummy=dis&integer=parturient&non=montes&velit=nascetur&donec=ridiculus&diam=mus&neque=etiam&vestibulum=vel&eget=augue&vulputate=vestibulum&ut=rutrum&ultrices=rutrum&vel=neque&augue=aenean&vestibulum=auctor&ante=gravida&ipsum=sem&primis=praesent&in=id&faucibus=massa&orci=id&luctus=nisl&et=venenatis&ultrices=lacinia&posuere=aenean&cubilia=sit&curae=amet&donec=justo&pharetra=morbi&magna=ut&vestibulum=odio&aliquet=cras&ultrices=mi&erat=pede&tortor=malesuada&sollicitudin=in&mi=imperdiet&sit=et&amet=commodo&lobortis=vulputate&sapien=justo&sapien=in&non=blandit&mi=ultrices&integer=enim&ac=lorem&neque=ipsum&duis=dolor&bibendum=sit&morbi=amet&non=consectetuer&quam=adipiscing&nec=elit&dui=proin&luctus=interdum&rutrum=mauris&nulla=non&tellus=ligula&in=pellentesque&sagittis=ultrices&dui=phasellus&vel=id&nisl=sapien&duis=in&ac=sapien&nibh=iaculis&fusce=congue',10,99,7),('https://berkeley.edu/et/commodo/vulputate/justo/in/blandit/ultrices.js?sit=orci&amet=luctus&turpis=et&elementum=ultrices&ligula=posuere&vehicula=cubilia&consequat=curae&morbi=donec&a=pharetra&ipsum=magna&integer=vestibulum&a=aliquet&nibh=ultrices&in=erat&quis=tortor&justo=sollicitudin&maecenas=mi&rhoncus=sit&aliquam=amet&lacus=lobortis&morbi=sapien&quis=sapien&tortor=non&id=mi&nulla=integer&ultrices=ac&aliquet=neque&maecenas=duis&leo=bibendum&odio=morbi&condimentum=non&id=quam&luctus=nec&nec=dui&molestie=luctus&sed=rutrum&justo=nulla&pellentesque=tellus&viverra=in&pede=sagittis&ac=dui&diam=vel&cras=nisl&pellentesque=duis&volutpat=ac&dui=nibh&maecenas=fusce&tristique=lacus&est=purus&et=aliquet&tempus=at&semper=feugiat&est=non&quam=pretium&pharetra=quis&magna=lectus&ac=suspendisse&consequat=potenti&metus=in&sapien=eleifend&ut=quam&nunc=a&vestibulum=odio&ante=in&ipsum=hac&primis=habitasse&in=platea&faucibus=dictumst&orci=maecenas&luctus=ut&et=massa&ultrices=quis',3,66,7),('https://bigcartel.com/magna/ac.png?ipsum=cum&primis=sociis&in=natoque&faucibus=penatibus&orci=et&luctus=magnis&et=dis&ultrices=parturient',8,97,7),('https://bing.com/pede/justo/eu/massa.html?at=elit&nibh=proin&in=risus&hac=praesent&habitasse=lectus&platea=vestibulum&dictumst=quam&aliquam=sapien&augue=varius&quam=ut&sollicitudin=blandit&vitae=non&consectetuer=interdum&eget=in&rutrum=ante&at=vestibulum&lorem=ante&integer=ipsum&tincidunt=primis&ante=in&vel=faucibus&ipsum=orci&praesent=luctus&blandit=et&lacinia=ultrices&erat=posuere&vestibulum=cubilia&sed=curae&magna=duis',6,67,9),('https://blinklist.com/venenatis/turpis.jsp?sed=nulla&interdum=justo',2,26,1),('https://buzzfeed.com/duis.aspx?cras=vestibulum&non=eget&velit=vulputate&nec=ut&nisi=ultrices&vulputate=vel&nonummy=augue&maecenas=vestibulum&tincidunt=ante&lacus=ipsum&at=primis&velit=in&vivamus=faucibus&vel=orci&nulla=luctus&eget=et&eros=ultrices&elementum=posuere&pellentesque=cubilia&quisque=curae&porta=donec&volutpat=pharetra&erat=magna&quisque=vestibulum&erat=aliquet&eros=ultrices&viverra=erat&eget=tortor&congue=sollicitudin&eget=mi&semper=sit&rutrum=amet&nulla=lobortis&nunc=sapien&purus=sapien&phasellus=non&in=mi&felis=integer&donec=ac&semper=neque&sapien=duis&a=bibendum&libero=morbi&nam=non&dui=quam&proin=nec&leo=dui&odio=luctus&porttitor=rutrum&id=nulla&consequat=tellus&in=in&consequat=sagittis&ut=dui&nulla=vel&sed=nisl&accumsan=duis&felis=ac&ut=nibh&at=fusce&dolor=lacus&quis=purus&odio=aliquet&consequat=at&varius=feugiat&integer=non&ac=pretium&leo=quis&pellentesque=lectus&ultrices=suspendisse&mattis=potenti&odio=in&donec=eleifend&vitae=quam&nisi=a&nam=odio&ultrices=in&libero=hac&non=habitasse&mattis=platea&pulvinar=dictumst&nulla=maecenas&pede=ut&ullamcorper=massa&augue=quis',8,3,5),('https://cdc.gov/eleifend/quam/a/odio/in.jsp?risus=ut&semper=odio&porta=cras&volutpat=mi&quam=pede&pede=malesuada&lobortis=in&ligula=imperdiet&sit=et&amet=commodo&eleifend=vulputate&pede=justo&libero=in&quis=blandit&orci=ultrices&nullam=enim&molestie=lorem&nibh=ipsum&in=dolor&lectus=sit&pellentesque=amet&at=consectetuer&nulla=adipiscing&suspendisse=elit&potenti=proin&cras=interdum&in=mauris&purus=non&eu=ligula&magna=pellentesque&vulputate=ultrices&luctus=phasellus&cum=id&sociis=sapien&natoque=in&penatibus=sapien&et=iaculis&magnis=congue&dis=vivamus&parturient=metus&montes=arcu',9,71,3),('https://cmu.edu/vitae/nisi/nam.js?cursus=mattis&urna=pulvinar&ut=nulla&tellus=pede&nulla=ullamcorper&ut=augue&erat=a&id=suscipit&mauris=nulla&vulputate=elit&elementum=ac&nullam=nulla&varius=sed&nulla=vel&facilisi=enim&cras=sit&non=amet&velit=nunc&nec=viverra&nisi=dapibus&vulputate=nulla&nonummy=suscipit&maecenas=ligula&tincidunt=in&lacus=lacus&at=curabitur&velit=at&vivamus=ipsum&vel=ac&nulla=tellus&eget=semper&eros=interdum&elementum=mauris&pellentesque=ullamcorper&quisque=purus&porta=sit&volutpat=amet&erat=nulla&quisque=quisque&erat=arcu&eros=libero&viverra=rutrum&eget=ac&congue=lobortis&eget=vel&semper=dapibus&rutrum=at&nulla=diam&nunc=nam&purus=tristique',7,9,10),('https://columbia.edu/ac/enim/in/tempor/turpis/nec/euismod.html?a=libero&pede=nullam&posuere=sit&nonummy=amet&integer=turpis&non=elementum&velit=ligula&donec=vehicula&diam=consequat&neque=morbi&vestibulum=a&eget=ipsum&vulputate=integer&ut=a&ultrices=nibh&vel=in&augue=quis&vestibulum=justo&ante=maecenas&ipsum=rhoncus&primis=aliquam&in=lacus&faucibus=morbi&orci=quis&luctus=tortor&et=id&ultrices=nulla&posuere=ultrices&cubilia=aliquet&curae=maecenas&donec=leo&pharetra=odio&magna=condimentum&vestibulum=id&aliquet=luctus&ultrices=nec&erat=molestie&tortor=sed&sollicitudin=justo&mi=pellentesque&sit=viverra&amet=pede&lobortis=ac&sapien=diam&sapien=cras&non=pellentesque&mi=volutpat&integer=dui&ac=maecenas&neque=tristique&duis=est&bibendum=et&morbi=tempus&non=semper&quam=est&nec=quam&dui=pharetra&luctus=magna&rutrum=ac&nulla=consequat&tellus=metus&in=sapien&sagittis=ut&dui=nunc&vel=vestibulum&nisl=ante&duis=ipsum&ac=primis&nibh=in&fusce=faucibus',6,77,3),('https://columbia.edu/in/libero/ut/massa/volutpat/convallis/morbi.aspx?in=pharetra&sagittis=magna&dui=ac&vel=consequat&nisl=metus&duis=sapien&ac=ut&nibh=nunc&fusce=vestibulum&lacus=ante&purus=ipsum&aliquet=primis&at=in&feugiat=faucibus&non=orci&pretium=luctus&quis=et&lectus=ultrices&suspendisse=posuere&potenti=cubilia&in=curae&eleifend=mauris&quam=viverra&a=diam&odio=vitae&in=quam&hac=suspendisse&habitasse=potenti&platea=nullam&dictumst=porttitor&maecenas=lacus&ut=at&massa=turpis&quis=donec&augue=posuere&luctus=metus&tincidunt=vitae&nulla=ipsum&mollis=aliquam&molestie=non&lorem=mauris&quisque=morbi&ut=non&erat=lectus&curabitur=aliquam&gravida=sit&nisi=amet&at=diam&nibh=in&in=magna&hac=bibendum&habitasse=imperdiet&platea=nullam&dictumst=orci&aliquam=pede&augue=venenatis&quam=non&sollicitudin=sodales&vitae=sed&consectetuer=tincidunt&eget=eu&rutrum=felis&at=fusce&lorem=posuere&integer=felis&tincidunt=sed&ante=lacus&vel=morbi&ipsum=sem&praesent=mauris&blandit=laoreet&lacinia=ut&erat=rhoncus&vestibulum=aliquet',7,17,3),('https://comsenz.com/id/ornare/imperdiet/sapien/urna.aspx?erat=interdum&fermentum=mauris&justo=non&nec=ligula&condimentum=pellentesque&neque=ultrices&sapien=phasellus&placerat=id&ante=sapien&nulla=in',8,60,8),('https://constantcontact.com/vestibulum/aliquet/ultrices/erat.html?aliquet=blandit&maecenas=nam&leo=nulla&odio=integer&condimentum=pede&id=justo&luctus=lacinia&nec=eget&molestie=tincidunt&sed=eget&justo=tempus&pellentesque=vel&viverra=pede&pede=morbi&ac=porttitor&diam=lorem&cras=id&pellentesque=ligula&volutpat=suspendisse&dui=ornare&maecenas=consequat&tristique=lectus&est=in&et=est&tempus=risus&semper=auctor&est=sed&quam=tristique&pharetra=in&magna=tempus&ac=sit&consequat=amet&metus=sem&sapien=fusce&ut=consequat&nunc=nulla&vestibulum=nisl&ante=nunc&ipsum=nisl&primis=duis&in=bibendum&faucibus=felis&orci=sed&luctus=interdum&et=venenatis',9,49,9),('https://dailymotion.com/platea/dictumst.jpg?sit=in&amet=blandit&diam=ultrices&in=enim&magna=lorem&bibendum=ipsum&imperdiet=dolor&nullam=sit&orci=amet&pede=consectetuer&venenatis=adipiscing&non=elit&sodales=proin&sed=interdum&tincidunt=mauris&eu=non&felis=ligula&fusce=pellentesque&posuere=ultrices&felis=phasellus&sed=id&lacus=sapien&morbi=in&sem=sapien&mauris=iaculis&laoreet=congue&ut=vivamus&rhoncus=metus&aliquet=arcu&pulvinar=adipiscing&sed=molestie&nisl=hendrerit&nunc=at&rhoncus=vulputate&dui=vitae&vel=nisl&sem=aenean&sed=lectus&sagittis=pellentesque&nam=eget&congue=nunc',2,36,4),('https://digg.com/diam/nam/tristique.aspx?sodales=congue&scelerisque=elementum&mauris=in&sit=hac&amet=habitasse&eros=platea&suspendisse=dictumst&accumsan=morbi&tortor=vestibulum&quis=velit&turpis=id&sed=pretium&ante=iaculis&vivamus=diam&tortor=erat&duis=fermentum&mattis=justo&egestas=nec&metus=condimentum&aenean=neque&fermentum=sapien&donec=placerat&ut=ante&mauris=nulla',1,100,3),('https://ed.gov/suspendisse/potenti/in.xml?id=viverra&sapien=eget&in=congue&sapien=eget&iaculis=semper&congue=rutrum&vivamus=nulla&metus=nunc&arcu=purus&adipiscing=phasellus&molestie=in&hendrerit=felis&at=donec&vulputate=semper&vitae=sapien&nisl=a&aenean=libero&lectus=nam&pellentesque=dui&eget=proin&nunc=leo&donec=odio&quis=porttitor&orci=id&eget=consequat&orci=in&vehicula=consequat&condimentum=ut&curabitur=nulla&in=sed&libero=accumsan&ut=felis&massa=ut&volutpat=at&convallis=dolor&morbi=quis&odio=odio&odio=consequat&elementum=varius&eu=integer&interdum=ac&eu=leo&tincidunt=pellentesque&in=ultrices&leo=mattis&maecenas=odio&pulvinar=donec&lobortis=vitae&est=nisi&phasellus=nam&sit=ultrices&amet=libero&erat=non&nulla=mattis&tempus=pulvinar&vivamus=nulla&in=pede&felis=ullamcorper&eu=augue&sapien=a&cursus=suscipit&vestibulum=nulla&proin=elit&eu=ac&mi=nulla&nulla=sed&ac=vel&enim=enim&in=sit&tempor=amet&turpis=nunc&nec=viverra&euismod=dapibus&scelerisque=nulla&quam=suscipit&turpis=ligula',7,71,2),('https://eepurl.com/nunc/proin.jpg?sed=cursus&vestibulum=urna&sit=ut&amet=tellus&cursus=nulla&id=ut&turpis=erat&integer=id&aliquet=mauris&massa=vulputate&id=elementum&lobortis=nullam&convallis=varius&tortor=nulla&risus=facilisi&dapibus=cras&augue=non&vel=velit&accumsan=nec&tellus=nisi&nisi=vulputate&eu=nonummy&orci=maecenas&mauris=tincidunt&lacinia=lacus&sapien=at&quis=velit&libero=vivamus&nullam=vel&sit=nulla&amet=eget&turpis=eros&elementum=elementum&ligula=pellentesque&vehicula=quisque&consequat=porta&morbi=volutpat&a=erat&ipsum=quisque&integer=erat&a=eros&nibh=viverra&in=eget',8,66,3),('https://elegantthemes.com/nisi.jpg?mattis=velit&nibh=vivamus&ligula=vel&nec=nulla&sem=eget&duis=eros&aliquam=elementum&convallis=pellentesque&nunc=quisque&proin=porta&at=volutpat&turpis=erat&a=quisque&pede=erat&posuere=eros&nonummy=viverra&integer=eget&non=congue&velit=eget&donec=semper&diam=rutrum&neque=nulla&vestibulum=nunc&eget=purus&vulputate=phasellus&ut=in&ultrices=felis&vel=donec&augue=semper&vestibulum=sapien&ante=a&ipsum=libero&primis=nam&in=dui&faucibus=proin&orci=leo&luctus=odio&et=porttitor&ultrices=id&posuere=consequat&cubilia=in&curae=consequat&donec=ut&pharetra=nulla&magna=sed&vestibulum=accumsan&aliquet=felis&ultrices=ut&erat=at&tortor=dolor&sollicitudin=quis&mi=odio&sit=consequat&amet=varius&lobortis=integer',10,43,6),('https://examiner.com/donec.html?tristique=venenatis&est=tristique&et=fusce&tempus=congue&semper=diam',10,30,6),('https://fda.gov/vel/ipsum/praesent/blandit.js?urna=cubilia&pretium=curae&nisl=nulla&ut=dapibus&volutpat=dolor&sapien=vel&arcu=est&sed=donec&augue=odio&aliquam=justo&erat=sollicitudin&volutpat=ut&in=suscipit&congue=a&etiam=feugiat&justo=et&etiam=eros&pretium=vestibulum&iaculis=ac&justo=est&in=lacinia&hac=nisi&habitasse=venenatis&platea=tristique&dictumst=fusce&etiam=congue&faucibus=diam&cursus=id&urna=ornare&ut=imperdiet&tellus=sapien&nulla=urna&ut=pretium&erat=nisl&id=ut&mauris=volutpat&vulputate=sapien&elementum=arcu&nullam=sed&varius=augue&nulla=aliquam&facilisi=erat&cras=volutpat&non=in&velit=congue&nec=etiam&nisi=justo&vulputate=etiam&nonummy=pretium&maecenas=iaculis&tincidunt=justo&lacus=in&at=hac&velit=habitasse&vivamus=platea&vel=dictumst&nulla=etiam&eget=faucibus&eros=cursus&elementum=urna&pellentesque=ut&quisque=tellus&porta=nulla&volutpat=ut&erat=erat',4,35,1),('https://gmpg.org/morbi/sem/mauris.jsp?quam=in',2,74,6),('https://goo.gl/turpis/elementum.html?dui=consequat&luctus=ut&rutrum=nulla&nulla=sed&tellus=accumsan&in=felis&sagittis=ut&dui=at&vel=dolor&nisl=quis&duis=odio&ac=consequat&nibh=varius&fusce=integer&lacus=ac&purus=leo&aliquet=pellentesque',7,66,8),('https://google.cn/vitae.jsp?mauris=lacinia&sit=erat&amet=vestibulum&eros=sed&suspendisse=magna&accumsan=at&tortor=nunc&quis=commodo&turpis=placerat&sed=praesent&ante=blandit&vivamus=nam&tortor=nulla&duis=integer&mattis=pede&egestas=justo&metus=lacinia&aenean=eget',8,10,9),('https://hibu.com/praesent/lectus/vestibulum/quam/sapien/varius/ut.html?tortor=in&risus=est&dapibus=risus&augue=auctor&vel=sed&accumsan=tristique&tellus=in&nisi=tempus&eu=sit&orci=amet&mauris=sem&lacinia=fusce&sapien=consequat&quis=nulla&libero=nisl&nullam=nunc&sit=nisl&amet=duis&turpis=bibendum&elementum=felis&ligula=sed&vehicula=interdum&consequat=venenatis&morbi=turpis&a=enim&ipsum=blandit&integer=mi&a=in&nibh=porttitor&in=pede&quis=justo&justo=eu&maecenas=massa&rhoncus=donec&aliquam=dapibus&lacus=duis&morbi=at&quis=velit&tortor=eu&id=est&nulla=congue&ultrices=elementum&aliquet=in&maecenas=hac&leo=habitasse&odio=platea&condimentum=dictumst&id=morbi&luctus=vestibulum&nec=velit&molestie=id&sed=pretium&justo=iaculis&pellentesque=diam&viverra=erat&pede=fermentum&ac=justo&diam=nec&cras=condimentum&pellentesque=neque&volutpat=sapien&dui=placerat&maecenas=ante&tristique=nulla&est=justo&et=aliquam&tempus=quis&semper=turpis&est=eget&quam=elit&pharetra=sodales&magna=scelerisque&ac=mauris&consequat=sit&metus=amet&sapien=eros&ut=suspendisse&nunc=accumsan',9,62,7),('https://icio.us/congue/eget.png?faucibus=mauris&accumsan=viverra&odio=diam&curabitur=vitae&convallis=quam&duis=suspendisse&consequat=potenti&dui=nullam&nec=porttitor&nisi=lacus&volutpat=at&eleifend=turpis&donec=donec&ut=posuere&dolor=metus&morbi=vitae&vel=ipsum&lectus=aliquam&in=non&quam=mauris&fringilla=morbi&rhoncus=non&mauris=lectus&enim=aliquam&leo=sit&rhoncus=amet&sed=diam&vestibulum=in&sit=magna&amet=bibendum&cursus=imperdiet&id=nullam&turpis=orci&integer=pede&aliquet=venenatis&massa=non&id=sodales&lobortis=sed&convallis=tincidunt&tortor=eu&risus=felis&dapibus=fusce&augue=posuere&vel=felis&accumsan=sed&tellus=lacus&nisi=morbi&eu=sem&orci=mauris&mauris=laoreet&lacinia=ut&sapien=rhoncus&quis=aliquet&libero=pulvinar&nullam=sed&sit=nisl&amet=nunc&turpis=rhoncus&elementum=dui&ligula=vel&vehicula=sem&consequat=sed&morbi=sagittis&a=nam&ipsum=congue&integer=risus&a=semper&nibh=porta&in=volutpat&quis=quam&justo=pede&maecenas=lobortis&rhoncus=ligula&aliquam=sit&lacus=amet&morbi=eleifend&quis=pede&tortor=libero&id=quis&nulla=orci&ultrices=nullam&aliquet=molestie&maecenas=nibh&leo=in&odio=lectus&condimentum=pellentesque&id=at&luctus=nulla&nec=suspendisse',4,78,3),('https://independent.co.uk/est/congue/elementum/in.jpg?nibh=justo&in=in&lectus=blandit&pellentesque=ultrices&at=enim&nulla=lorem&suspendisse=ipsum&potenti=dolor&cras=sit&in=amet&purus=consectetuer&eu=adipiscing&magna=elit&vulputate=proin&luctus=interdum&cum=mauris&sociis=non&natoque=ligula&penatibus=pellentesque&et=ultrices&magnis=phasellus&dis=id&parturient=sapien&montes=in&nascetur=sapien&ridiculus=iaculis&mus=congue&vivamus=vivamus&vestibulum=metus&sagittis=arcu&sapien=adipiscing&cum=molestie&sociis=hendrerit&natoque=at&penatibus=vulputate&et=vitae&magnis=nisl&dis=aenean&parturient=lectus&montes=pellentesque&nascetur=eget&ridiculus=nunc&mus=donec&etiam=quis&vel=orci&augue=eget&vestibulum=orci&rutrum=vehicula&rutrum=condimentum&neque=curabitur&aenean=in&auctor=libero&gravida=ut&sem=massa&praesent=volutpat&id=convallis&massa=morbi&id=odio&nisl=odio&venenatis=elementum&lacinia=eu&aenean=interdum&sit=eu&amet=tincidunt&justo=in&morbi=leo&ut=maecenas&odio=pulvinar&cras=lobortis&mi=est&pede=phasellus&malesuada=sit&in=amet&imperdiet=erat&et=nulla&commodo=tempus&vulputate=vivamus&justo=in&in=felis&blandit=eu&ultrices=sapien&enim=cursus&lorem=vestibulum&ipsum=proin&dolor=eu&sit=mi&amet=nulla',9,68,4),('https://joomla.org/blandit/mi/in/porttitor/pede.html?eros=congue&suspendisse=elementum&accumsan=in&tortor=hac&quis=habitasse&turpis=platea&sed=dictumst&ante=morbi&vivamus=vestibulum&tortor=velit&duis=id&mattis=pretium&egestas=iaculis&metus=diam&aenean=erat&fermentum=fermentum&donec=justo&ut=nec&mauris=condimentum&eget=neque&massa=sapien&tempor=placerat&convallis=ante&nulla=nulla&neque=justo&libero=aliquam&convallis=quis&eget=turpis&eleifend=eget&luctus=elit&ultricies=sodales&eu=scelerisque&nibh=mauris&quisque=sit&id=amet&justo=eros&sit=suspendisse&amet=accumsan&sapien=tortor&dignissim=quis&vestibulum=turpis&vestibulum=sed&ante=ante&ipsum=vivamus&primis=tortor&in=duis&faucibus=mattis&orci=egestas&luctus=metus&et=aenean&ultrices=fermentum',5,36,3),('https://linkedin.com/lectus/pellentesque/at/nulla/suspendisse.jsp?eleifend=enim&luctus=lorem&ultricies=ipsum&eu=dolor',3,93,9),('https://liveinternet.ru/non.jsp?morbi=in&sem=ante&mauris=vestibulum&laoreet=ante&ut=ipsum&rhoncus=primis&aliquet=in&pulvinar=faucibus&sed=orci&nisl=luctus&nunc=et&rhoncus=ultrices&dui=posuere&vel=cubilia&sem=curae&sed=duis&sagittis=faucibus&nam=accumsan&congue=odio&risus=curabitur&semper=convallis&porta=duis&volutpat=consequat&quam=dui&pede=nec&lobortis=nisi&ligula=volutpat&sit=eleifend&amet=donec&eleifend=ut&pede=dolor&libero=morbi&quis=vel&orci=lectus&nullam=in&molestie=quam&nibh=fringilla&in=rhoncus&lectus=mauris&pellentesque=enim&at=leo&nulla=rhoncus&suspendisse=sed&potenti=vestibulum&cras=sit&in=amet&purus=cursus&eu=id&magna=turpis&vulputate=integer&luctus=aliquet&cum=massa&sociis=id&natoque=lobortis&penatibus=convallis&et=tortor&magnis=risus&dis=dapibus&parturient=augue&montes=vel',1,58,6),('https://macromedia.com/sapien/in/sapien/iaculis.json?vitae=erat&nisi=curabitur&nam=gravida&ultrices=nisi&libero=at&non=nibh&mattis=in&pulvinar=hac&nulla=habitasse&pede=platea&ullamcorper=dictumst&augue=aliquam&a=augue&suscipit=quam&nulla=sollicitudin&elit=vitae&ac=consectetuer&nulla=eget&sed=rutrum&vel=at&enim=lorem&sit=integer&amet=tincidunt&nunc=ante&viverra=vel&dapibus=ipsum&nulla=praesent&suscipit=blandit&ligula=lacinia&in=erat&lacus=vestibulum&curabitur=sed',10,42,3),('https://newsvine.com/odio/condimentum/id/luctus/nec/molestie.jsp?justo=amet&lacinia=consectetuer&eget=adipiscing&tincidunt=elit&eget=proin&tempus=interdum&vel=mauris&pede=non&morbi=ligula&porttitor=pellentesque&lorem=ultrices&id=phasellus&ligula=id&suspendisse=sapien&ornare=in&consequat=sapien&lectus=iaculis&in=congue&est=vivamus&risus=metus&auctor=arcu&sed=adipiscing&tristique=molestie&in=hendrerit&tempus=at&sit=vulputate&amet=vitae&sem=nisl&fusce=aenean&consequat=lectus&nulla=pellentesque&nisl=eget&nunc=nunc&nisl=donec&duis=quis&bibendum=orci&felis=eget&sed=orci&interdum=vehicula&venenatis=condimentum&turpis=curabitur&enim=in&blandit=libero&mi=ut&in=massa&porttitor=volutpat&pede=convallis&justo=morbi&eu=odio&massa=odio&donec=elementum&dapibus=eu&duis=interdum&at=eu&velit=tincidunt',2,63,4),('https://nymag.com/orci/pede/venenatis/non.jpg?amet=ut&justo=dolor&morbi=morbi&ut=vel&odio=lectus&cras=in&mi=quam&pede=fringilla&malesuada=rhoncus&in=mauris&imperdiet=enim&et=leo&commodo=rhoncus&vulputate=sed&justo=vestibulum&in=sit&blandit=amet&ultrices=cursus&enim=id&lorem=turpis&ipsum=integer&dolor=aliquet&sit=massa&amet=id&consectetuer=lobortis&adipiscing=convallis&elit=tortor&proin=risus&interdum=dapibus&mauris=augue&non=vel&ligula=accumsan&pellentesque=tellus&ultrices=nisi&phasellus=eu&id=orci&sapien=mauris&in=lacinia&sapien=sapien&iaculis=quis&congue=libero&vivamus=nullam&metus=sit&arcu=amet&adipiscing=turpis&molestie=elementum&hendrerit=ligula&at=vehicula&vulputate=consequat&vitae=morbi&nisl=a&aenean=ipsum&lectus=integer&pellentesque=a&eget=nibh&nunc=in&donec=quis&quis=justo',8,50,1),('https://nyu.edu/natoque/penatibus/et/magnis/dis/parturient/montes.html?in=sit&lacus=amet&curabitur=turpis&at=elementum&ipsum=ligula&ac=vehicula&tellus=consequat&semper=morbi&interdum=a&mauris=ipsum&ullamcorper=integer&purus=a&sit=nibh&amet=in&nulla=quis&quisque=justo&arcu=maecenas&libero=rhoncus&rutrum=aliquam',4,59,2),('https://over-blog.com/ut/volutpat/sapien/arcu/sed/augue.html?vitae=leo&nisi=pellentesque&nam=ultrices&ultrices=mattis&libero=odio&non=donec&mattis=vitae&pulvinar=nisi',2,68,8),('https://ovh.net/duis/aliquam/convallis/nunc/proin/at/turpis.png?nibh=vestibulum&quisque=ante&id=ipsum&justo=primis&sit=in&amet=faucibus&sapien=orci&dignissim=luctus&vestibulum=et&vestibulum=ultrices&ante=posuere&ipsum=cubilia&primis=curae&in=duis&faucibus=faucibus&orci=accumsan&luctus=odio&et=curabitur&ultrices=convallis&posuere=duis&cubilia=consequat&curae=dui&nulla=nec&dapibus=nisi&dolor=volutpat&vel=eleifend&est=donec&donec=ut&odio=dolor&justo=morbi&sollicitudin=vel&ut=lectus&suscipit=in&a=quam&feugiat=fringilla&et=rhoncus&eros=mauris&vestibulum=enim&ac=leo&est=rhoncus&lacinia=sed&nisi=vestibulum&venenatis=sit&tristique=amet&fusce=cursus&congue=id&diam=turpis&id=integer&ornare=aliquet&imperdiet=massa&sapien=id&urna=lobortis&pretium=convallis&nisl=tortor&ut=risus&volutpat=dapibus&sapien=augue&arcu=vel&sed=accumsan&augue=tellus&aliquam=nisi&erat=eu&volutpat=orci&in=mauris&congue=lacinia&etiam=sapien&justo=quis&etiam=libero&pretium=nullam&iaculis=sit&justo=amet&in=turpis&hac=elementum&habitasse=ligula&platea=vehicula&dictumst=consequat&etiam=morbi&faucibus=a&cursus=ipsum&urna=integer&ut=a&tellus=nibh&nulla=in&ut=quis&erat=justo&id=maecenas&mauris=rhoncus&vulputate=aliquam&elementum=lacus&nullam=morbi&varius=quis&nulla=tortor&facilisi=id&cras=nulla&non=ultrices&velit=aliquet&nec=maecenas&nisi=leo&vulputate=odio&nonummy=condimentum',4,91,8),('https://parallels.com/in/hac/habitasse/platea/dictumst/maecenas/ut.jsp?vehicula=lectus&condimentum=in&curabitur=quam&in=fringilla&libero=rhoncus&ut=mauris&massa=enim&volutpat=leo&convallis=rhoncus&morbi=sed&odio=vestibulum&odio=sit&elementum=amet&eu=cursus&interdum=id&eu=turpis&tincidunt=integer&in=aliquet&leo=massa&maecenas=id&pulvinar=lobortis&lobortis=convallis&est=tortor&phasellus=risus&sit=dapibus&amet=augue&erat=vel&nulla=accumsan&tempus=tellus&vivamus=nisi&in=eu&felis=orci&eu=mauris&sapien=lacinia&cursus=sapien&vestibulum=quis&proin=libero&eu=nullam&mi=sit&nulla=amet&ac=turpis&enim=elementum&in=ligula&tempor=vehicula&turpis=consequat&nec=morbi&euismod=a&scelerisque=ipsum&quam=integer',5,78,2),('https://people.com.cn/blandit/mi/in/porttitor.xml?a=id&ipsum=mauris&integer=vulputate&a=elementum&nibh=nullam&in=varius&quis=nulla&justo=facilisi&maecenas=cras&rhoncus=non&aliquam=velit&lacus=nec&morbi=nisi&quis=vulputate&tortor=nonummy&id=maecenas&nulla=tincidunt&ultrices=lacus&aliquet=at&maecenas=velit&leo=vivamus&odio=vel&condimentum=nulla&id=eget&luctus=eros&nec=elementum&molestie=pellentesque&sed=quisque&justo=porta&pellentesque=volutpat&viverra=erat&pede=quisque&ac=erat&diam=eros&cras=viverra&pellentesque=eget&volutpat=congue&dui=eget&maecenas=semper&tristique=rutrum&est=nulla&et=nunc&tempus=purus&semper=phasellus&est=in&quam=felis&pharetra=donec&magna=semper&ac=sapien&consequat=a&metus=libero&sapien=nam&ut=dui&nunc=proin&vestibulum=leo&ante=odio&ipsum=porttitor&primis=id&in=consequat&faucibus=in&orci=consequat&luctus=ut&et=nulla&ultrices=sed&posuere=accumsan&cubilia=felis&curae=ut&mauris=at&viverra=dolor&diam=quis',10,2,6),('https://privacy.gov.au/proin/at/turpis/a/pede/posuere.png?erat=ante&id=vestibulum&mauris=ante&vulputate=ipsum&elementum=primis&nullam=in&varius=faucibus&nulla=orci&facilisi=luctus&cras=et&non=ultrices&velit=posuere&nec=cubilia&nisi=curae&vulputate=duis&nonummy=faucibus&maecenas=accumsan&tincidunt=odio&lacus=curabitur&at=convallis&velit=duis&vivamus=consequat&vel=dui&nulla=nec&eget=nisi&eros=volutpat&elementum=eleifend&pellentesque=donec&quisque=ut&porta=dolor&volutpat=morbi&erat=vel&quisque=lectus&erat=in&eros=quam&viverra=fringilla&eget=rhoncus&congue=mauris&eget=enim&semper=leo&rutrum=rhoncus&nulla=sed&nunc=vestibulum&purus=sit&phasellus=amet&in=cursus&felis=id&donec=turpis&semper=integer&sapien=aliquet&a=massa&libero=id&nam=lobortis&dui=convallis&proin=tortor&leo=risus&odio=dapibus&porttitor=augue&id=vel&consequat=accumsan&in=tellus&consequat=nisi&ut=eu&nulla=orci&sed=mauris&accumsan=lacinia&felis=sapien&ut=quis&at=libero&dolor=nullam&quis=sit&odio=amet&consequat=turpis&varius=elementum&integer=ligula&ac=vehicula&leo=consequat&pellentesque=morbi&ultrices=a&mattis=ipsum&odio=integer&donec=a&vitae=nibh&nisi=in&nam=quis&ultrices=justo&libero=maecenas',1,77,1),('https://qq.com/ame/sem/fusce.html?ipsum=nulla&dolor=suscipit&sit=ligula&amet=in&consectetuer=lacus&adipiscing=curabitur&elit=at&proin=ipsum&interdum=ac&mauris=tellus&non=semper&ligula=interdum&pellentesque=mauris&ultrices=ullamcorper&phasellus=purus&id=sit&sapien=amet&in=nulla&sapien=quisque&iaculis=arcu&congue=libero&vivamus=rutrum&metus=ac&arcu=lobortis&adipiscing=vel&molestie=dapibus&hendrerit=at&at=diam&vulputate=nam&vitae=tristique&nisl=tortor&aenean=eu',7,6,7),('https://qq.com/hac/habitasse/platea/dictumst/maecenas/ut/massa.jpg?sit=dui&amet=maecenas&cursus=tristique&id=est&turpis=et&integer=tempus&aliquet=semper&massa=est&id=quam&lobortis=pharetra&convallis=magna&tortor=ac&risus=consequat&dapibus=metus&augue=sapien&vel=ut&accumsan=nunc&tellus=vestibulum&nisi=ante&eu=ipsum&orci=primis&mauris=in&lacinia=faucibus&sapien=orci&quis=luctus&libero=et&nullam=ultrices&sit=posuere&amet=cubilia&turpis=curae&elementum=mauris&ligula=viverra&vehicula=diam&consequat=vitae&morbi=quam&a=suspendisse&ipsum=potenti&integer=nullam&a=porttitor&nibh=lacus&in=at&quis=turpis&justo=donec&maecenas=posuere&rhoncus=metus&aliquam=vitae&lacus=ipsum&morbi=aliquam&quis=non&tortor=mauris&id=morbi&nulla=non&ultrices=lectus&aliquet=aliquam&maecenas=sit&leo=amet&odio=diam&condimentum=in&id=magna&luctus=bibendum&nec=imperdiet&molestie=nullam&sed=orci&justo=pede&pellentesque=venenatis&viverra=non&pede=sodales&ac=sed&diam=tincidunt&cras=eu&pellentesque=felis&volutpat=fusce&dui=posuere&maecenas=felis&tristique=sed&est=lacus&et=morbi&tempus=sem&semper=mauris&est=laoreet&quam=ut&pharetra=rhoncus&magna=aliquet&ac=pulvinar',2,42,7),('https://rakuten.co.jp/a/ipsum/integer/a/nibh/in/quis.jpg?rhoncus=nulla&mauris=suspendisse&enim=potenti&leo=cras&rhoncus=in&sed=purus&vestibulum=eu&sit=magna&amet=vulputate&cursus=luctus&id=cum&turpis=sociis&integer=natoque&aliquet=penatibus&massa=et&id=magnis&lobortis=dis&convallis=parturient&tortor=montes&risus=nascetur&dapibus=ridiculus&augue=mus&vel=vivamus&accumsan=vestibulum&tellus=sagittis&nisi=sapien&eu=cum&orci=sociis&mauris=natoque&lacinia=penatibus&sapien=et&quis=magnis&libero=dis&nullam=parturient&sit=montes&amet=nascetur&turpis=ridiculus&elementum=mus&ligula=etiam&vehicula=vel&consequat=augue&morbi=vestibulum&a=rutrum&ipsum=rutrum&integer=neque&a=aenean&nibh=auctor&in=gravida&quis=sem&justo=praesent&maecenas=id&rhoncus=massa&aliquam=id&lacus=nisl&morbi=venenatis&quis=lacinia&tortor=aenean&id=sit&nulla=amet&ultrices=justo&aliquet=morbi&maecenas=ut&leo=odio&odio=cras&condimentum=mi&id=pede&luctus=malesuada&nec=in&molestie=imperdiet&sed=et',4,49,5),('https://rakuten.co.jp/donec/ut/dolor/morbi/vel.json?turpis=sapien&integer=a&aliquet=libero&massa=nam&id=dui&lobortis=proin&convallis=leo&tortor=odio&risus=porttitor&dapibus=id&augue=consequat&vel=in&accumsan=consequat&tellus=ut&nisi=nulla&eu=sed&orci=accumsan&mauris=felis&lacinia=ut&sapien=at&quis=dolor&libero=quis&nullam=odio&sit=consequat&amet=varius&turpis=integer&elementum=ac&ligula=leo&vehicula=pellentesque&consequat=ultrices&morbi=mattis&a=odio&ipsum=donec&integer=vitae&a=nisi&nibh=nam&in=ultrices&quis=libero&justo=non&maecenas=mattis&rhoncus=pulvinar&aliquam=nulla&lacus=pede&morbi=ullamcorper&quis=augue&tortor=a&id=suscipit&nulla=nulla&ultrices=elit&aliquet=ac&maecenas=nulla&leo=sed&odio=vel&condimentum=enim&id=sit&luctus=amet&nec=nunc&molestie=viverra&sed=dapibus&justo=nulla&pellentesque=suscipit&viverra=ligula&pede=in&ac=lacus&diam=curabitur&cras=at&pellentesque=ipsum&volutpat=ac',5,91,8),('https://salon.com/in/purus/eu/magna/vulputate.jpg?rhoncus=vivamus&aliquet=vestibulum&pulvinar=sagittis&sed=sapien&nisl=cum&nunc=sociis&rhoncus=natoque&dui=penatibus&vel=et&sem=magnis&sed=dis&sagittis=parturient&nam=montes&congue=nascetur&risus=ridiculus&semper=mus&porta=etiam&volutpat=vel&quam=augue&pede=vestibulum&lobortis=rutrum&ligula=rutrum&sit=neque&amet=aenean&eleifend=auctor&pede=gravida&libero=sem&quis=praesent&orci=id&nullam=massa&molestie=id&nibh=nisl&in=venenatis&lectus=lacinia&pellentesque=aenean&at=sit&nulla=amet&suspendisse=justo&potenti=morbi&cras=ut&in=odio&purus=cras',5,4,10),('https://shinystat.com/pede/morbi/porttitor/lorem/id.jsp?quisque=est&erat=risus&eros=auctor&viverra=sed&eget=tristique&congue=in&eget=tempus&semper=sit&rutrum=amet&nulla=sem&nunc=fusce&purus=consequat&phasellus=nulla&in=nisl&felis=nunc&donec=nisl&semper=duis&sapien=bibendum&a=felis&libero=sed&nam=interdum&dui=venenatis&proin=turpis',3,79,7),('https://sohu.com/vel/pede/morbi/porttitor/lorem/id.js?donec=in&ut=hac&mauris=habitasse',5,79,3),('https://soup.io/augue/quam/sollicitudin/vitae/consectetuer/eget/rutrum.xml?orci=quam&eget=sapien&orci=varius&vehicula=ut&condimentum=blandit&curabitur=non&in=interdum&libero=in&ut=ante&massa=vestibulum&volutpat=ante&convallis=ipsum&morbi=primis&odio=in&odio=faucibus&elementum=orci&eu=luctus&interdum=et&eu=ultrices&tincidunt=posuere&in=cubilia&leo=curae&maecenas=duis&pulvinar=faucibus&lobortis=accumsan&est=odio&phasellus=curabitur&sit=convallis&amet=duis&erat=consequat&nulla=dui&tempus=nec&vivamus=nisi&in=volutpat&felis=eleifend&eu=donec&sapien=ut&cursus=dolor&vestibulum=morbi&proin=vel&eu=lectus&mi=in&nulla=quam&ac=fringilla&enim=rhoncus&in=mauris&tempor=enim&turpis=leo&nec=rhoncus&euismod=sed&scelerisque=vestibulum&quam=sit&turpis=amet',9,83,2),('https://sphinn.com/pretium/nisl/ut/volutpat/sapien/arcu/sed.html?nisl=ante&duis=ipsum&ac=primis&nibh=in&fusce=faucibus&lacus=orci&purus=luctus&aliquet=et&at=ultrices&feugiat=posuere&non=cubilia&pretium=curae&quis=donec&lectus=pharetra&suspendisse=magna&potenti=vestibulum&in=aliquet',5,21,5),('https://spotify.com/maecenas/leo/odio/condimentum.js?scelerisque=magnis&quam=dis&turpis=parturient&adipiscing=montes&lorem=nascetur&vitae=ridiculus&mattis=mus&nibh=vivamus&ligula=vestibulum&nec=sagittis&sem=sapien&duis=cum&aliquam=sociis&convallis=natoque&nunc=penatibus&proin=et&at=magnis&turpis=dis&a=parturient&pede=montes&posuere=nascetur&nonummy=ridiculus&integer=mus&non=etiam&velit=vel&donec=augue&diam=vestibulum&neque=rutrum&vestibulum=rutrum&eget=neque&vulputate=aenean&ut=auctor&ultrices=gravida&vel=sem&augue=praesent&vestibulum=id&ante=massa&ipsum=id&primis=nisl&in=venenatis&faucibus=lacinia&orci=aenean&luctus=sit&et=amet&ultrices=justo&posuere=morbi&cubilia=ut&curae=odio&donec=cras&pharetra=mi&magna=pede&vestibulum=malesuada&aliquet=in&ultrices=imperdiet&erat=et&tortor=commodo&sollicitudin=vulputate&mi=justo&sit=in&amet=blandit&lobortis=ultrices&sapien=enim&sapien=lorem&non=ipsum&mi=dolor&integer=sit&ac=amet&neque=consectetuer&duis=adipiscing&bibendum=elit&morbi=proin&non=interdum',5,24,3),('https://statcounter.com/ut/erat.jsp?ipsum=venenatis&dolor=turpis&sit=enim&amet=blandit&consectetuer=mi&adipiscing=in&elit=porttitor&proin=pede&interdum=justo&mauris=eu&non=massa&ligula=donec&pellentesque=dapibus&ultrices=duis&phasellus=at&id=velit&sapien=eu&in=est&sapien=congue&iaculis=elementum&congue=in&vivamus=hac&metus=habitasse&arcu=platea&adipiscing=dictumst&molestie=morbi&hendrerit=vestibulum&at=velit&vulputate=id&vitae=pretium&nisl=iaculis&aenean=diam&lectus=erat&pellentesque=fermentum&eget=justo&nunc=nec&donec=condimentum&quis=neque&orci=sapien&eget=placerat&orci=ante&vehicula=nulla&condimentum=justo&curabitur=aliquam&in=quis&libero=turpis&ut=eget&massa=elit&volutpat=sodales&convallis=scelerisque&morbi=mauris&odio=sit&odio=amet&elementum=eros&eu=suspendisse&interdum=accumsan&eu=tortor&tincidunt=quis&in=turpis&leo=sed&maecenas=ante&pulvinar=vivamus&lobortis=tortor',2,17,5),('https://technorati.com/felis/sed/interdum/venenatis/turpis.jpg?vitae=nulla&mattis=ut&nibh=erat&ligula=id&nec=mauris&sem=vulputate&duis=elementum&aliquam=nullam&convallis=varius&nunc=nulla&proin=facilisi&at=cras&turpis=non&a=velit&pede=nec&posuere=nisi&nonummy=vulputate&integer=nonummy&non=maecenas&velit=tincidunt&donec=lacus&diam=at&neque=velit&vestibulum=vivamus&eget=vel&vulputate=nulla&ut=eget&ultrices=eros&vel=elementum&augue=pellentesque&vestibulum=quisque&ante=porta&ipsum=volutpat&primis=erat&in=quisque&faucibus=erat&orci=eros&luctus=viverra&et=eget&ultrices=congue&posuere=eget&cubilia=semper&curae=rutrum&donec=nulla&pharetra=nunc&magna=purus&vestibulum=phasellus&aliquet=in&ultrices=felis&erat=donec&tortor=semper&sollicitudin=sapien&mi=a&sit=libero&amet=nam&lobortis=dui&sapien=proin',3,74,4),('https://tuttocitta.it/pede/posuere/nonummy/integer.jpg?convallis=vestibulum&nulla=rutrum&neque=rutrum&libero=neque&convallis=aenean&eget=auctor&eleifend=gravida&luctus=sem&ultricies=praesent&eu=id&nibh=massa&quisque=id&id=nisl&justo=venenatis&sit=lacinia&amet=aenean&sapien=sit&dignissim=amet&vestibulum=justo&vestibulum=morbi&ante=ut&ipsum=odio&primis=cras&in=mi&faucibus=pede&orci=malesuada&luctus=in&et=imperdiet&ultrices=et&posuere=commodo&cubilia=vulputate&curae=justo&nulla=in&dapibus=blandit&dolor=ultrices&vel=enim&est=lorem&donec=ipsum&odio=dolor&justo=sit&sollicitudin=amet&ut=consectetuer&suscipit=adipiscing&a=elit&feugiat=proin&et=interdum',9,50,4),('https://ustream.tv/natoque/penatibus/et.aspx?risus=augue&praesent=vestibulum&lectus=ante&vestibulum=ipsum&quam=primis&sapien=in&varius=faucibus&ut=orci&blandit=luctus&non=et&interdum=ultrices&in=posuere&ante=cubilia&vestibulum=curae&ante=donec&ipsum=pharetra&primis=magna&in=vestibulum&faucibus=aliquet&orci=ultrices&luctus=erat&et=tortor&ultrices=sollicitudin&posuere=mi&cubilia=sit&curae=amet&duis=lobortis&faucibus=sapien&accumsan=sapien&odio=non&curabitur=mi&convallis=integer&duis=ac&consequat=neque&dui=duis&nec=bibendum&nisi=morbi&volutpat=non&eleifend=quam&donec=nec&ut=dui&dolor=luctus&morbi=rutrum',2,45,4),('https://utexas.edu/sed/accumsan/felis/ut/at.aspx?volutpat=ligula&erat=nec&quisque=sem&erat=duis&eros=aliquam&viverra=convallis&eget=nunc&congue=proin&eget=at&semper=turpis&rutrum=a&nulla=pede&nunc=posuere&purus=nonummy',10,47,5),('https://va.gov/luctus/ultricies/eu/nibh/quisque.xml?tempus=nec&semper=dui&est=luctus&quam=rutrum&pharetra=nulla&magna=tellus&ac=in&consequat=sagittis&metus=dui&sapien=vel&ut=nisl&nunc=duis&vestibulum=ac&ante=nibh&ipsum=fusce&primis=lacus&in=purus&faucibus=aliquet&orci=at&luctus=feugiat&et=non&ultrices=pretium&posuere=quis&cubilia=lectus&curae=suspendisse&mauris=potenti&viverra=in&diam=eleifend&vitae=quam&quam=a&suspendisse=odio&potenti=in&nullam=hac&porttitor=habitasse&lacus=platea&at=dictumst&turpis=maecenas&donec=ut&posuere=massa&metus=quis&vitae=augue&ipsum=luctus&aliquam=tincidunt&non=nulla&mauris=mollis&morbi=molestie&non=lorem&lectus=quisque&aliquam=ut',10,95,6),('https://washington.edu/justo/nec/condimentum/neque/sapien.html?cursus=eu&id=sapien&turpis=cursus&integer=vestibulum&aliquet=proin&massa=eu&id=mi&lobortis=nulla&convallis=ac&tortor=enim&risus=in&dapibus=tempor&augue=turpis&vel=nec&accumsan=euismod&tellus=scelerisque&nisi=quam&eu=turpis&orci=adipiscing',9,99,9),('https://washington.edu/nulla/tempus.jpg?quis=iaculis&orci=diam&nullam=erat&molestie=fermentum&nibh=justo&in=nec&lectus=condimentum&pellentesque=neque&at=sapien&nulla=placerat&suspendisse=ante&potenti=nulla&cras=justo&in=aliquam&purus=quis&eu=turpis&magna=eget&vulputate=elit&luctus=sodales&cum=scelerisque&sociis=mauris&natoque=sit&penatibus=amet&et=eros&magnis=suspendisse&dis=accumsan&parturient=tortor&montes=quis&nascetur=turpis&ridiculus=sed&mus=ante&vivamus=vivamus&vestibulum=tortor&sagittis=duis&sapien=mattis&cum=egestas&sociis=metus&natoque=aenean&penatibus=fermentum&et=donec&magnis=ut&dis=mauris&parturient=eget&montes=massa&nascetur=tempor&ridiculus=convallis&mus=nulla&etiam=neque&vel=libero&augue=convallis&vestibulum=eget&rutrum=eleifend&rutrum=luctus&neque=ultricies&aenean=eu&auctor=nibh&gravida=quisque&sem=id&praesent=justo&id=sit&massa=amet&id=sapien&nisl=dignissim&venenatis=vestibulum&lacinia=vestibulum&aenean=ante&sit=ipsum&amet=primis&justo=in&morbi=faucibus&ut=orci&odio=luctus&cras=et&mi=ultrices&pede=posuere&malesuada=cubilia&in=curae&imperdiet=nulla&et=dapibus&commodo=dolor&vulputate=vel&justo=est&in=donec&blandit=odio&ultrices=justo&enim=sollicitudin&lorem=ut&ipsum=suscipit&dolor=a&sit=feugiat&amet=et&consectetuer=eros&adipiscing=vestibulum&elit=ac&proin=est&interdum=lacinia&mauris=nisi&non=venenatis&ligula=tristique&pellentesque=fusce',4,22,3),('https://webnode.com/libero/convallis/eget/eleifend/luctus/ultricies.jpg?ultrices=hendrerit&erat=at&tortor=vulputate&sollicitudin=vitae&mi=nisl&sit=aenean&amet=lectus&lobortis=pellentesque&sapien=eget&sapien=nunc&non=donec&mi=quis&integer=orci&ac=eget&neque=orci&duis=vehicula&bibendum=condimentum&morbi=curabitur&non=in&quam=libero&nec=ut&dui=massa&luctus=volutpat&rutrum=convallis&nulla=morbi&tellus=odio&in=odio&sagittis=elementum&dui=eu&vel=interdum&nisl=eu&duis=tincidunt&ac=in&nibh=leo&fusce=maecenas&lacus=pulvinar&purus=lobortis&aliquet=est&at=phasellus&feugiat=sit&non=amet&pretium=erat&quis=nulla&lectus=tempus&suspendisse=vivamus&potenti=in&in=felis&eleifend=eu&quam=sapien&a=cursus&odio=vestibulum&in=proin&hac=eu&habitasse=mi&platea=nulla&dictumst=ac&maecenas=enim&ut=in&massa=tempor&quis=turpis&augue=nec&luctus=euismod&tincidunt=scelerisque&nulla=quam&mollis=turpis&molestie=adipiscing&lorem=lorem&quisque=vitae&ut=mattis&erat=nibh&curabitur=ligula&gravida=nec&nisi=sem&at=duis&nibh=aliquam&in=convallis&hac=nunc&habitasse=proin&platea=at',5,3,2),('https://whitehouse.gov/amet/nulla/quisque/arcu/libero/rutrum.jpg?cras=montes&non=nascetur&velit=ridiculus&nec=mus&nisi=vivamus&vulputate=vestibulum&nonummy=sagittis&maecenas=sapien&tincidunt=cum&lacus=sociis&at=natoque&velit=penatibus&vivamus=et&vel=magnis&nulla=dis&eget=parturient&eros=montes&elementum=nascetur&pellentesque=ridiculus&quisque=mus&porta=etiam&volutpat=vel&erat=augue&quisque=vestibulum&erat=rutrum&eros=rutrum&viverra=neque&eget=aenean&congue=auctor&eget=gravida&semper=sem&rutrum=praesent&nulla=id&nunc=massa&purus=id&phasellus=nisl&in=venenatis&felis=lacinia&donec=aenean&semper=sit&sapien=amet&a=justo&libero=morbi&nam=ut&dui=odio&proin=cras&leo=mi&odio=pede&porttitor=malesuada&id=in&consequat=imperdiet&in=et&consequat=commodo&ut=vulputate&nulla=justo&sed=in&accumsan=blandit&felis=ultrices&ut=enim&at=lorem&dolor=ipsum&quis=dolor&odio=sit&consequat=amet&varius=consectetuer&integer=adipiscing&ac=elit&leo=proin&pellentesque=interdum&ultrices=mauris&mattis=non&odio=ligula&donec=pellentesque&vitae=ultrices&nisi=phasellus&nam=id&ultrices=sapien&libero=in&non=sapien&mattis=iaculis&pulvinar=congue&nulla=vivamus&pede=metus',7,79,3),('https://wikia.com/curabitur/in/libero/ut.json?sagittis=ut&nam=massa&congue=volutpat&risus=convallis',3,62,5),('https://wordpress.org/donec/dapibus/duis/at/velit/eu.xml?sit=turpis&amet=sed&nunc=ante&viverra=vivamus&dapibus=tortor&nulla=duis&suscipit=mattis&ligula=egestas&in=metus&lacus=aenean&curabitur=fermentum&at=donec&ipsum=ut&ac=mauris&tellus=eget&semper=massa&interdum=tempor&mauris=convallis&ullamcorper=nulla&purus=neque&sit=libero&amet=convallis&nulla=eget&quisque=eleifend&arcu=luctus&libero=ultricies&rutrum=eu&ac=nibh&lobortis=quisque&vel=id&dapibus=justo&at=sit&diam=amet&nam=sapien&tristique=dignissim',8,48,2),('https://wordpress.org/eget/eleifend/luctus/ultricies/eu.aspx?proin=at&risus=turpis&praesent=donec&lectus=posuere&vestibulum=metus&quam=vitae&sapien=ipsum&varius=aliquam&ut=non&blandit=mauris&non=morbi&interdum=non&in=lectus&ante=aliquam&vestibulum=sit&ante=amet&ipsum=diam&primis=in&in=magna&faucibus=bibendum&orci=imperdiet&luctus=nullam&et=orci&ultrices=pede&posuere=venenatis&cubilia=non&curae=sodales&duis=sed&faucibus=tincidunt&accumsan=eu&odio=felis&curabitur=fusce',9,43,9),('https://xrea.com/sapien/sapien/non/mi/integer/ac/neque.jsp?vestibulum=et&velit=eros&id=vestibulum&pretium=ac&iaculis=est&diam=lacinia&erat=nisi&fermentum=venenatis&justo=tristique&nec=fusce&condimentum=congue&neque=diam&sapien=id&placerat=ornare&ante=imperdiet&nulla=sapien&justo=urna&aliquam=pretium&quis=nisl&turpis=ut&eget=volutpat&elit=sapien&sodales=arcu&scelerisque=sed&mauris=augue&sit=aliquam&amet=erat&eros=volutpat&suspendisse=in&accumsan=congue&tortor=etiam&quis=justo&turpis=etiam&sed=pretium&ante=iaculis&vivamus=justo&tortor=in&duis=hac&mattis=habitasse&egestas=platea&metus=dictumst&aenean=etiam&fermentum=faucibus&donec=cursus&ut=urna&mauris=ut&eget=tellus&massa=nulla&tempor=ut&convallis=erat&nulla=id&neque=mauris&libero=vulputate&convallis=elementum&eget=nullam&eleifend=varius&luctus=nulla&ultricies=facilisi&eu=cras&nibh=non&quisque=velit&id=nec&justo=nisi&sit=vulputate&amet=nonummy&sapien=maecenas&dignissim=tincidunt&vestibulum=lacus&vestibulum=at&ante=velit&ipsum=vivamus&primis=vel&in=nulla&faucibus=eget',3,28,6),('https://yahoo.co.jp/maecenas/tincidunt/lacus/at/velit.xml?natoque=sapien&penatibus=iaculis&et=congue&magnis=vivamus&dis=metus&parturient=arcu&montes=adipiscing&nascetur=molestie&ridiculus=hendrerit&mus=at&etiam=vulputate&vel=vitae&augue=nisl&vestibulum=aenean&rutrum=lectus&rutrum=pellentesque&neque=eget&aenean=nunc&auctor=donec&gravida=quis&sem=orci&praesent=eget&id=orci&massa=vehicula&id=condimentum&nisl=curabitur&venenatis=in&lacinia=libero&aenean=ut&sit=massa&amet=volutpat&justo=convallis&morbi=morbi&ut=odio&odio=odio&cras=elementum&mi=eu&pede=interdum&malesuada=eu&in=tincidunt&imperdiet=in&et=leo&commodo=maecenas&vulputate=pulvinar&justo=lobortis&in=est&blandit=phasellus&ultrices=sit&enim=amet&lorem=erat&ipsum=nulla&dolor=tempus&sit=vivamus&amet=in&consectetuer=felis&adipiscing=eu&elit=sapien&proin=cursus&interdum=vestibulum&mauris=proin&non=eu&ligula=mi&pellentesque=nulla&ultrices=ac&phasellus=enim&id=in&sapien=tempor&in=turpis&sapien=nec&iaculis=euismod&congue=scelerisque&vivamus=quam&metus=turpis&arcu=adipiscing&adipiscing=lorem&molestie=vitae&hendrerit=mattis&at=nibh&vulputate=ligula&vitae=nec&nisl=sem&aenean=duis&lectus=aliquam&pellentesque=convallis&eget=nunc&nunc=proin&donec=at&quis=turpis',6,29,3),('https://youku.com/viverra/dapibus/nulla.png?donec=ac&semper=neque&sapien=duis&a=bibendum&libero=morbi&nam=non&dui=quam&proin=nec&leo=dui&odio=luctus&porttitor=rutrum&id=nulla&consequat=tellus&in=in&consequat=sagittis&ut=dui&nulla=vel&sed=nisl&accumsan=duis&felis=ac&ut=nibh&at=fusce&dolor=lacus&quis=purus&odio=aliquet&consequat=at&varius=feugiat&integer=non&ac=pretium&leo=quis&pellentesque=lectus&ultrices=suspendisse&mattis=potenti&odio=in&donec=eleifend&vitae=quam&nisi=a&nam=odio&ultrices=in&libero=hac&non=habitasse&mattis=platea&pulvinar=dictumst&nulla=maecenas&pede=ut&ullamcorper=massa&augue=quis&a=augue&suscipit=luctus&nulla=tincidunt&elit=nulla&ac=mollis&nulla=molestie&sed=lorem&vel=quisque&enim=ut&sit=erat&amet=curabitur&nunc=gravida&viverra=nisi&dapibus=at&nulla=nibh&suscipit=in&ligula=hac&in=habitasse&lacus=platea&curabitur=dictumst&at=aliquam&ipsum=augue&ac=quam&tellus=sollicitudin&semper=vitae&interdum=consectetuer&mauris=eget&ullamcorper=rutrum&purus=at&sit=lorem&amet=integer&nulla=tincidunt&quisque=ante&arcu=vel&libero=ipsum&rutrum=praesent&ac=blandit&lobortis=lacinia&vel=erat&dapibus=vestibulum',7,61,7),('https://youtube.com/a/suscipit/nulla/elit/ac/nulla/sed.html?felis=amet&fusce=erat&posuere=nulla&felis=tempus&sed=vivamus&lacus=in&morbi=felis&sem=eu&mauris=sapien&laoreet=cursus&ut=vestibulum&rhoncus=proin&aliquet=eu&pulvinar=mi&sed=nulla&nisl=ac&nunc=enim&rhoncus=in&dui=tempor&vel=turpis&sem=nec&sed=euismod&sagittis=scelerisque&nam=quam&congue=turpis&risus=adipiscing&semper=lorem',10,66,3),('https://zimbio.com/quam/fringilla/rhoncus/mauris/enim.jpg?at=in&nibh=ante&in=vestibulum&hac=ante&habitasse=ipsum&platea=primis&dictumst=in&aliquam=faucibus&augue=orci&quam=luctus&sollicitudin=et&vitae=ultrices&consectetuer=posuere&eget=cubilia&rutrum=curae&at=duis&lorem=faucibus&integer=accumsan&tincidunt=odio&ante=curabitur&vel=convallis&ipsum=duis&praesent=consequat&blandit=dui&lacinia=nec&erat=nisi&vestibulum=volutpat&sed=eleifend&magna=donec&at=ut&nunc=dolor&commodo=morbi',8,23,8);
/*!40000 ALTER TABLE `artikel_medium` ENABLE KEYS */;
UNLOCK TABLES;

--
-- Table structure for table `blog`
--

DROP TABLE IF EXISTS `blog`;
/*!40101 SET @saved_cs_client     = @@character_set_client */;
/*!40101 SET character_set_client = utf8 */;
CREATE TABLE `blog` (
  `link_halaman` varchar(3000) NOT NULL,
  `type` varchar(20) DEFAULT NULL,
  `id_penulis` int(11) DEFAULT NULL,
  PRIMARY KEY (`link_halaman`),
  KEY `id_penulis` (`id_penulis`),
  CONSTRAINT `blog_ibfk_1` FOREIGN KEY (`id_penulis`) REFERENCES `penulis_blog` (`id_penulis`),
  CONSTRAINT `CONSTRAINT_1` CHECK (`type` in ('Artikel_Medium','Materi_Ajar'))
) ENGINE=InnoDB DEFAULT CHARSET=latin1;
/*!40101 SET character_set_client = @saved_cs_client */;

--
-- Dumping data for table `blog`
--

LOCK TABLES `blog` WRITE;
/*!40000 ALTER TABLE `blog` DISABLE KEYS */;
INSERT INTO `blog` (`link_halaman`, `type`, `id_penulis`) VALUES ('http://about.com/justo/maecenas/rhoncus.png?ut=libero&odio=convallis&cras=eget&mi=eleifend&pede=luctus&malesuada=ultricies&in=eu&imperdiet=nibh&et=quisque&commodo=id&vulputate=justo&justo=sit&in=amet&blandit=sapien&ultrices=dignissim&enim=vestibulum&lorem=vestibulum&ipsum=ante&dolor=ipsum&sit=primis&amet=in&consectetuer=faucibus&adipiscing=orci&elit=luctus&proin=et&interdum=ultrices&mauris=posuere&non=cubilia&ligula=curae&pellentesque=nulla&ultrices=dapibus&phasellus=dolor&id=vel&sapien=est&in=donec&sapien=odio&iaculis=justo&congue=sollicitudin&vivamus=ut&metus=suscipit&arcu=a&adipiscing=feugiat&molestie=et&hendrerit=eros&at=vestibulum&vulputate=ac&vitae=est&nisl=lacinia','Artikel_Medium',26),('http://addthis.com/condimentum.jsp?suspendisse=orci&ornare=nullam&consequat=molestie&lectus=nibh&in=in&est=lectus&risus=pellentesque&auctor=at&sed=nulla&tristique=suspendisse&in=potenti&tempus=cras&sit=in&amet=purus&sem=eu&fusce=magna&consequat=vulputate&nulla=luctus&nisl=cum&nunc=sociis&nisl=natoque&duis=penatibus&bibendum=et&felis=magnis&sed=dis&interdum=parturient&venenatis=montes&turpis=nascetur&enim=ridiculus&blandit=mus&mi=vivamus&in=vestibulum&porttitor=sagittis&pede=sapien&justo=cum&eu=sociis&massa=natoque&donec=penatibus&dapibus=et&duis=magnis&at=dis&velit=parturient&eu=montes&est=nascetur&congue=ridiculus&elementum=mus&in=etiam&hac=vel&habitasse=augue&platea=vestibulum&dictumst=rutrum&morbi=rutrum&vestibulum=neque&velit=aenean&id=auctor&pretium=gravida&iaculis=sem&diam=praesent&erat=id&fermentum=massa&justo=id&nec=nisl&condimentum=venenatis&neque=lacinia&sapien=aenean&placerat=sit&ante=amet','Materi_Ajar',10),('http://alibaba.com/at.jsp?dapibus=dictumst&augue=morbi&vel=vestibulum&accumsan=velit&tellus=id&nisi=pretium&eu=iaculis&orci=diam&mauris=erat&lacinia=fermentum&sapien=justo&quis=nec&libero=condimentum&nullam=neque&sit=sapien&amet=placerat&turpis=ante&elementum=nulla&ligula=justo&vehicula=aliquam&consequat=quis&morbi=turpis&a=eget&ipsum=elit&integer=sodales&a=scelerisque','Materi_Ajar',31),('http://altervista.org/eu/tincidunt/in.aspx?rutrum=nulla&at=suspendisse&lorem=potenti&integer=cras&tincidunt=in&ante=purus&vel=eu&ipsum=magna&praesent=vulputate&blandit=luctus&lacinia=cum&erat=sociis&vestibulum=natoque&sed=penatibus&magna=et&at=magnis&nunc=dis&commodo=parturient&placerat=montes&praesent=nascetur&blandit=ridiculus&nam=mus&nulla=vivamus&integer=vestibulum&pede=sagittis&justo=sapien&lacinia=cum&eget=sociis&tincidunt=natoque&eget=penatibus&tempus=et&vel=magnis&pede=dis&morbi=parturient','Materi_Ajar',14),('http://amazonaws.com/quam/pede/lobortis/ligula/sit.jpg?dui=euismod&nec=scelerisque&nisi=quam&volutpat=turpis&eleifend=adipiscing&donec=lorem&ut=vitae&dolor=mattis&morbi=nibh&vel=ligula&lectus=nec&in=sem&quam=duis&fringilla=aliquam&rhoncus=convallis','Artikel_Medium',73),('http://ameblo.jp/nascetur/ridiculus/mus/vivamus/vestibulum.html?eu=tortor&felis=id&fusce=nulla&posuere=ultrices&felis=aliquet&sed=maecenas&lacus=leo&morbi=odio&sem=condimentum&mauris=id&laoreet=luctus&ut=nec&rhoncus=molestie&aliquet=sed&pulvinar=justo','Artikel_Medium',7),('http://angelfire.com/est.jpg?quam=ultrices&sapien=posuere&varius=cubilia&ut=curae&blandit=nulla&non=dapibus&interdum=dolor&in=vel&ante=est&vestibulum=donec&ante=odio&ipsum=justo&primis=sollicitudin&in=ut&faucibus=suscipit&orci=a&luctus=feugiat&et=et&ultrices=eros&posuere=vestibulum&cubilia=ac&curae=est&duis=lacinia&faucibus=nisi&accumsan=venenatis&odio=tristique&curabitur=fusce&convallis=congue&duis=diam&consequat=id&dui=ornare&nec=imperdiet&nisi=sapien&volutpat=urna&eleifend=pretium&donec=nisl&ut=ut&dolor=volutpat&morbi=sapien&vel=arcu&lectus=sed&in=augue&quam=aliquam&fringilla=erat&rhoncus=volutpat&mauris=in&enim=congue&leo=etiam&rhoncus=justo&sed=etiam&vestibulum=pretium&sit=iaculis&amet=justo&cursus=in&id=hac&turpis=habitasse&integer=platea&aliquet=dictumst&massa=etiam&id=faucibus&lobortis=cursus&convallis=urna&tortor=ut&risus=tellus&dapibus=nulla&augue=ut&vel=erat&accumsan=id&tellus=mauris&nisi=vulputate&eu=elementum&orci=nullam&mauris=varius&lacinia=nulla&sapien=facilisi&quis=cras&libero=non&nullam=velit&sit=nec&amet=nisi','Artikel_Medium',34),('http://archive.org/porta/volutpat/quam/pede.xml?morbi=vestibulum&quis=ante&tortor=ipsum&id=primis&nulla=in&ultrices=faucibus','Materi_Ajar',23),('http://arizona.edu/at/nibh/in.html?tempor=enim&convallis=leo&nulla=rhoncus&neque=sed&libero=vestibulum&convallis=sit&eget=amet&eleifend=cursus&luctus=id&ultricies=turpis&eu=integer&nibh=aliquet&quisque=massa&id=id&justo=lobortis&sit=convallis&amet=tortor&sapien=risus&dignissim=dapibus&vestibulum=augue&vestibulum=vel&ante=accumsan&ipsum=tellus&primis=nisi&in=eu&faucibus=orci&orci=mauris&luctus=lacinia&et=sapien&ultrices=quis&posuere=libero&cubilia=nullam&curae=sit&nulla=amet&dapibus=turpis&dolor=elementum&vel=ligula&est=vehicula&donec=consequat&odio=morbi&justo=a&sollicitudin=ipsum&ut=integer&suscipit=a&a=nibh&feugiat=in&et=quis&eros=justo&vestibulum=maecenas&ac=rhoncus&est=aliquam&lacinia=lacus&nisi=morbi&venenatis=quis&tristique=tortor','Artikel_Medium',48),('http://arizona.edu/morbi/a/ipsum/integer/a/nibh/in.html?dolor=pharetra&vel=magna&est=vestibulum&donec=aliquet&odio=ultrices&justo=erat&sollicitudin=tortor&ut=sollicitudin&suscipit=mi&a=sit&feugiat=amet&et=lobortis&eros=sapien&vestibulum=sapien&ac=non&est=mi&lacinia=integer&nisi=ac&venenatis=neque&tristique=duis&fusce=bibendum&congue=morbi&diam=non&id=quam&ornare=nec&imperdiet=dui&sapien=luctus&urna=rutrum&pretium=nulla&nisl=tellus&ut=in&volutpat=sagittis&sapien=dui&arcu=vel&sed=nisl&augue=duis&aliquam=ac&erat=nibh&volutpat=fusce&in=lacus&congue=purus&etiam=aliquet&justo=at&etiam=feugiat&pretium=non&iaculis=pretium&justo=quis&in=lectus&hac=suspendisse&habitasse=potenti&platea=in&dictumst=eleifend&etiam=quam&faucibus=a&cursus=odio&urna=in&ut=hac&tellus=habitasse&nulla=platea&ut=dictumst&erat=maecenas&id=ut&mauris=massa&vulputate=quis&elementum=augue&nullam=luctus&varius=tincidunt&nulla=nulla&facilisi=mollis&cras=molestie&non=lorem&velit=quisque','Artikel_Medium',70),('http://arstechnica.com/faucibus/orci.js?sed=at&sagittis=nunc&nam=commodo&congue=placerat&risus=praesent&semper=blandit&porta=nam&volutpat=nulla&quam=integer&pede=pede&lobortis=justo&ligula=lacinia&sit=eget&amet=tincidunt&eleifend=eget&pede=tempus&libero=vel&quis=pede&orci=morbi&nullam=porttitor&molestie=lorem&nibh=id&in=ligula&lectus=suspendisse&pellentesque=ornare&at=consequat&nulla=lectus&suspendisse=in&potenti=est&cras=risus&in=auctor&purus=sed&eu=tristique&magna=in&vulputate=tempus&luctus=sit&cum=amet&sociis=sem&natoque=fusce&penatibus=consequat&et=nulla&magnis=nisl&dis=nunc&parturient=nisl&montes=duis&nascetur=bibendum&ridiculus=felis&mus=sed&vivamus=interdum&vestibulum=venenatis&sagittis=turpis&sapien=enim&cum=blandit&sociis=mi&natoque=in&penatibus=porttitor&et=pede&magnis=justo&dis=eu&parturient=massa&montes=donec&nascetur=dapibus&ridiculus=duis&mus=at&etiam=velit&vel=eu&augue=est&vestibulum=congue','Artikel_Medium',19),('http://baidu.com/sollicitudin/vitae/consectetuer/eget/rutrum/at/lorem.json?morbi=id&vestibulum=lobortis&velit=convallis','Materi_Ajar',76),('http://bbb.org/congue/risus.aspx?sapien=orci&iaculis=luctus&congue=et&vivamus=ultrices&metus=posuere&arcu=cubilia&adipiscing=curae&molestie=nulla&hendrerit=dapibus&at=dolor&vulputate=vel&vitae=est&nisl=donec&aenean=odio&lectus=justo&pellentesque=sollicitudin&eget=ut&nunc=suscipit&donec=a&quis=feugiat&orci=et&eget=eros&orci=vestibulum&vehicula=ac&condimentum=est&curabitur=lacinia&in=nisi&libero=venenatis&ut=tristique&massa=fusce&volutpat=congue&convallis=diam&morbi=id&odio=ornare&odio=imperdiet&elementum=sapien&eu=urna&interdum=pretium&eu=nisl&tincidunt=ut&in=volutpat&leo=sapien&maecenas=arcu&pulvinar=sed&lobortis=augue&est=aliquam&phasellus=erat&sit=volutpat&amet=in&erat=congue&nulla=etiam&tempus=justo&vivamus=etiam&in=pretium&felis=iaculis&eu=justo&sapien=in&cursus=hac&vestibulum=habitasse&proin=platea&eu=dictumst&mi=etiam&nulla=faucibus&ac=cursus&enim=urna&in=ut','Artikel_Medium',12),('http://bbb.org/convallis/nunc/proin/at/turpis/a/pede.aspx?ac=odio','Materi_Ajar',69),('http://berkeley.edu/malesuada/in/imperdiet/et/commodo/vulputate.png?sapien=elit&iaculis=ac&congue=nulla&vivamus=sed&metus=vel&arcu=enim&adipiscing=sit&molestie=amet&hendrerit=nunc&at=viverra&vulputate=dapibus&vitae=nulla&nisl=suscipit&aenean=ligula&lectus=in&pellentesque=lacus&eget=curabitur&nunc=at&donec=ipsum&quis=ac&orci=tellus&eget=semper&orci=interdum&vehicula=mauris&condimentum=ullamcorper&curabitur=purus&in=sit&libero=amet&ut=nulla&massa=quisque&volutpat=arcu&convallis=libero&morbi=rutrum&odio=ac&odio=lobortis','Materi_Ajar',31),('http://biblegateway.com/montes/nascetur/ridiculus/mus/etiam/vel/augue.png?erat=mi&volutpat=integer&in=ac&congue=neque&etiam=duis&justo=bibendum&etiam=morbi&pretium=non&iaculis=quam&justo=nec&in=dui&hac=luctus&habitasse=rutrum&platea=nulla&dictumst=tellus&etiam=in&faucibus=sagittis&cursus=dui&urna=vel&ut=nisl&tellus=duis&nulla=ac&ut=nibh&erat=fusce&id=lacus&mauris=purus&vulputate=aliquet&elementum=at&nullam=feugiat&varius=non&nulla=pretium&facilisi=quis&cras=lectus&non=suspendisse&velit=potenti&nec=in&nisi=eleifend&vulputate=quam&nonummy=a&maecenas=odio&tincidunt=in&lacus=hac&at=habitasse&velit=platea&vivamus=dictumst&vel=maecenas&nulla=ut&eget=massa&eros=quis&elementum=augue&pellentesque=luctus&quisque=tincidunt&porta=nulla&volutpat=mollis&erat=molestie&quisque=lorem&erat=quisque&eros=ut&viverra=erat&eget=curabitur&congue=gravida&eget=nisi&semper=at&rutrum=nibh&nulla=in&nunc=hac&purus=habitasse&phasellus=platea&in=dictumst&felis=aliquam&donec=augue&semper=quam&sapien=sollicitudin&a=vitae&libero=consectetuer&nam=eget&dui=rutrum&proin=at&leo=lorem&odio=integer&porttitor=tincidunt&id=ante&consequat=vel&in=ipsum&consequat=praesent&ut=blandit&nulla=lacinia','Artikel_Medium',85),('http://blogger.com/ipsum/dolor/sit.png?odio=consequat&condimentum=lectus&id=in&luctus=est&nec=risus&molestie=auctor&sed=sed&justo=tristique&pellentesque=in&viverra=tempus&pede=sit&ac=amet&diam=sem&cras=fusce&pellentesque=consequat&volutpat=nulla&dui=nisl&maecenas=nunc&tristique=nisl&est=duis&et=bibendum&tempus=felis&semper=sed&est=interdum&quam=venenatis&pharetra=turpis&magna=enim&ac=blandit&consequat=mi&metus=in&sapien=porttitor&ut=pede&nunc=justo&vestibulum=eu&ante=massa&ipsum=donec&primis=dapibus&in=duis&faucibus=at&orci=velit&luctus=eu&et=est&ultrices=congue&posuere=elementum&cubilia=in&curae=hac&mauris=habitasse&viverra=platea&diam=dictumst&vitae=morbi&quam=vestibulum&suspendisse=velit&potenti=id&nullam=pretium&porttitor=iaculis&lacus=diam&at=erat&turpis=fermentum','Materi_Ajar',24),('http://blogger.com/risus/dapibus/augue/vel/accumsan/tellus.png?quis=lobortis&augue=convallis&luctus=tortor&tincidunt=risus&nulla=dapibus&mollis=augue&molestie=vel&lorem=accumsan&quisque=tellus&ut=nisi&erat=eu&curabitur=orci&gravida=mauris&nisi=lacinia&at=sapien&nibh=quis&in=libero&hac=nullam&habitasse=sit&platea=amet&dictumst=turpis&aliquam=elementum&augue=ligula&quam=vehicula&sollicitudin=consequat&vitae=morbi&consectetuer=a&eget=ipsum&rutrum=integer&at=a&lorem=nibh&integer=in&tincidunt=quis&ante=justo&vel=maecenas&ipsum=rhoncus&praesent=aliquam&blandit=lacus&lacinia=morbi&erat=quis&vestibulum=tortor&sed=id&magna=nulla&at=ultrices&nunc=aliquet&commodo=maecenas&placerat=leo&praesent=odio&blandit=condimentum&nam=id&nulla=luctus','Materi_Ajar',10),('http://blogger.com/ullamcorper/augue/a/suscipit/nulla/elit/ac.jsp?sapien=sem&iaculis=fusce&congue=consequat&vivamus=nulla&metus=nisl&arcu=nunc&adipiscing=nisl&molestie=duis&hendrerit=bibendum&at=felis&vulputate=sed&vitae=interdum&nisl=venenatis&aenean=turpis&lectus=enim&pellentesque=blandit&eget=mi&nunc=in&donec=porttitor&quis=pede&orci=justo&eget=eu&orci=massa&vehicula=donec&condimentum=dapibus&curabitur=duis&in=at&libero=velit&ut=eu&massa=est&volutpat=congue&convallis=elementum&morbi=in&odio=hac&odio=habitasse&elementum=platea&eu=dictumst&interdum=morbi&eu=vestibulum&tincidunt=velit&in=id&leo=pretium&maecenas=iaculis&pulvinar=diam&lobortis=erat&est=fermentum&phasellus=justo&sit=nec&amet=condimentum&erat=neque&nulla=sapien&tempus=placerat&vivamus=ante&in=nulla&felis=justo&eu=aliquam&sapien=quis&cursus=turpis&vestibulum=eget&proin=elit&eu=sodales&mi=scelerisque&nulla=mauris&ac=sit&enim=amet&in=eros&tempor=suspendisse&turpis=accumsan&nec=tortor&euismod=quis&scelerisque=turpis&quam=sed&turpis=ante&adipiscing=vivamus&lorem=tortor&vitae=duis&mattis=mattis&nibh=egestas&ligula=metus&nec=aenean&sem=fermentum&duis=donec&aliquam=ut&convallis=mauris','Materi_Ajar',61),('http://bloglines.com/morbi/sem/mauris/laoreet.json?nulla=vulputate&facilisi=nonummy&cras=maecenas&non=tincidunt&velit=lacus&nec=at&nisi=velit&vulputate=vivamus&nonummy=vel&maecenas=nulla&tincidunt=eget&lacus=eros&at=elementum&velit=pellentesque&vivamus=quisque&vel=porta&nulla=volutpat&eget=erat&eros=quisque&elementum=erat&pellentesque=eros&quisque=viverra&porta=eget&volutpat=congue&erat=eget&quisque=semper&erat=rutrum&eros=nulla&viverra=nunc&eget=purus&congue=phasellus&eget=in&semper=felis&rutrum=donec&nulla=semper&nunc=sapien&purus=a&phasellus=libero&in=nam&felis=dui&donec=proin&semper=leo&sapien=odio&a=porttitor&libero=id&nam=consequat&dui=in&proin=consequat&leo=ut&odio=nulla&porttitor=sed&id=accumsan&consequat=felis&in=ut&consequat=at&ut=dolor&nulla=quis&sed=odio&accumsan=consequat&felis=varius&ut=integer&at=ac&dolor=leo&quis=pellentesque&odio=ultrices','Materi_Ajar',45),('http://bluehost.com/augue/aliquam/erat.xml?orci=at&luctus=velit&et=vivamus&ultrices=vel&posuere=nulla&cubilia=eget&curae=eros&mauris=elementum&viverra=pellentesque&diam=quisque&vitae=porta','Artikel_Medium',65),('http://businessinsider.com/lacinia/aenean/sit.xml?dolor=pretium&morbi=iaculis&vel=diam&lectus=erat&in=fermentum&quam=justo&fringilla=nec&rhoncus=condimentum&mauris=neque&enim=sapien&leo=placerat&rhoncus=ante&sed=nulla&vestibulum=justo&sit=aliquam&amet=quis&cursus=turpis&id=eget&turpis=elit&integer=sodales&aliquet=scelerisque&massa=mauris&id=sit&lobortis=amet&convallis=eros&tortor=suspendisse&risus=accumsan&dapibus=tortor&augue=quis&vel=turpis&accumsan=sed&tellus=ante&nisi=vivamus&eu=tortor&orci=duis&mauris=mattis&lacinia=egestas&sapien=metus&quis=aenean&libero=fermentum&nullam=donec&sit=ut&amet=mauris&turpis=eget&elementum=massa&ligula=tempor&vehicula=convallis&consequat=nulla&morbi=neque&a=libero&ipsum=convallis&integer=eget&a=eleifend&nibh=luctus&in=ultricies&quis=eu&justo=nibh&maecenas=quisque&rhoncus=id&aliquam=justo&lacus=sit&morbi=amet&quis=sapien&tortor=dignissim&id=vestibulum&nulla=vestibulum&ultrices=ante&aliquet=ipsum&maecenas=primis&leo=in','Materi_Ajar',5),('http://buzzfeed.com/purus/eu/magna/vulputate.jsp?justo=amet&etiam=sapien&pretium=dignissim&iaculis=vestibulum&justo=vestibulum&in=ante&hac=ipsum&habitasse=primis&platea=in&dictumst=faucibus&etiam=orci&faucibus=luctus&cursus=et&urna=ultrices&ut=posuere&tellus=cubilia&nulla=curae&ut=nulla','Artikel_Medium',8),('http://cafepress.com/neque/sapien/placerat/ante/nulla.aspx?et=sed&ultrices=sagittis&posuere=nam&cubilia=congue&curae=risus&donec=semper&pharetra=porta&magna=volutpat&vestibulum=quam&aliquet=pede&ultrices=lobortis&erat=ligula&tortor=sit&sollicitudin=amet&mi=eleifend&sit=pede&amet=libero&lobortis=quis&sapien=orci&sapien=nullam&non=molestie&mi=nibh&integer=in&ac=lectus&neque=pellentesque&duis=at&bibendum=nulla&morbi=suspendisse&non=potenti&quam=cras&nec=in&dui=purus&luctus=eu&rutrum=magna&nulla=vulputate&tellus=luctus&in=cum&sagittis=sociis&dui=natoque&vel=penatibus&nisl=et&duis=magnis&ac=dis&nibh=parturient&fusce=montes&lacus=nascetur','Materi_Ajar',17),('http://cocolog-nifty.com/scelerisque/mauris/sit/amet.png?vulputate=eros&elementum=vestibulum&nullam=ac&varius=est&nulla=lacinia&facilisi=nisi&cras=venenatis&non=tristique&velit=fusce&nec=congue&nisi=diam&vulputate=id&nonummy=ornare&maecenas=imperdiet&tincidunt=sapien&lacus=urna&at=pretium&velit=nisl&vivamus=ut&vel=volutpat&nulla=sapien&eget=arcu&eros=sed&elementum=augue&pellentesque=aliquam&quisque=erat&porta=volutpat&volutpat=in&erat=congue&quisque=etiam&erat=justo&eros=etiam&viverra=pretium&eget=iaculis&congue=justo&eget=in&semper=hac&rutrum=habitasse&nulla=platea&nunc=dictumst&purus=etiam&phasellus=faucibus&in=cursus&felis=urna&donec=ut&semper=tellus&sapien=nulla&a=ut&libero=erat&nam=id&dui=mauris&proin=vulputate&leo=elementum&odio=nullam&porttitor=varius&id=nulla&consequat=facilisi&in=cras&consequat=non&ut=velit&nulla=nec&sed=nisi&accumsan=vulputate&felis=nonummy&ut=maecenas&at=tincidunt&dolor=lacus&quis=at&odio=velit&consequat=vivamus&varius=vel&integer=nulla&ac=eget&leo=eros&pellentesque=elementum&ultrices=pellentesque&mattis=quisque&odio=porta&donec=volutpat&vitae=erat&nisi=quisque&nam=erat&ultrices=eros&libero=viverra&non=eget&mattis=congue&pulvinar=eget','Artikel_Medium',20),('http://csmonitor.com/ut/massa/quis/augue/luctus/tincidunt.xml?vivamus=mauris&metus=vulputate&arcu=elementum&adipiscing=nullam&molestie=varius&hendrerit=nulla&at=facilisi&vulputate=cras&vitae=non&nisl=velit&aenean=nec&lectus=nisi&pellentesque=vulputate&eget=nonummy&nunc=maecenas&donec=tincidunt&quis=lacus&orci=at&eget=velit&orci=vivamus&vehicula=vel&condimentum=nulla&curabitur=eget&in=eros&libero=elementum&ut=pellentesque&massa=quisque&volutpat=porta&convallis=volutpat&morbi=erat&odio=quisque&odio=erat&elementum=eros&eu=viverra&interdum=eget&eu=congue&tincidunt=eget&in=semper&leo=rutrum&maecenas=nulla&pulvinar=nunc&lobortis=purus&est=phasellus&phasellus=in&sit=felis&amet=donec&erat=semper&nulla=sapien&tempus=a&vivamus=libero&in=nam&felis=dui&eu=proin&sapien=leo&cursus=odio&vestibulum=porttitor&proin=id&eu=consequat&mi=in&nulla=consequat&ac=ut&enim=nulla&in=sed&tempor=accumsan&turpis=felis&nec=ut&euismod=at&scelerisque=dolor&quam=quis&turpis=odio&adipiscing=consequat&lorem=varius&vitae=integer&mattis=ac&nibh=leo&ligula=pellentesque&nec=ultrices&sem=mattis&duis=odio&aliquam=donec&convallis=vitae&nunc=nisi&proin=nam&at=ultrices&turpis=libero&a=non&pede=mattis&posuere=pulvinar&nonummy=nulla&integer=pede','Materi_Ajar',84),('http://cyberchimps.com/sapien/in/sapien/iaculis/congue.js?aenean=vulputate&sit=elementum&amet=nullam&justo=varius&morbi=nulla&ut=facilisi&odio=cras&cras=non&mi=velit&pede=nec&malesuada=nisi&in=vulputate&imperdiet=nonummy&et=maecenas&commodo=tincidunt&vulputate=lacus&justo=at&in=velit&blandit=vivamus&ultrices=vel&enim=nulla&lorem=eget&ipsum=eros&dolor=elementum&sit=pellentesque&amet=quisque&consectetuer=porta&adipiscing=volutpat&elit=erat&proin=quisque&interdum=erat&mauris=eros&non=viverra&ligula=eget&pellentesque=congue&ultrices=eget&phasellus=semper&id=rutrum&sapien=nulla&in=nunc&sapien=purus&iaculis=phasellus&congue=in&vivamus=felis&metus=donec&arcu=semper&adipiscing=sapien&molestie=a&hendrerit=libero&at=nam&vulputate=dui&vitae=proin&nisl=leo&aenean=odio&lectus=porttitor&pellentesque=id&eget=consequat&nunc=in&donec=consequat&quis=ut&orci=nulla&eget=sed&orci=accumsan&vehicula=felis&condimentum=ut&curabitur=at&in=dolor&libero=quis&ut=odio&massa=consequat&volutpat=varius&convallis=integer&morbi=ac&odio=leo&odio=pellentesque&elementum=ultrices&eu=mattis&interdum=odio&eu=donec&tincidunt=vitae&in=nisi&leo=nam&maecenas=ultrices&pulvinar=libero&lobortis=non&est=mattis&phasellus=pulvinar','Artikel_Medium',71),('http://delicious.com/vivamus/vestibulum/sagittis.jpg?integer=risus&aliquet=semper&massa=porta&id=volutpat&lobortis=quam&convallis=pede&tortor=lobortis&risus=ligula&dapibus=sit&augue=amet','Artikel_Medium',9),('http://digg.com/placerat/praesent/blandit.aspx?euismod=semper&scelerisque=sapien&quam=a&turpis=libero&adipiscing=nam&lorem=dui&vitae=proin&mattis=leo&nibh=odio&ligula=porttitor&nec=id&sem=consequat&duis=in&aliquam=consequat&convallis=ut&nunc=nulla&proin=sed&at=accumsan&turpis=felis&a=ut&pede=at&posuere=dolor&nonummy=quis&integer=odio&non=consequat&velit=varius&donec=integer&diam=ac&neque=leo&vestibulum=pellentesque&eget=ultrices&vulputate=mattis&ut=odio&ultrices=donec&vel=vitae&augue=nisi&vestibulum=nam&ante=ultrices&ipsum=libero&primis=non&in=mattis&faucibus=pulvinar&orci=nulla&luctus=pede&et=ullamcorper&ultrices=augue&posuere=a&cubilia=suscipit&curae=nulla&donec=elit&pharetra=ac','Materi_Ajar',17),('http://discovery.com/sit/amet.jsp?nulla=id&pede=nisl&ullamcorper=venenatis&augue=lacinia&a=aenean&suscipit=sit&nulla=amet&elit=justo&ac=morbi&nulla=ut&sed=odio&vel=cras&enim=mi','Materi_Ajar',17),('http://dyndns.org/elementum/in/hac.html?lorem=praesent&ipsum=id&dolor=massa&sit=id&amet=nisl&consectetuer=venenatis&adipiscing=lacinia&elit=aenean&proin=sit&risus=amet&praesent=justo&lectus=morbi&vestibulum=ut&quam=odio&sapien=cras&varius=mi&ut=pede&blandit=malesuada&non=in&interdum=imperdiet&in=et&ante=commodo&vestibulum=vulputate&ante=justo&ipsum=in&primis=blandit&in=ultrices&faucibus=enim&orci=lorem&luctus=ipsum&et=dolor&ultrices=sit&posuere=amet&cubilia=consectetuer&curae=adipiscing&duis=elit&faucibus=proin&accumsan=interdum&odio=mauris&curabitur=non&convallis=ligula&duis=pellentesque&consequat=ultrices&dui=phasellus&nec=id&nisi=sapien&volutpat=in&eleifend=sapien&donec=iaculis&ut=congue&dolor=vivamus&morbi=metus&vel=arcu&lectus=adipiscing&in=molestie&quam=hendrerit&fringilla=at&rhoncus=vulputate&mauris=vitae&enim=nisl&leo=aenean&rhoncus=lectus&sed=pellentesque&vestibulum=eget&sit=nunc&amet=donec&cursus=quis&id=orci','Artikel_Medium',24),('http://ebay.com/id/luctus/nec/molestie/sed/justo/pellentesque.jsp?vestibulum=proin&proin=at&eu=turpis&mi=a&nulla=pede&ac=posuere&enim=nonummy&in=integer&tempor=non&turpis=velit&nec=donec&euismod=diam&scelerisque=neque&quam=vestibulum&turpis=eget&adipiscing=vulputate&lorem=ut&vitae=ultrices&mattis=vel&nibh=augue&ligula=vestibulum&nec=ante&sem=ipsum&duis=primis&aliquam=in&convallis=faucibus&nunc=orci&proin=luctus&at=et&turpis=ultrices&a=posuere&pede=cubilia&posuere=curae&nonummy=donec&integer=pharetra&non=magna&velit=vestibulum&donec=aliquet&diam=ultrices&neque=erat&vestibulum=tortor&eget=sollicitudin&vulputate=mi&ut=sit&ultrices=amet&vel=lobortis&augue=sapien&vestibulum=sapien&ante=non&ipsum=mi&primis=integer&in=ac&faucibus=neque&orci=duis&luctus=bibendum&et=morbi&ultrices=non&posuere=quam','Materi_Ajar',38),('http://ebay.com/volutpat/quam/pede/lobortis.png?vitae=tincidunt&ipsum=ante&aliquam=vel&non=ipsum&mauris=praesent&morbi=blandit&non=lacinia&lectus=erat&aliquam=vestibulum&sit=sed&amet=magna&diam=at&in=nunc&magna=commodo&bibendum=placerat&imperdiet=praesent&nullam=blandit&orci=nam&pede=nulla&venenatis=integer&non=pede&sodales=justo&sed=lacinia&tincidunt=eget&eu=tincidunt&felis=eget&fusce=tempus&posuere=vel&felis=pede&sed=morbi&lacus=porttitor&morbi=lorem&sem=id&mauris=ligula&laoreet=suspendisse&ut=ornare&rhoncus=consequat&aliquet=lectus&pulvinar=in&sed=est&nisl=risus&nunc=auctor&rhoncus=sed&dui=tristique&vel=in&sem=tempus&sed=sit&sagittis=amet&nam=sem&congue=fusce&risus=consequat&semper=nulla&porta=nisl&volutpat=nunc&quam=nisl&pede=duis','Materi_Ajar',90),('http://ed.gov/sit/amet/turpis/elementum/ligula/vehicula.js?dictumst=ligula&etiam=vehicula&faucibus=consequat&cursus=morbi&urna=a&ut=ipsum&tellus=integer&nulla=a&ut=nibh&erat=in&id=quis&mauris=justo&vulputate=maecenas&elementum=rhoncus&nullam=aliquam&varius=lacus&nulla=morbi&facilisi=quis','Materi_Ajar',62),('http://etsy.com/est/risus/auctor/sed/tristique.png?donec=ac&pharetra=consequat&magna=metus&vestibulum=sapien&aliquet=ut&ultrices=nunc&erat=vestibulum&tortor=ante&sollicitudin=ipsum&mi=primis&sit=in&amet=faucibus&lobortis=orci&sapien=luctus&sapien=et&non=ultrices&mi=posuere&integer=cubilia&ac=curae&neque=mauris&duis=viverra&bibendum=diam&morbi=vitae&non=quam&quam=suspendisse&nec=potenti','Materi_Ajar',75),('http://flavors.me/venenatis/turpis/enim/blandit/mi/in.js?vel=posuere&nulla=cubilia&eget=curae&eros=donec&elementum=pharetra&pellentesque=magna&quisque=vestibulum&porta=aliquet&volutpat=ultrices&erat=erat&quisque=tortor&erat=sollicitudin&eros=mi&viverra=sit&eget=amet&congue=lobortis&eget=sapien&semper=sapien&rutrum=non&nulla=mi&nunc=integer&purus=ac&phasellus=neque&in=duis&felis=bibendum&donec=morbi&semper=non&sapien=quam&a=nec&libero=dui&nam=luctus&dui=rutrum&proin=nulla&leo=tellus&odio=in&porttitor=sagittis&id=dui&consequat=vel&in=nisl&consequat=duis&ut=ac&nulla=nibh&sed=fusce&accumsan=lacus&felis=purus&ut=aliquet&at=at&dolor=feugiat&quis=non&odio=pretium&consequat=quis&varius=lectus&integer=suspendisse&ac=potenti&leo=in&pellentesque=eleifend&ultrices=quam&mattis=a&odio=odio&donec=in&vitae=hac&nisi=habitasse&nam=platea&ultrices=dictumst&libero=maecenas&non=ut&mattis=massa&pulvinar=quis&nulla=augue&pede=luctus&ullamcorper=tincidunt&augue=nulla&a=mollis&suscipit=molestie&nulla=lorem&elit=quisque&ac=ut&nulla=erat&sed=curabitur&vel=gravida&enim=nisi&sit=at&amet=nibh','Materi_Ajar',2),('http://freewebs.com/quis/odio/consequat.jpg?massa=volutpat&id=dui&nisl=maecenas&venenatis=tristique&lacinia=est&aenean=et&sit=tempus&amet=semper&justo=est&morbi=quam&ut=pharetra&odio=magna&cras=ac&mi=consequat&pede=metus&malesuada=sapien&in=ut&imperdiet=nunc&et=vestibulum&commodo=ante&vulputate=ipsum&justo=primis&in=in&blandit=faucibus&ultrices=orci&enim=luctus','Materi_Ajar',22),('http://ftc.gov/platea/dictumst/morbi.html?mauris=id&laoreet=turpis&ut=integer&rhoncus=aliquet&aliquet=massa&pulvinar=id&sed=lobortis&nisl=convallis&nunc=tortor&rhoncus=risus&dui=dapibus&vel=augue','Artikel_Medium',44),('http://github.io/cum/sociis/natoque/penatibus/et.jpg?bibendum=posuere&imperdiet=nonummy&nullam=integer&orci=non&pede=velit&venenatis=donec&non=diam&sodales=neque&sed=vestibulum&tincidunt=eget&eu=vulputate&felis=ut&fusce=ultrices&posuere=vel&felis=augue&sed=vestibulum&lacus=ante&morbi=ipsum&sem=primis&mauris=in&laoreet=faucibus&ut=orci&rhoncus=luctus&aliquet=et&pulvinar=ultrices&sed=posuere&nisl=cubilia&nunc=curae&rhoncus=donec&dui=pharetra&vel=magna&sem=vestibulum&sed=aliquet&sagittis=ultrices&nam=erat&congue=tortor&risus=sollicitudin&semper=mi&porta=sit&volutpat=amet&quam=lobortis&pede=sapien&lobortis=sapien&ligula=non&sit=mi&amet=integer&eleifend=ac&pede=neque&libero=duis&quis=bibendum&orci=morbi&nullam=non','Artikel_Medium',39),('http://github.io/leo/maecenas/pulvinar/lobortis.jpg?turpis=condimentum&elementum=id&ligula=luctus&vehicula=nec&consequat=molestie&morbi=sed&a=justo&ipsum=pellentesque&integer=viverra&a=pede&nibh=ac&in=diam&quis=cras&justo=pellentesque&maecenas=volutpat&rhoncus=dui&aliquam=maecenas&lacus=tristique&morbi=est&quis=et&tortor=tempus&id=semper&nulla=est&ultrices=quam&aliquet=pharetra&maecenas=magna&leo=ac&odio=consequat&condimentum=metus&id=sapien&luctus=ut&nec=nunc&molestie=vestibulum&sed=ante&justo=ipsum&pellentesque=primis&viverra=in&pede=faucibus&ac=orci&diam=luctus&cras=et&pellentesque=ultrices&volutpat=posuere&dui=cubilia&maecenas=curae&tristique=mauris&est=viverra&et=diam&tempus=vitae&semper=quam&est=suspendisse&quam=potenti&pharetra=nullam&magna=porttitor&ac=lacus&consequat=at&metus=turpis&sapien=donec&ut=posuere&nunc=metus&vestibulum=vitae&ante=ipsum&ipsum=aliquam&primis=non&in=mauris&faucibus=morbi&orci=non&luctus=lectus&et=aliquam&ultrices=sit&posuere=amet&cubilia=diam&curae=in&mauris=magna&viverra=bibendum&diam=imperdiet&vitae=nullam&quam=orci&suspendisse=pede&potenti=venenatis&nullam=non&porttitor=sodales&lacus=sed&at=tincidunt&turpis=eu&donec=felis','Artikel_Medium',81),('http://goo.gl/dictumst/morbi/vestibulum/velit/id/pretium/iaculis.json?sit=cras&amet=non&eleifend=velit&pede=nec&libero=nisi&quis=vulputate&orci=nonummy&nullam=maecenas&molestie=tincidunt&nibh=lacus&in=at','Artikel_Medium',10),('http://goo.ne.jp/ut.html?ut=vel&suscipit=lectus&a=in&feugiat=quam&et=fringilla&eros=rhoncus&vestibulum=mauris&ac=enim&est=leo&lacinia=rhoncus&nisi=sed','Artikel_Medium',22),('http://google.co.jp/et/magnis/dis/parturient.xml?ac=quam&est=sapien&lacinia=varius&nisi=ut&venenatis=blandit&tristique=non&fusce=interdum&congue=in&diam=ante&id=vestibulum&ornare=ante&imperdiet=ipsum&sapien=primis&urna=in&pretium=faucibus&nisl=orci&ut=luctus&volutpat=et&sapien=ultrices&arcu=posuere&sed=cubilia&augue=curae&aliquam=duis&erat=faucibus&volutpat=accumsan&in=odio&congue=curabitur&etiam=convallis&justo=duis&etiam=consequat&pretium=dui&iaculis=nec&justo=nisi&in=volutpat&hac=eleifend&habitasse=donec&platea=ut&dictumst=dolor&etiam=morbi&faucibus=vel&cursus=lectus','Materi_Ajar',83),('http://google.com.au/nibh/ligula/nec/sem/duis.js?suscipit=nisi&a=venenatis&feugiat=tristique&et=fusce&eros=congue&vestibulum=diam&ac=id&est=ornare&lacinia=imperdiet','Artikel_Medium',58),('http://google.com/quam/sapien.jpg?blandit=sem&ultrices=praesent&enim=id&lorem=massa&ipsum=id&dolor=nisl&sit=venenatis&amet=lacinia&consectetuer=aenean&adipiscing=sit&elit=amet','Materi_Ajar',32),('http://google.pl/phasellus.aspx?hendrerit=vel&at=accumsan&vulputate=tellus&vitae=nisi&nisl=eu&aenean=orci&lectus=mauris&pellentesque=lacinia&eget=sapien&nunc=quis&donec=libero&quis=nullam&orci=sit&eget=amet&orci=turpis&vehicula=elementum&condimentum=ligula&curabitur=vehicula&in=consequat&libero=morbi&ut=a&massa=ipsum&volutpat=integer&convallis=a&morbi=nibh&odio=in&odio=quis&elementum=justo&eu=maecenas&interdum=rhoncus&eu=aliquam&tincidunt=lacus&in=morbi&leo=quis&maecenas=tortor&pulvinar=id&lobortis=nulla&est=ultrices&phasellus=aliquet&sit=maecenas&amet=leo&erat=odio&nulla=condimentum&tempus=id&vivamus=luctus&in=nec&felis=molestie&eu=sed&sapien=justo&cursus=pellentesque&vestibulum=viverra&proin=pede&eu=ac&mi=diam&nulla=cras&ac=pellentesque&enim=volutpat&in=dui&tempor=maecenas&turpis=tristique&nec=est&euismod=et&scelerisque=tempus&quam=semper&turpis=est&adipiscing=quam&lorem=pharetra&vitae=magna&mattis=ac&nibh=consequat&ligula=metus&nec=sapien&sem=ut&duis=nunc&aliquam=vestibulum&convallis=ante&nunc=ipsum&proin=primis&at=in&turpis=faucibus&a=orci','Materi_Ajar',74),('http://harvard.edu/mi/pede/malesuada.xml?eros=nibh&vestibulum=in&ac=quis&est=justo&lacinia=maecenas&nisi=rhoncus&venenatis=aliquam&tristique=lacus&fusce=morbi&congue=quis&diam=tortor&id=id&ornare=nulla&imperdiet=ultrices&sapien=aliquet&urna=maecenas&pretium=leo&nisl=odio&ut=condimentum&volutpat=id&sapien=luctus&arcu=nec&sed=molestie&augue=sed&aliquam=justo&erat=pellentesque&volutpat=viverra&in=pede&congue=ac&etiam=diam&justo=cras&etiam=pellentesque&pretium=volutpat&iaculis=dui&justo=maecenas&in=tristique&hac=est&habitasse=et&platea=tempus&dictumst=semper&etiam=est&faucibus=quam&cursus=pharetra&urna=magna&ut=ac&tellus=consequat&nulla=metus&ut=sapien&erat=ut&id=nunc&mauris=vestibulum&vulputate=ante&elementum=ipsum&nullam=primis&varius=in&nulla=faucibus&facilisi=orci&cras=luctus&non=et&velit=ultrices&nec=posuere&nisi=cubilia&vulputate=curae&nonummy=mauris&maecenas=viverra&tincidunt=diam&lacus=vitae&at=quam&velit=suspendisse&vivamus=potenti&vel=nullam&nulla=porttitor&eget=lacus&eros=at&elementum=turpis&pellentesque=donec&quisque=posuere&porta=metus&volutpat=vitae&erat=ipsum&quisque=aliquam&erat=non&eros=mauris&viverra=morbi&eget=non&congue=lectus&eget=aliquam&semper=sit&rutrum=amet&nulla=diam&nunc=in&purus=magna&phasellus=bibendum&in=imperdiet&felis=nullam&donec=orci&semper=pede&sapien=venenatis&a=non&libero=sodales','Materi_Ajar',94),('http://howstuffworks.com/dui/proin/leo.json?potenti=elementum&nullam=nullam&porttitor=varius&lacus=nulla&at=facilisi&turpis=cras&donec=non&posuere=velit&metus=nec&vitae=nisi&ipsum=vulputate&aliquam=nonummy&non=maecenas&mauris=tincidunt&morbi=lacus&non=at&lectus=velit&aliquam=vivamus&sit=vel&amet=nulla&diam=eget&in=eros&magna=elementum&bibendum=pellentesque&imperdiet=quisque&nullam=porta&orci=volutpat&pede=erat&venenatis=quisque&non=erat&sodales=eros&sed=viverra&tincidunt=eget&eu=congue&felis=eget&fusce=semper&posuere=rutrum&felis=nulla&sed=nunc&lacus=purus&morbi=phasellus&sem=in&mauris=felis&laoreet=donec&ut=semper&rhoncus=sapien&aliquet=a&pulvinar=libero&sed=nam&nisl=dui&nunc=proin&rhoncus=leo&dui=odio&vel=porttitor&sem=id&sed=consequat','Materi_Ajar',92),('http://huffingtonpost.com/velit/vivamus/vel/nulla/eget/eros/elementum.js?consectetuer=volutpat&adipiscing=convallis&elit=morbi&proin=odio&interdum=odio&mauris=elementum&non=eu&ligula=interdum&pellentesque=eu&ultrices=tincidunt&phasellus=in&id=leo&sapien=maecenas&in=pulvinar&sapien=lobortis&iaculis=est&congue=phasellus&vivamus=sit&metus=amet&arcu=erat&adipiscing=nulla&molestie=tempus&hendrerit=vivamus&at=in&vulputate=felis&vitae=eu&nisl=sapien&aenean=cursus&lectus=vestibulum&pellentesque=proin&eget=eu&nunc=mi&donec=nulla&quis=ac&orci=enim&eget=in&orci=tempor&vehicula=turpis&condimentum=nec&curabitur=euismod&in=scelerisque&libero=quam&ut=turpis&massa=adipiscing&volutpat=lorem&convallis=vitae&morbi=mattis&odio=nibh&odio=ligula&elementum=nec&eu=sem&interdum=duis&eu=aliquam&tincidunt=convallis&in=nunc&leo=proin&maecenas=at&pulvinar=turpis&lobortis=a&est=pede&phasellus=posuere&sit=nonummy&amet=integer&erat=non&nulla=velit&tempus=donec&vivamus=diam&in=neque&felis=vestibulum&eu=eget&sapien=vulputate&cursus=ut&vestibulum=ultrices&proin=vel&eu=augue&mi=vestibulum&nulla=ante&ac=ipsum&enim=primis&in=in&tempor=faucibus&turpis=orci&nec=luctus','Artikel_Medium',67),('http://illinois.edu/vestibulum/sed/magna.js?ut=urna&erat=pretium&id=nisl&mauris=ut&vulputate=volutpat&elementum=sapien&nullam=arcu&varius=sed&nulla=augue&facilisi=aliquam&cras=erat&non=volutpat&velit=in&nec=congue&nisi=etiam&vulputate=justo&nonummy=etiam&maecenas=pretium&tincidunt=iaculis&lacus=justo&at=in&velit=hac&vivamus=habitasse&vel=platea&nulla=dictumst&eget=etiam&eros=faucibus&elementum=cursus&pellentesque=urna&quisque=ut&porta=tellus&volutpat=nulla&erat=ut&quisque=erat&erat=id&eros=mauris&viverra=vulputate&eget=elementum&congue=nullam&eget=varius&semper=nulla&rutrum=facilisi&nulla=cras&nunc=non&purus=velit&phasellus=nec&in=nisi&felis=vulputate&donec=nonummy&semper=maecenas&sapien=tincidunt&a=lacus&libero=at&nam=velit&dui=vivamus&proin=vel&leo=nulla&odio=eget&porttitor=eros','Artikel_Medium',19),('http://instagram.com/nibh/fusce/lacus.js?in=mattis&quam=egestas&fringilla=metus&rhoncus=aenean&mauris=fermentum&enim=donec&leo=ut&rhoncus=mauris&sed=eget&vestibulum=massa&sit=tempor&amet=convallis&cursus=nulla&id=neque&turpis=libero&integer=convallis&aliquet=eget&massa=eleifend&id=luctus&lobortis=ultricies&convallis=eu&tortor=nibh&risus=quisque&dapibus=id&augue=justo','Materi_Ajar',55),('http://istockphoto.com/rhoncus/mauris/enim.js?ultrices=nulla&aliquet=ut&maecenas=erat','Materi_Ajar',47),('http://jalbum.net/dolor.png?id=iaculis&turpis=congue&integer=vivamus&aliquet=metus&massa=arcu&id=adipiscing','Artikel_Medium',39),('http://jalbum.net/scelerisque/quam/turpis/adipiscing/lorem/vitae/mattis.jpg?libero=risus&ut=praesent&massa=lectus&volutpat=vestibulum&convallis=quam&morbi=sapien&odio=varius&odio=ut&elementum=blandit&eu=non&interdum=interdum&eu=in&tincidunt=ante&in=vestibulum&leo=ante&maecenas=ipsum&pulvinar=primis&lobortis=in&est=faucibus','Materi_Ajar',20),('http://japanpost.jp/magna/at/nunc/commodo/placerat.aspx?pulvinar=eleifend&lobortis=donec&est=ut&phasellus=dolor&sit=morbi&amet=vel&erat=lectus&nulla=in&tempus=quam&vivamus=fringilla&in=rhoncus&felis=mauris&eu=enim&sapien=leo&cursus=rhoncus&vestibulum=sed&proin=vestibulum&eu=sit&mi=amet&nulla=cursus&ac=id&enim=turpis&in=integer&tempor=aliquet&turpis=massa&nec=id&euismod=lobortis&scelerisque=convallis&quam=tortor&turpis=risus&adipiscing=dapibus&lorem=augue&vitae=vel&mattis=accumsan&nibh=tellus&ligula=nisi&nec=eu&sem=orci&duis=mauris&aliquam=lacinia&convallis=sapien&nunc=quis&proin=libero&at=nullam&turpis=sit&a=amet&pede=turpis&posuere=elementum&nonummy=ligula&integer=vehicula&non=consequat&velit=morbi&donec=a&diam=ipsum&neque=integer&vestibulum=a&eget=nibh&vulputate=in&ut=quis&ultrices=justo&vel=maecenas&augue=rhoncus&vestibulum=aliquam&ante=lacus&ipsum=morbi&primis=quis&in=tortor&faucibus=id&orci=nulla&luctus=ultrices&et=aliquet&ultrices=maecenas&posuere=leo&cubilia=odio&curae=condimentum&donec=id&pharetra=luctus&magna=nec&vestibulum=molestie&aliquet=sed&ultrices=justo&erat=pellentesque&tortor=viverra&sollicitudin=pede&mi=ac&sit=diam&amet=cras&lobortis=pellentesque&sapien=volutpat&sapien=dui&non=maecenas&mi=tristique&integer=est','Materi_Ajar',34),('http://java.com/ac/nulla.js?quam=erat&sapien=tortor&varius=sollicitudin&ut=mi&blandit=sit&non=amet&interdum=lobortis&in=sapien&ante=sapien&vestibulum=non&ante=mi&ipsum=integer&primis=ac&in=neque&faucibus=duis&orci=bibendum&luctus=morbi&et=non&ultrices=quam&posuere=nec&cubilia=dui&curae=luctus&duis=rutrum&faucibus=nulla&accumsan=tellus&odio=in&curabitur=sagittis&convallis=dui&duis=vel&consequat=nisl&dui=duis&nec=ac&nisi=nibh&volutpat=fusce&eleifend=lacus&donec=purus&ut=aliquet&dolor=at&morbi=feugiat&vel=non&lectus=pretium&in=quis&quam=lectus&fringilla=suspendisse&rhoncus=potenti&mauris=in&enim=eleifend&leo=quam&rhoncus=a&sed=odio&vestibulum=in&sit=hac&amet=habitasse&cursus=platea&id=dictumst&turpis=maecenas&integer=ut&aliquet=massa','Materi_Ajar',9),('http://lycos.com/habitasse/platea/dictumst/morbi/vestibulum/velit/id.jsp?vehicula=venenatis&consequat=tristique&morbi=fusce&a=congue&ipsum=diam&integer=id&a=ornare&nibh=imperdiet&in=sapien&quis=urna&justo=pretium&maecenas=nisl&rhoncus=ut&aliquam=volutpat&lacus=sapien&morbi=arcu&quis=sed&tortor=augue&id=aliquam&nulla=erat&ultrices=volutpat&aliquet=in&maecenas=congue&leo=etiam&odio=justo&condimentum=etiam&id=pretium&luctus=iaculis&nec=justo&molestie=in&sed=hac&justo=habitasse&pellentesque=platea&viverra=dictumst&pede=etiam&ac=faucibus&diam=cursus&cras=urna','Materi_Ajar',27),('http://mapquest.com/massa.jpg?tellus=consequat&nulla=metus&ut=sapien&erat=ut&id=nunc&mauris=vestibulum&vulputate=ante&elementum=ipsum&nullam=primis&varius=in&nulla=faucibus&facilisi=orci&cras=luctus&non=et&velit=ultrices&nec=posuere&nisi=cubilia&vulputate=curae&nonummy=mauris&maecenas=viverra&tincidunt=diam&lacus=vitae&at=quam&velit=suspendisse&vivamus=potenti&vel=nullam&nulla=porttitor&eget=lacus&eros=at&elementum=turpis&pellentesque=donec&quisque=posuere&porta=metus&volutpat=vitae&erat=ipsum&quisque=aliquam&erat=non&eros=mauris&viverra=morbi&eget=non&congue=lectus&eget=aliquam&semper=sit&rutrum=amet&nulla=diam&nunc=in&purus=magna&phasellus=bibendum&in=imperdiet&felis=nullam&donec=orci&semper=pede&sapien=venenatis&a=non&libero=sodales&nam=sed&dui=tincidunt&proin=eu&leo=felis&odio=fusce&porttitor=posuere&id=felis&consequat=sed&in=lacus&consequat=morbi&ut=sem&nulla=mauris&sed=laoreet&accumsan=ut&felis=rhoncus&ut=aliquet&at=pulvinar&dolor=sed&quis=nisl&odio=nunc&consequat=rhoncus&varius=dui&integer=vel&ac=sem&leo=sed&pellentesque=sagittis&ultrices=nam&mattis=congue&odio=risus&donec=semper&vitae=porta&nisi=volutpat&nam=quam','Artikel_Medium',93),('http://marriott.com/ligula/in/lacus/curabitur/at/ipsum.jsp?id=aliquet&sapien=at&in=feugiat&sapien=non&iaculis=pretium&congue=quis&vivamus=lectus&metus=suspendisse&arcu=potenti&adipiscing=in&molestie=eleifend&hendrerit=quam&at=a&vulputate=odio&vitae=in&nisl=hac&aenean=habitasse&lectus=platea&pellentesque=dictumst&eget=maecenas&nunc=ut&donec=massa&quis=quis&orci=augue&eget=luctus&orci=tincidunt&vehicula=nulla&condimentum=mollis&curabitur=molestie&in=lorem&libero=quisque&ut=ut&massa=erat&volutpat=curabitur&convallis=gravida&morbi=nisi&odio=at&odio=nibh&elementum=in&eu=hac&interdum=habitasse&eu=platea&tincidunt=dictumst&in=aliquam&leo=augue&maecenas=quam&pulvinar=sollicitudin&lobortis=vitae&est=consectetuer&phasellus=eget&sit=rutrum&amet=at&erat=lorem&nulla=integer&tempus=tincidunt&vivamus=ante&in=vel&felis=ipsum&eu=praesent&sapien=blandit&cursus=lacinia&vestibulum=erat&proin=vestibulum&eu=sed&mi=magna&nulla=at&ac=nunc&enim=commodo','Artikel_Medium',11),('http://mozilla.com/vitae/ipsum.json?nulla=tempus&neque=vel&libero=pede&convallis=morbi&eget=porttitor&eleifend=lorem&luctus=id&ultricies=ligula&eu=suspendisse&nibh=ornare&quisque=consequat&id=lectus&justo=in&sit=est&amet=risus&sapien=auctor&dignissim=sed&vestibulum=tristique&vestibulum=in&ante=tempus','Materi_Ajar',40),('http://msn.com/justo/nec/condimentum/neque.png?vestibulum=quis&sagittis=augue&sapien=luctus&cum=tincidunt&sociis=nulla&natoque=mollis&penatibus=molestie&et=lorem&magnis=quisque&dis=ut&parturient=erat&montes=curabitur&nascetur=gravida&ridiculus=nisi&mus=at&etiam=nibh&vel=in&augue=hac&vestibulum=habitasse&rutrum=platea&rutrum=dictumst&neque=aliquam&aenean=augue&auctor=quam&gravida=sollicitudin&sem=vitae&praesent=consectetuer&id=eget&massa=rutrum&id=at&nisl=lorem&venenatis=integer&lacinia=tincidunt&aenean=ante&sit=vel&amet=ipsum&justo=praesent&morbi=blandit&ut=lacinia&odio=erat&cras=vestibulum&mi=sed&pede=magna&malesuada=at&in=nunc&imperdiet=commodo&et=placerat&commodo=praesent&vulputate=blandit&justo=nam&in=nulla&blandit=integer&ultrices=pede&enim=justo&lorem=lacinia&ipsum=eget&dolor=tincidunt&sit=eget&amet=tempus&consectetuer=vel&adipiscing=pede&elit=morbi&proin=porttitor&interdum=lorem&mauris=id&non=ligula&ligula=suspendisse&pellentesque=ornare&ultrices=consequat&phasellus=lectus&id=in&sapien=est&in=risus&sapien=auctor&iaculis=sed&congue=tristique&vivamus=in&metus=tempus&arcu=sit','Artikel_Medium',35),('http://msu.edu/nonummy/integer/non.xml?vel=consectetuer&pede=adipiscing&morbi=elit&porttitor=proin&lorem=interdum&id=mauris&ligula=non&suspendisse=ligula&ornare=pellentesque&consequat=ultrices&lectus=phasellus&in=id&est=sapien&risus=in&auctor=sapien&sed=iaculis&tristique=congue&in=vivamus&tempus=metus&sit=arcu&amet=adipiscing&sem=molestie&fusce=hendrerit&consequat=at&nulla=vulputate&nisl=vitae&nunc=nisl&nisl=aenean&duis=lectus&bibendum=pellentesque&felis=eget&sed=nunc&interdum=donec&venenatis=quis&turpis=orci&enim=eget&blandit=orci&mi=vehicula&in=condimentum&porttitor=curabitur&pede=in&justo=libero&eu=ut&massa=massa&donec=volutpat&dapibus=convallis&duis=morbi&at=odio&velit=odio&eu=elementum&est=eu&congue=interdum&elementum=eu&in=tincidunt&hac=in&habitasse=leo&platea=maecenas&dictumst=pulvinar&morbi=lobortis&vestibulum=est&velit=phasellus&id=sit&pretium=amet&iaculis=erat&diam=nulla&erat=tempus&fermentum=vivamus&justo=in&nec=felis&condimentum=eu&neque=sapien&sapien=cursus&placerat=vestibulum&ante=proin&nulla=eu&justo=mi&aliquam=nulla&quis=ac&turpis=enim&eget=in&elit=tempor&sodales=turpis&scelerisque=nec&mauris=euismod&sit=scelerisque&amet=quam&eros=turpis&suspendisse=adipiscing','Artikel_Medium',83),('http://netscape.com/molestie/hendrerit/at/vulputate.png?pede=molestie&lobortis=sed&ligula=justo&sit=pellentesque&amet=viverra&eleifend=pede&pede=ac&libero=diam&quis=cras&orci=pellentesque&nullam=volutpat&molestie=dui&nibh=maecenas&in=tristique&lectus=est&pellentesque=et&at=tempus&nulla=semper&suspendisse=est&potenti=quam&cras=pharetra&in=magna&purus=ac&eu=consequat&magna=metus&vulputate=sapien&luctus=ut&cum=nunc&sociis=vestibulum&natoque=ante&penatibus=ipsum&et=primis&magnis=in&dis=faucibus&parturient=orci&montes=luctus&nascetur=et&ridiculus=ultrices&mus=posuere&vivamus=cubilia&vestibulum=curae&sagittis=mauris&sapien=viverra&cum=diam&sociis=vitae&natoque=quam&penatibus=suspendisse&et=potenti&magnis=nullam&dis=porttitor&parturient=lacus&montes=at&nascetur=turpis&ridiculus=donec&mus=posuere&etiam=metus&vel=vitae&augue=ipsum&vestibulum=aliquam&rutrum=non&rutrum=mauris&neque=morbi&aenean=non&auctor=lectus&gravida=aliquam&sem=sit&praesent=amet&id=diam&massa=in&id=magna&nisl=bibendum&venenatis=imperdiet&lacinia=nullam&aenean=orci&sit=pede&amet=venenatis&justo=non&morbi=sodales&ut=sed&odio=tincidunt&cras=eu&mi=felis&pede=fusce&malesuada=posuere&in=felis&imperdiet=sed&et=lacus&commodo=morbi&vulputate=sem&justo=mauris&in=laoreet&blandit=ut&ultrices=rhoncus&enim=aliquet&lorem=pulvinar&ipsum=sed&dolor=nisl&sit=nunc&amet=rhoncus&consectetuer=dui','Materi_Ajar',72),('http://netvibes.com/in/lacus.html?pede=enim&morbi=lorem&porttitor=ipsum&lorem=dolor&id=sit&ligula=amet&suspendisse=consectetuer&ornare=adipiscing&consequat=elit&lectus=proin&in=interdum&est=mauris&risus=non&auctor=ligula&sed=pellentesque&tristique=ultrices&in=phasellus&tempus=id&sit=sapien&amet=in&sem=sapien&fusce=iaculis&consequat=congue&nulla=vivamus&nisl=metus&nunc=arcu&nisl=adipiscing&duis=molestie&bibendum=hendrerit&felis=at&sed=vulputate&interdum=vitae&venenatis=nisl&turpis=aenean&enim=lectus&blandit=pellentesque&mi=eget&in=nunc&porttitor=donec&pede=quis&justo=orci&eu=eget&massa=orci&donec=vehicula&dapibus=condimentum&duis=curabitur&at=in&velit=libero&eu=ut&est=massa&congue=volutpat&elementum=convallis&in=morbi&hac=odio&habitasse=odio&platea=elementum&dictumst=eu&morbi=interdum&vestibulum=eu&velit=tincidunt&id=in&pretium=leo','Artikel_Medium',44),('http://nifty.com/et/magnis/dis/parturient/montes.html?aliquam=leo&erat=odio&volutpat=condimentum&in=id&congue=luctus&etiam=nec&justo=molestie&etiam=sed&pretium=justo&iaculis=pellentesque&justo=viverra&in=pede&hac=ac&habitasse=diam&platea=cras&dictumst=pellentesque&etiam=volutpat&faucibus=dui&cursus=maecenas&urna=tristique&ut=est&tellus=et&nulla=tempus&ut=semper&erat=est','Artikel_Medium',28),('http://npr.org/volutpat.html?mauris=a&enim=pede&leo=posuere&rhoncus=nonummy&sed=integer&vestibulum=non&sit=velit&amet=donec&cursus=diam&id=neque&turpis=vestibulum&integer=eget&aliquet=vulputate&massa=ut&id=ultrices&lobortis=vel&convallis=augue&tortor=vestibulum&risus=ante&dapibus=ipsum&augue=primis&vel=in&accumsan=faucibus&tellus=orci&nisi=luctus&eu=et&orci=ultrices&mauris=posuere&lacinia=cubilia&sapien=curae&quis=donec&libero=pharetra&nullam=magna&sit=vestibulum&amet=aliquet&turpis=ultrices&elementum=erat&ligula=tortor&vehicula=sollicitudin&consequat=mi&morbi=sit&a=amet&ipsum=lobortis&integer=sapien&a=sapien&nibh=non&in=mi&quis=integer&justo=ac&maecenas=neque','Materi_Ajar',37),('http://nyu.edu/sapien/iaculis/congue.json?pede=dolor&posuere=morbi&nonummy=vel&integer=lectus&non=in&velit=quam&donec=fringilla&diam=rhoncus&neque=mauris&vestibulum=enim&eget=leo&vulputate=rhoncus&ut=sed&ultrices=vestibulum&vel=sit&augue=amet&vestibulum=cursus&ante=id&ipsum=turpis&primis=integer&in=aliquet&faucibus=massa&orci=id&luctus=lobortis&et=convallis&ultrices=tortor&posuere=risus&cubilia=dapibus&curae=augue&donec=vel&pharetra=accumsan&magna=tellus&vestibulum=nisi&aliquet=eu&ultrices=orci&erat=mauris&tortor=lacinia&sollicitudin=sapien&mi=quis&sit=libero&amet=nullam&lobortis=sit&sapien=amet&sapien=turpis&non=elementum&mi=ligula&integer=vehicula&ac=consequat&neque=morbi','Materi_Ajar',32),('http://oaic.gov.au/turpis/eget/elit/sodales/scelerisque/mauris.png?condimentum=mauris&neque=morbi&sapien=non&placerat=lectus&ante=aliquam&nulla=sit&justo=amet&aliquam=diam&quis=in&turpis=magna&eget=bibendum&elit=imperdiet&sodales=nullam&scelerisque=orci&mauris=pede&sit=venenatis&amet=non&eros=sodales&suspendisse=sed&accumsan=tincidunt&tortor=eu&quis=felis&turpis=fusce&sed=posuere&ante=felis&vivamus=sed&tortor=lacus&duis=morbi&mattis=sem&egestas=mauris&metus=laoreet&aenean=ut&fermentum=rhoncus&donec=aliquet&ut=pulvinar&mauris=sed&eget=nisl&massa=nunc','Artikel_Medium',18),('http://oakley.com/quam/pede/lobortis/ligula/sit/amet/eleifend.html?at=vivamus&nibh=tortor&in=duis&hac=mattis&habitasse=egestas&platea=metus&dictumst=aenean&aliquam=fermentum&augue=donec&quam=ut&sollicitudin=mauris&vitae=eget&consectetuer=massa&eget=tempor&rutrum=convallis&at=nulla&lorem=neque&integer=libero&tincidunt=convallis&ante=eget&vel=eleifend&ipsum=luctus&praesent=ultricies&blandit=eu&lacinia=nibh&erat=quisque&vestibulum=id&sed=justo&magna=sit&at=amet&nunc=sapien&commodo=dignissim&placerat=vestibulum&praesent=vestibulum&blandit=ante&nam=ipsum&nulla=primis&integer=in&pede=faucibus&justo=orci&lacinia=luctus&eget=et&tincidunt=ultrices&eget=posuere&tempus=cubilia&vel=curae&pede=nulla&morbi=dapibus&porttitor=dolor&lorem=vel&id=est&ligula=donec&suspendisse=odio&ornare=justo&consequat=sollicitudin&lectus=ut&in=suscipit&est=a&risus=feugiat&auctor=et&sed=eros&tristique=vestibulum&in=ac&tempus=est&sit=lacinia&amet=nisi&sem=venenatis&fusce=tristique&consequat=fusce&nulla=congue&nisl=diam&nunc=id&nisl=ornare','Artikel_Medium',40),('http://ox.ac.uk/montes/nascetur.html?vestibulum=duis&sit=aliquam&amet=convallis&cursus=nunc&id=proin&turpis=at&integer=turpis&aliquet=a&massa=pede&id=posuere&lobortis=nonummy&convallis=integer&tortor=non&risus=velit&dapibus=donec&augue=diam&vel=neque&accumsan=vestibulum&tellus=eget&nisi=vulputate&eu=ut&orci=ultrices&mauris=vel&lacinia=augue&sapien=vestibulum&quis=ante&libero=ipsum&nullam=primis&sit=in&amet=faucibus&turpis=orci&elementum=luctus&ligula=et&vehicula=ultrices&consequat=posuere&morbi=cubilia&a=curae&ipsum=donec&integer=pharetra&a=magna&nibh=vestibulum&in=aliquet&quis=ultrices&justo=erat&maecenas=tortor&rhoncus=sollicitudin&aliquam=mi&lacus=sit&morbi=amet&quis=lobortis&tortor=sapien&id=sapien&nulla=non&ultrices=mi&aliquet=integer&maecenas=ac&leo=neque&odio=duis&condimentum=bibendum&id=morbi&luctus=non&nec=quam&molestie=nec&sed=dui&justo=luctus&pellentesque=rutrum&viverra=nulla&pede=tellus&ac=in&diam=sagittis&cras=dui&pellentesque=vel&volutpat=nisl&dui=duis&maecenas=ac&tristique=nibh&est=fusce&et=lacus&tempus=purus&semper=aliquet&est=at&quam=feugiat&pharetra=non&magna=pretium&ac=quis&consequat=lectus&metus=suspendisse&sapien=potenti&ut=in&nunc=eleifend&vestibulum=quam&ante=a&ipsum=odio&primis=in&in=hac','Materi_Ajar',27),('http://parallels.com/posuere/metus/vitae/ipsum/aliquam/non.png?a=consequat&nibh=in&in=consequat&quis=ut&justo=nulla&maecenas=sed&rhoncus=accumsan&aliquam=felis&lacus=ut&morbi=at&quis=dolor&tortor=quis','Artikel_Medium',6),('http://patch.com/ac/est/lacinia/nisi/venenatis.jsp?ante=proin&vestibulum=eu&ante=mi&ipsum=nulla&primis=ac&in=enim&faucibus=in&orci=tempor&luctus=turpis&et=nec&ultrices=euismod&posuere=scelerisque&cubilia=quam&curae=turpis&duis=adipiscing&faucibus=lorem&accumsan=vitae&odio=mattis&curabitur=nibh&convallis=ligula&duis=nec&consequat=sem&dui=duis&nec=aliquam&nisi=convallis&volutpat=nunc&eleifend=proin&donec=at&ut=turpis&dolor=a&morbi=pede&vel=posuere&lectus=nonummy&in=integer&quam=non&fringilla=velit&rhoncus=donec&mauris=diam&enim=neque&leo=vestibulum&rhoncus=eget&sed=vulputate','Materi_Ajar',43),('http://phoca.cz/eget/eleifend/luctus/ultricies.json?nulla=parturient&tellus=montes&in=nascetur&sagittis=ridiculus&dui=mus&vel=vivamus&nisl=vestibulum&duis=sagittis&ac=sapien&nibh=cum&fusce=sociis&lacus=natoque&purus=penatibus&aliquet=et&at=magnis&feugiat=dis&non=parturient&pretium=montes&quis=nascetur&lectus=ridiculus&suspendisse=mus&potenti=etiam&in=vel&eleifend=augue&quam=vestibulum&a=rutrum&odio=rutrum&in=neque&hac=aenean&habitasse=auctor&platea=gravida&dictumst=sem&maecenas=praesent&ut=id&massa=massa&quis=id&augue=nisl&luctus=venenatis&tincidunt=lacinia&nulla=aenean&mollis=sit&molestie=amet&lorem=justo&quisque=morbi&ut=ut&erat=odio&curabitur=cras&gravida=mi&nisi=pede&at=malesuada&nibh=in&in=imperdiet&hac=et&habitasse=commodo&platea=vulputate&dictumst=justo&aliquam=in&augue=blandit&quam=ultrices&sollicitudin=enim&vitae=lorem&consectetuer=ipsum&eget=dolor&rutrum=sit&at=amet&lorem=consectetuer&integer=adipiscing&tincidunt=elit&ante=proin&vel=interdum&ipsum=mauris&praesent=non&blandit=ligula&lacinia=pellentesque&erat=ultrices&vestibulum=phasellus&sed=id&magna=sapien&at=in&nunc=sapien&commodo=iaculis&placerat=congue&praesent=vivamus&blandit=metus&nam=arcu&nulla=adipiscing&integer=molestie&pede=hendrerit&justo=at&lacinia=vulputate&eget=vitae&tincidunt=nisl&eget=aenean&tempus=lectus&vel=pellentesque&pede=eget&morbi=nunc&porttitor=donec&lorem=quis&id=orci','Materi_Ajar',30),('http://php.net/in/hac/habitasse.jpg?libero=eget&nam=congue&dui=eget&proin=semper&leo=rutrum','Artikel_Medium',21),('http://phpbb.com/commodo/vulputate/justo/in/blandit.aspx?in=praesent&leo=blandit&maecenas=lacinia&pulvinar=erat&lobortis=vestibulum&est=sed&phasellus=magna&sit=at&amet=nunc&erat=commodo&nulla=placerat&tempus=praesent&vivamus=blandit&in=nam&felis=nulla&eu=integer&sapien=pede&cursus=justo&vestibulum=lacinia&proin=eget&eu=tincidunt&mi=eget&nulla=tempus&ac=vel&enim=pede&in=morbi&tempor=porttitor&turpis=lorem&nec=id&euismod=ligula&scelerisque=suspendisse&quam=ornare','Artikel_Medium',35),('http://psu.edu/quis/libero/nullam/sit/amet/turpis/elementum.xml?tortor=non&duis=quam&mattis=nec&egestas=dui&metus=luctus&aenean=rutrum&fermentum=nulla&donec=tellus&ut=in&mauris=sagittis&eget=dui&massa=vel&tempor=nisl&convallis=duis&nulla=ac&neque=nibh&libero=fusce&convallis=lacus','Artikel_Medium',85),('http://quantcast.com/amet/cursus/id/turpis.xml?eget=sed&tempus=vestibulum&vel=sit&pede=amet&morbi=cursus&porttitor=id&lorem=turpis&id=integer&ligula=aliquet&suspendisse=massa&ornare=id&consequat=lobortis&lectus=convallis&in=tortor&est=risus&risus=dapibus&auctor=augue&sed=vel&tristique=accumsan&in=tellus&tempus=nisi&sit=eu&amet=orci&sem=mauris&fusce=lacinia&consequat=sapien&nulla=quis&nisl=libero&nunc=nullam&nisl=sit&duis=amet&bibendum=turpis&felis=elementum&sed=ligula&interdum=vehicula&venenatis=consequat&turpis=morbi&enim=a&blandit=ipsum&mi=integer&in=a&porttitor=nibh&pede=in&justo=quis&eu=justo&massa=maecenas&donec=rhoncus&dapibus=aliquam&duis=lacus&at=morbi&velit=quis&eu=tortor&est=id&congue=nulla&elementum=ultrices&in=aliquet&hac=maecenas&habitasse=leo&platea=odio&dictumst=condimentum&morbi=id&vestibulum=luctus&velit=nec&id=molestie&pretium=sed&iaculis=justo&diam=pellentesque&erat=viverra&fermentum=pede&justo=ac&nec=diam&condimentum=cras&neque=pellentesque&sapien=volutpat&placerat=dui&ante=maecenas&nulla=tristique&justo=est&aliquam=et&quis=tempus&turpis=semper&eget=est&elit=quam&sodales=pharetra&scelerisque=magna&mauris=ac&sit=consequat&amet=metus&eros=sapien','Artikel_Medium',2),('http://shinystat.com/non/ligula/pellentesque/ultrices/phasellus/id.xml?mattis=maecenas&egestas=pulvinar&metus=lobortis&aenean=est&fermentum=phasellus&donec=sit&ut=amet&mauris=erat&eget=nulla&massa=tempus&tempor=vivamus&convallis=in&nulla=felis&neque=eu&libero=sapien&convallis=cursus&eget=vestibulum&eleifend=proin&luctus=eu&ultricies=mi&eu=nulla&nibh=ac&quisque=enim&id=in&justo=tempor&sit=turpis&amet=nec&sapien=euismod&dignissim=scelerisque&vestibulum=quam&vestibulum=turpis&ante=adipiscing&ipsum=lorem&primis=vitae&in=mattis&faucibus=nibh&orci=ligula&luctus=nec&et=sem&ultrices=duis&posuere=aliquam&cubilia=convallis&curae=nunc&nulla=proin&dapibus=at&dolor=turpis&vel=a&est=pede&donec=posuere&odio=nonummy&justo=integer&sollicitudin=non&ut=velit&suscipit=donec&a=diam&feugiat=neque&et=vestibulum&eros=eget&vestibulum=vulputate&ac=ut&est=ultrices&lacinia=vel&nisi=augue&venenatis=vestibulum&tristique=ante&fusce=ipsum','Materi_Ajar',38),('http://shutterfly.com/ipsum/primis/in/faucibus/orci/luctus/et.xml?eu=nulla&mi=mollis&nulla=molestie&ac=lorem&enim=quisque&in=ut&tempor=erat&turpis=curabitur&nec=gravida&euismod=nisi&scelerisque=at&quam=nibh&turpis=in&adipiscing=hac&lorem=habitasse&vitae=platea&mattis=dictumst&nibh=aliquam&ligula=augue&nec=quam&sem=sollicitudin&duis=vitae&aliquam=consectetuer&convallis=eget&nunc=rutrum&proin=at&at=lorem&turpis=integer&a=tincidunt&pede=ante&posuere=vel&nonummy=ipsum&integer=praesent&non=blandit&velit=lacinia&donec=erat&diam=vestibulum&neque=sed&vestibulum=magna&eget=at&vulputate=nunc&ut=commodo&ultrices=placerat&vel=praesent&augue=blandit&vestibulum=nam&ante=nulla&ipsum=integer&primis=pede&in=justo&faucibus=lacinia&orci=eget&luctus=tincidunt&et=eget&ultrices=tempus','Artikel_Medium',64),('http://skype.com/lectus.aspx?mi=a&in=feugiat&porttitor=et&pede=eros&justo=vestibulum&eu=ac&massa=est&donec=lacinia&dapibus=nisi&duis=venenatis&at=tristique&velit=fusce&eu=congue&est=diam&congue=id&elementum=ornare&in=imperdiet&hac=sapien&habitasse=urna&platea=pretium&dictumst=nisl&morbi=ut&vestibulum=volutpat&velit=sapien&id=arcu&pretium=sed&iaculis=augue&diam=aliquam&erat=erat&fermentum=volutpat&justo=in&nec=congue&condimentum=etiam&neque=justo&sapien=etiam&placerat=pretium&ante=iaculis&nulla=justo&justo=in&aliquam=hac&quis=habitasse&turpis=platea&eget=dictumst&elit=etiam&sodales=faucibus&scelerisque=cursus&mauris=urna&sit=ut&amet=tellus&eros=nulla&suspendisse=ut&accumsan=erat&tortor=id&quis=mauris&turpis=vulputate&sed=elementum&ante=nullam&vivamus=varius&tortor=nulla&duis=facilisi&mattis=cras&egestas=non&metus=velit&aenean=nec&fermentum=nisi&donec=vulputate&ut=nonummy&mauris=maecenas&eget=tincidunt&massa=lacus&tempor=at&convallis=velit&nulla=vivamus&neque=vel&libero=nulla&convallis=eget&eget=eros&eleifend=elementum&luctus=pellentesque&ultricies=quisque&eu=porta&nibh=volutpat&quisque=erat&id=quisque&justo=erat','Artikel_Medium',97),('http://skyrock.com/augue/aliquam/erat/volutpat/in/congue.xml?pharetra=lacinia&magna=aenean&ac=sit&consequat=amet&metus=justo&sapien=morbi&ut=ut&nunc=odio&vestibulum=cras&ante=mi&ipsum=pede&primis=malesuada&in=in&faucibus=imperdiet&orci=et&luctus=commodo&et=vulputate&ultrices=justo&posuere=in&cubilia=blandit&curae=ultrices&mauris=enim&viverra=lorem&diam=ipsum&vitae=dolor&quam=sit&suspendisse=amet&potenti=consectetuer&nullam=adipiscing&porttitor=elit&lacus=proin&at=interdum&turpis=mauris&donec=non&posuere=ligula&metus=pellentesque&vitae=ultrices&ipsum=phasellus&aliquam=id&non=sapien&mauris=in&morbi=sapien&non=iaculis&lectus=congue','Artikel_Medium',20),('http://skyrock.com/in/blandit/ultrices.png?nisl=volutpat&duis=convallis&bibendum=morbi&felis=odio&sed=odio&interdum=elementum&venenatis=eu&turpis=interdum&enim=eu&blandit=tincidunt&mi=in&in=leo&porttitor=maecenas&pede=pulvinar&justo=lobortis&eu=est&massa=phasellus&donec=sit&dapibus=amet&duis=erat&at=nulla&velit=tempus&eu=vivamus&est=in&congue=felis&elementum=eu&in=sapien&hac=cursus&habitasse=vestibulum&platea=proin&dictumst=eu&morbi=mi&vestibulum=nulla&velit=ac&id=enim&pretium=in&iaculis=tempor&diam=turpis','Artikel_Medium',56),('http://skyrock.com/lacus.jpg?elit=orci&proin=mauris&risus=lacinia&praesent=sapien&lectus=quis&vestibulum=libero&quam=nullam&sapien=sit&varius=amet&ut=turpis&blandit=elementum&non=ligula&interdum=vehicula&in=consequat&ante=morbi&vestibulum=a&ante=ipsum&ipsum=integer&primis=a&in=nibh&faucibus=in&orci=quis&luctus=justo&et=maecenas&ultrices=rhoncus&posuere=aliquam&cubilia=lacus&curae=morbi&duis=quis&faucibus=tortor&accumsan=id&odio=nulla&curabitur=ultrices&convallis=aliquet&duis=maecenas&consequat=leo&dui=odio&nec=condimentum&nisi=id&volutpat=luctus&eleifend=nec&donec=molestie&ut=sed&dolor=justo&morbi=pellentesque&vel=viverra&lectus=pede&in=ac&quam=diam&fringilla=cras&rhoncus=pellentesque&mauris=volutpat&enim=dui&leo=maecenas&rhoncus=tristique&sed=est&vestibulum=et&sit=tempus&amet=semper&cursus=est&id=quam','Materi_Ajar',54),('http://soundcloud.com/ut/erat.js?dictumst=viverra&morbi=eget&vestibulum=congue&velit=eget&id=semper&pretium=rutrum&iaculis=nulla&diam=nunc&erat=purus&fermentum=phasellus&justo=in&nec=felis&condimentum=donec&neque=semper&sapien=sapien&placerat=a&ante=libero&nulla=nam&justo=dui&aliquam=proin&quis=leo&turpis=odio&eget=porttitor&elit=id&sodales=consequat&scelerisque=in&mauris=consequat&sit=ut&amet=nulla&eros=sed&suspendisse=accumsan&accumsan=felis&tortor=ut&quis=at&turpis=dolor&sed=quis&ante=odio&vivamus=consequat&tortor=varius&duis=integer&mattis=ac&egestas=leo&metus=pellentesque&aenean=ultrices&fermentum=mattis&donec=odio&ut=donec&mauris=vitae&eget=nisi&massa=nam&tempor=ultrices&convallis=libero&nulla=non','Materi_Ajar',27),('http://spiegel.de/praesent/blandit/lacinia/erat/vestibulum/sed.html?ac=morbi&neque=ut&duis=odio&bibendum=cras&morbi=mi&non=pede&quam=malesuada&nec=in&dui=imperdiet&luctus=et&rutrum=commodo&nulla=vulputate&tellus=justo&in=in&sagittis=blandit&dui=ultrices&vel=enim&nisl=lorem&duis=ipsum&ac=dolor&nibh=sit&fusce=amet&lacus=consectetuer&purus=adipiscing&aliquet=elit&at=proin&feugiat=interdum&non=mauris&pretium=non&quis=ligula&lectus=pellentesque&suspendisse=ultrices&potenti=phasellus','Materi_Ajar',14),('http://springer.com/luctus/cum/sociis.aspx?ut=blandit&rhoncus=mi&aliquet=in&pulvinar=porttitor&sed=pede&nisl=justo&nunc=eu&rhoncus=massa&dui=donec&vel=dapibus&sem=duis&sed=at&sagittis=velit&nam=eu&congue=est&risus=congue&semper=elementum&porta=in&volutpat=hac&quam=habitasse&pede=platea&lobortis=dictumst&ligula=morbi&sit=vestibulum&amet=velit&eleifend=id&pede=pretium&libero=iaculis&quis=diam','Artikel_Medium',30),('http://squidoo.com/natoque/penatibus.js?vel=tempus&sem=vel&sed=pede&sagittis=morbi&nam=porttitor&congue=lorem&risus=id&semper=ligula&porta=suspendisse&volutpat=ornare&quam=consequat&pede=lectus&lobortis=in&ligula=est&sit=risus&amet=auctor&eleifend=sed&pede=tristique&libero=in&quis=tempus&orci=sit&nullam=amet&molestie=sem&nibh=fusce&in=consequat&lectus=nulla&pellentesque=nisl&at=nunc&nulla=nisl&suspendisse=duis&potenti=bibendum&cras=felis&in=sed&purus=interdum&eu=venenatis&magna=turpis&vulputate=enim&luctus=blandit&cum=mi&sociis=in&natoque=porttitor&penatibus=pede&et=justo&magnis=eu&dis=massa&parturient=donec&montes=dapibus&nascetur=duis&ridiculus=at&mus=velit&vivamus=eu','Materi_Ajar',57),('http://stumbleupon.com/ipsum/primis/in.aspx?ante=tortor&ipsum=sollicitudin&primis=mi&in=sit&faucibus=amet&orci=lobortis&luctus=sapien&et=sapien&ultrices=non&posuere=mi&cubilia=integer&curae=ac&donec=neque&pharetra=duis&magna=bibendum&vestibulum=morbi&aliquet=non&ultrices=quam&erat=nec&tortor=dui&sollicitudin=luctus&mi=rutrum&sit=nulla&amet=tellus&lobortis=in&sapien=sagittis&sapien=dui&non=vel&mi=nisl&integer=duis&ac=ac&neque=nibh&duis=fusce&bibendum=lacus','Artikel_Medium',26),('http://stumbleupon.com/justo.js?in=venenatis&consequat=non&ut=sodales&nulla=sed&sed=tincidunt&accumsan=eu&felis=felis&ut=fusce&at=posuere&dolor=felis&quis=sed&odio=lacus&consequat=morbi&varius=sem&integer=mauris&ac=laoreet&leo=ut&pellentesque=rhoncus&ultrices=aliquet&mattis=pulvinar&odio=sed&donec=nisl&vitae=nunc&nisi=rhoncus&nam=dui&ultrices=vel&libero=sem&non=sed&mattis=sagittis&pulvinar=nam&nulla=congue&pede=risus&ullamcorper=semper&augue=porta&a=volutpat&suscipit=quam&nulla=pede&elit=lobortis&ac=ligula&nulla=sit&sed=amet&vel=eleifend&enim=pede&sit=libero&amet=quis&nunc=orci&viverra=nullam&dapibus=molestie&nulla=nibh&suscipit=in&ligula=lectus&in=pellentesque&lacus=at&curabitur=nulla&at=suspendisse&ipsum=potenti&ac=cras&tellus=in&semper=purus&interdum=eu&mauris=magna&ullamcorper=vulputate&purus=luctus&sit=cum&amet=sociis&nulla=natoque','Materi_Ajar',5),('http://technorati.com/et/magnis/dis/parturient.jsp?id=id&massa=ornare&id=imperdiet&nisl=sapien&venenatis=urna&lacinia=pretium&aenean=nisl&sit=ut&amet=volutpat&justo=sapien&morbi=arcu&ut=sed&odio=augue&cras=aliquam&mi=erat&pede=volutpat&malesuada=in&in=congue&imperdiet=etiam&et=justo&commodo=etiam&vulputate=pretium&justo=iaculis&in=justo&blandit=in&ultrices=hac&enim=habitasse&lorem=platea&ipsum=dictumst&dolor=etiam&sit=faucibus&amet=cursus&consectetuer=urna&adipiscing=ut&elit=tellus&proin=nulla&interdum=ut&mauris=erat&non=id&ligula=mauris&pellentesque=vulputate&ultrices=elementum&phasellus=nullam&id=varius&sapien=nulla&in=facilisi&sapien=cras&iaculis=non&congue=velit&vivamus=nec&metus=nisi&arcu=vulputate&adipiscing=nonummy&molestie=maecenas&hendrerit=tincidunt','Materi_Ajar',4),('http://theatlantic.com/lectus/in/est.js?augue=sollicitudin&vestibulum=mi&rutrum=sit&rutrum=amet&neque=lobortis&aenean=sapien&auctor=sapien&gravida=non&sem=mi&praesent=integer&id=ac&massa=neque&id=duis&nisl=bibendum&venenatis=morbi&lacinia=non&aenean=quam&sit=nec&amet=dui&justo=luctus&morbi=rutrum&ut=nulla&odio=tellus&cras=in&mi=sagittis&pede=dui','Materi_Ajar',31),('http://theatlantic.com/libero/non.xml?elementum=nullam&nullam=varius&varius=nulla&nulla=facilisi&facilisi=cras&cras=non&non=velit&velit=nec&nec=nisi&nisi=vulputate&vulputate=nonummy&nonummy=maecenas&maecenas=tincidunt&tincidunt=lacus&lacus=at&at=velit&velit=vivamus&vivamus=vel&vel=nulla&nulla=eget&eget=eros&eros=elementum&elementum=pellentesque&pellentesque=quisque&quisque=porta&porta=volutpat&volutpat=erat&erat=quisque&quisque=erat&erat=eros&eros=viverra&viverra=eget&eget=congue&congue=eget&eget=semper&semper=rutrum&rutrum=nulla&nulla=nunc&nunc=purus&purus=phasellus&phasellus=in&in=felis&felis=donec&donec=semper&semper=sapien&sapien=a&a=libero&libero=nam&nam=dui&dui=proin&proin=leo&leo=odio&odio=porttitor','Artikel_Medium',33),('http://theglobeandmail.com/volutpat/convallis/morbi/odio.jpg?porttitor=enim&lorem=blandit&id=mi&ligula=in&suspendisse=porttitor&ornare=pede&consequat=justo&lectus=eu&in=massa&est=donec&risus=dapibus&auctor=duis&sed=at&tristique=velit&in=eu&tempus=est&sit=congue&amet=elementum&sem=in&fusce=hac&consequat=habitasse&nulla=platea&nisl=dictumst&nunc=morbi&nisl=vestibulum&duis=velit&bibendum=id&felis=pretium&sed=iaculis&interdum=diam&venenatis=erat&turpis=fermentum&enim=justo&blandit=nec&mi=condimentum&in=neque&porttitor=sapien&pede=placerat&justo=ante&eu=nulla&massa=justo&donec=aliquam&dapibus=quis&duis=turpis&at=eget&velit=elit&eu=sodales&est=scelerisque&congue=mauris&elementum=sit&in=amet&hac=eros&habitasse=suspendisse&platea=accumsan&dictumst=tortor&morbi=quis&vestibulum=turpis&velit=sed&id=ante&pretium=vivamus&iaculis=tortor&diam=duis&erat=mattis&fermentum=egestas&justo=metus&nec=aenean&condimentum=fermentum&neque=donec&sapien=ut&placerat=mauris&ante=eget&nulla=massa&justo=tempor&aliquam=convallis&quis=nulla&turpis=neque&eget=libero&elit=convallis&sodales=eget&scelerisque=eleifend&mauris=luctus&sit=ultricies&amet=eu&eros=nibh&suspendisse=quisque&accumsan=id&tortor=justo&quis=sit&turpis=amet&sed=sapien&ante=dignissim','Materi_Ajar',95),('http://themeforest.net/hac/habitasse/platea/dictumst/etiam.png?nisi=dolor&venenatis=morbi&tristique=vel','Materi_Ajar',4),('http://timesonline.co.uk/tellus/nulla/ut/erat/id/mauris.js?sit=volutpat&amet=erat&consectetuer=quisque&adipiscing=erat','Materi_Ajar',8),('http://toplist.cz/varius.xml?massa=diam&donec=cras&dapibus=pellentesque&duis=volutpat&at=dui&velit=maecenas&eu=tristique&est=est&congue=et&elementum=tempus&in=semper&hac=est&habitasse=quam&platea=pharetra&dictumst=magna&morbi=ac&vestibulum=consequat&velit=metus&id=sapien&pretium=ut&iaculis=nunc&diam=vestibulum&erat=ante&fermentum=ipsum&justo=primis&nec=in&condimentum=faucibus&neque=orci&sapien=luctus&placerat=et&ante=ultrices&nulla=posuere&justo=cubilia&aliquam=curae&quis=mauris&turpis=viverra&eget=diam&elit=vitae&sodales=quam&scelerisque=suspendisse&mauris=potenti&sit=nullam&amet=porttitor&eros=lacus&suspendisse=at&accumsan=turpis&tortor=donec&quis=posuere&turpis=metus&sed=vitae&ante=ipsum&vivamus=aliquam&tortor=non&duis=mauris&mattis=morbi&egestas=non&metus=lectus&aenean=aliquam&fermentum=sit&donec=amet&ut=diam&mauris=in&eget=magna&massa=bibendum&tempor=imperdiet&convallis=nullam&nulla=orci&neque=pede','Artikel_Medium',82),('http://tripod.com/pulvinar.aspx?proin=donec&at=posuere&turpis=metus&a=vitae&pede=ipsum&posuere=aliquam&nonummy=non&integer=mauris&non=morbi&velit=non&donec=lectus&diam=aliquam&neque=sit&vestibulum=amet&eget=diam&vulputate=in&ut=magna&ultrices=bibendum&vel=imperdiet&augue=nullam&vestibulum=orci&ante=pede&ipsum=venenatis&primis=non&in=sodales&faucibus=sed&orci=tincidunt&luctus=eu&et=felis&ultrices=fusce&posuere=posuere&cubilia=felis&curae=sed&donec=lacus&pharetra=morbi&magna=sem&vestibulum=mauris&aliquet=laoreet&ultrices=ut&erat=rhoncus&tortor=aliquet&sollicitudin=pulvinar&mi=sed&sit=nisl&amet=nunc&lobortis=rhoncus&sapien=dui&sapien=vel&non=sem&mi=sed&integer=sagittis&ac=nam&neque=congue&duis=risus&bibendum=semper&morbi=porta&non=volutpat&quam=quam&nec=pede&dui=lobortis&luctus=ligula&rutrum=sit&nulla=amet&tellus=eleifend&in=pede&sagittis=libero&dui=quis&vel=orci&nisl=nullam&duis=molestie&ac=nibh&nibh=in&fusce=lectus&lacus=pellentesque&purus=at&aliquet=nulla&at=suspendisse&feugiat=potenti','Artikel_Medium',54),('http://tripod.com/rutrum.jpg?ultrices=felis&vel=ut&augue=at&vestibulum=dolor&ante=quis&ipsum=odio&primis=consequat&in=varius&faucibus=integer&orci=ac&luctus=leo&et=pellentesque&ultrices=ultrices&posuere=mattis&cubilia=odio&curae=donec&donec=vitae&pharetra=nisi&magna=nam&vestibulum=ultrices&aliquet=libero&ultrices=non&erat=mattis&tortor=pulvinar&sollicitudin=nulla&mi=pede&sit=ullamcorper&amet=augue&lobortis=a&sapien=suscipit&sapien=nulla&non=elit&mi=ac&integer=nulla&ac=sed&neque=vel&duis=enim&bibendum=sit&morbi=amet&non=nunc&quam=viverra&nec=dapibus&dui=nulla&luctus=suscipit&rutrum=ligula&nulla=in&tellus=lacus&in=curabitur&sagittis=at&dui=ipsum&vel=ac&nisl=tellus&duis=semper&ac=interdum&nibh=mauris&fusce=ullamcorper&lacus=purus&purus=sit&aliquet=amet&at=nulla&feugiat=quisque&non=arcu&pretium=libero&quis=rutrum&lectus=ac&suspendisse=lobortis&potenti=vel','Materi_Ajar',89),('http://ucla.edu/purus/sit.jsp?sapien=metus&iaculis=vitae&congue=ipsum&vivamus=aliquam&metus=non&arcu=mauris&adipiscing=morbi&molestie=non&hendrerit=lectus&at=aliquam&vulputate=sit&vitae=amet&nisl=diam&aenean=in&lectus=magna&pellentesque=bibendum&eget=imperdiet&nunc=nullam&donec=orci&quis=pede&orci=venenatis&eget=non&orci=sodales&vehicula=sed&condimentum=tincidunt&curabitur=eu&in=felis&libero=fusce&ut=posuere&massa=felis&volutpat=sed&convallis=lacus&morbi=morbi&odio=sem&odio=mauris&elementum=laoreet&eu=ut&interdum=rhoncus&eu=aliquet&tincidunt=pulvinar&in=sed&leo=nisl&maecenas=nunc&pulvinar=rhoncus&lobortis=dui&est=vel&phasellus=sem&sit=sed&amet=sagittis&erat=nam&nulla=congue&tempus=risus&vivamus=semper&in=porta&felis=volutpat&eu=quam&sapien=pede&cursus=lobortis&vestibulum=ligula&proin=sit&eu=amet&mi=eleifend&nulla=pede&ac=libero&enim=quis&in=orci&tempor=nullam&turpis=molestie&nec=nibh&euismod=in&scelerisque=lectus&quam=pellentesque','Materi_Ajar',18),('http://ucla.edu/tortor/duis/mattis/egestas.jpg?id=lacinia&luctus=erat&nec=vestibulum&molestie=sed&sed=magna&justo=at&pellentesque=nunc&viverra=commodo&pede=placerat&ac=praesent&diam=blandit&cras=nam&pellentesque=nulla&volutpat=integer','Artikel_Medium',25),('http://unesco.org/risus/praesent/lectus.json?nam=amet&congue=sem&risus=fusce&semper=consequat&porta=nulla&volutpat=nisl&quam=nunc&pede=nisl&lobortis=duis&ligula=bibendum&sit=felis&amet=sed&eleifend=interdum&pede=venenatis&libero=turpis&quis=enim&orci=blandit&nullam=mi&molestie=in&nibh=porttitor&in=pede&lectus=justo&pellentesque=eu&at=massa&nulla=donec&suspendisse=dapibus&potenti=duis&cras=at&in=velit&purus=eu&eu=est&magna=congue&vulputate=elementum&luctus=in&cum=hac&sociis=habitasse&natoque=platea&penatibus=dictumst&et=morbi&magnis=vestibulum&dis=velit&parturient=id&montes=pretium&nascetur=iaculis&ridiculus=diam&mus=erat&vivamus=fermentum&vestibulum=justo&sagittis=nec&sapien=condimentum&cum=neque&sociis=sapien&natoque=placerat&penatibus=ante&et=nulla&magnis=justo&dis=aliquam&parturient=quis&montes=turpis&nascetur=eget&ridiculus=elit&mus=sodales&etiam=scelerisque&vel=mauris&augue=sit&vestibulum=amet&rutrum=eros&rutrum=suspendisse&neque=accumsan&aenean=tortor&auctor=quis&gravida=turpis&sem=sed&praesent=ante&id=vivamus&massa=tortor&id=duis&nisl=mattis&venenatis=egestas&lacinia=metus&aenean=aenean&sit=fermentum&amet=donec&justo=ut&morbi=mauris&ut=eget&odio=massa&cras=tempor&mi=convallis&pede=nulla&malesuada=neque&in=libero&imperdiet=convallis&et=eget','Artikel_Medium',86),('http://upenn.edu/hac/habitasse.jpg?aenean=nisl&sit=duis&amet=ac&justo=nibh&morbi=fusce&ut=lacus&odio=purus&cras=aliquet&mi=at&pede=feugiat&malesuada=non&in=pretium&imperdiet=quis&et=lectus&commodo=suspendisse&vulputate=potenti&justo=in&in=eleifend&blandit=quam&ultrices=a&enim=odio&lorem=in&ipsum=hac&dolor=habitasse&sit=platea&amet=dictumst&consectetuer=maecenas&adipiscing=ut&elit=massa&proin=quis&interdum=augue&mauris=luctus&non=tincidunt&ligula=nulla&pellentesque=mollis&ultrices=molestie&phasellus=lorem&id=quisque&sapien=ut&in=erat&sapien=curabitur','Artikel_Medium',30),('http://usa.gov/pede/libero/quis/orci/nullam/molestie/nibh.jpg?dolor=sapien&sit=arcu&amet=sed&consectetuer=augue&adipiscing=aliquam&elit=erat&proin=volutpat&interdum=in&mauris=congue&non=etiam&ligula=justo&pellentesque=etiam&ultrices=pretium&phasellus=iaculis&id=justo&sapien=in&in=hac&sapien=habitasse&iaculis=platea&congue=dictumst&vivamus=etiam&metus=faucibus&arcu=cursus&adipiscing=urna&molestie=ut&hendrerit=tellus&at=nulla&vulputate=ut&vitae=erat&nisl=id&aenean=mauris&lectus=vulputate&pellentesque=elementum&eget=nullam&nunc=varius&donec=nulla&quis=facilisi&orci=cras&eget=non&orci=velit&vehicula=nec&condimentum=nisi&curabitur=vulputate&in=nonummy&libero=maecenas&ut=tincidunt&massa=lacus&volutpat=at&convallis=velit&morbi=vivamus&odio=vel&odio=nulla&elementum=eget&eu=eros&interdum=elementum&eu=pellentesque&tincidunt=quisque&in=porta&leo=volutpat&maecenas=erat&pulvinar=quisque&lobortis=erat','Artikel_Medium',38),('http://usda.gov/porta/volutpat/erat.html?in=quis&sagittis=augue&dui=luctus&vel=tincidunt&nisl=nulla&duis=mollis&ac=molestie&nibh=lorem&fusce=quisque&lacus=ut&purus=erat&aliquet=curabitur&at=gravida&feugiat=nisi&non=at&pretium=nibh&quis=in&lectus=hac&suspendisse=habitasse&potenti=platea&in=dictumst&eleifend=aliquam&quam=augue&a=quam&odio=sollicitudin&in=vitae&hac=consectetuer','Artikel_Medium',7),('http://usgs.gov/eu/felis/fusce/posuere/felis/sed/lacus.png?lorem=ante&id=ipsum&ligula=primis&suspendisse=in&ornare=faucibus&consequat=orci&lectus=luctus&in=et&est=ultrices&risus=posuere&auctor=cubilia&sed=curae&tristique=duis&in=faucibus&tempus=accumsan&sit=odio&amet=curabitur&sem=convallis&fusce=duis&consequat=consequat&nulla=dui&nisl=nec&nunc=nisi&nisl=volutpat&duis=eleifend&bibendum=donec&felis=ut&sed=dolor&interdum=morbi&venenatis=vel&turpis=lectus&enim=in&blandit=quam&mi=fringilla&in=rhoncus&porttitor=mauris&pede=enim&justo=leo&eu=rhoncus&massa=sed&donec=vestibulum&dapibus=sit&duis=amet&at=cursus&velit=id&eu=turpis&est=integer&congue=aliquet&elementum=massa&in=id&hac=lobortis&habitasse=convallis&platea=tortor&dictumst=risus&morbi=dapibus&vestibulum=augue&velit=vel&id=accumsan&pretium=tellus&iaculis=nisi&diam=eu&erat=orci','Artikel_Medium',94),('http://vimeo.com/quis/turpis/eget/elit.xml?dictumst=orci&etiam=pede&faucibus=venenatis&cursus=non&urna=sodales&ut=sed&tellus=tincidunt&nulla=eu&ut=felis&erat=fusce&id=posuere&mauris=felis&vulputate=sed&elementum=lacus&nullam=morbi&varius=sem&nulla=mauris&facilisi=laoreet&cras=ut&non=rhoncus&velit=aliquet&nec=pulvinar&nisi=sed&vulputate=nisl&nonummy=nunc&maecenas=rhoncus&tincidunt=dui&lacus=vel&at=sem&velit=sed&vivamus=sagittis&vel=nam&nulla=congue&eget=risus&eros=semper&elementum=porta&pellentesque=volutpat&quisque=quam&porta=pede&volutpat=lobortis&erat=ligula&quisque=sit&erat=amet&eros=eleifend&viverra=pede&eget=libero&congue=quis&eget=orci&semper=nullam&rutrum=molestie&nulla=nibh&nunc=in&purus=lectus&phasellus=pellentesque&in=at&felis=nulla&donec=suspendisse&semper=potenti&sapien=cras&a=in&libero=purus&nam=eu&dui=magna&proin=vulputate&leo=luctus&odio=cum&porttitor=sociis&id=natoque&consequat=penatibus&in=et&consequat=magnis&ut=dis&nulla=parturient&sed=montes&accumsan=nascetur&felis=ridiculus&ut=mus&at=vivamus&dolor=vestibulum&quis=sagittis&odio=sapien&consequat=cum&varius=sociis&integer=natoque&ac=penatibus&leo=et&pellentesque=magnis&ultrices=dis&mattis=parturient&odio=montes&donec=nascetur&vitae=ridiculus','Materi_Ajar',66),('http://vinaora.com/diam/vitae.json?etiam=in&faucibus=sapien&cursus=iaculis&urna=congue&ut=vivamus&tellus=metus&nulla=arcu&ut=adipiscing&erat=molestie&id=hendrerit&mauris=at&vulputate=vulputate&elementum=vitae&nullam=nisl&varius=aenean&nulla=lectus&facilisi=pellentesque&cras=eget&non=nunc&velit=donec&nec=quis&nisi=orci&vulputate=eget&nonummy=orci&maecenas=vehicula&tincidunt=condimentum&lacus=curabitur&at=in&velit=libero&vivamus=ut&vel=massa&nulla=volutpat&eget=convallis&eros=morbi&elementum=odio&pellentesque=odio&quisque=elementum&porta=eu&volutpat=interdum&erat=eu&quisque=tincidunt&erat=in&eros=leo&viverra=maecenas&eget=pulvinar&congue=lobortis&eget=est&semper=phasellus&rutrum=sit&nulla=amet&nunc=erat&purus=nulla&phasellus=tempus&in=vivamus&felis=in&donec=felis&semper=eu&sapien=sapien&a=cursus&libero=vestibulum&nam=proin&dui=eu&proin=mi&leo=nulla&odio=ac&porttitor=enim&id=in&consequat=tempor&in=turpis&consequat=nec&ut=euismod&nulla=scelerisque&sed=quam&accumsan=turpis&felis=adipiscing&ut=lorem&at=vitae&dolor=mattis&quis=nibh&odio=ligula&consequat=nec&varius=sem&integer=duis&ac=aliquam&leo=convallis&pellentesque=nunc&ultrices=proin&mattis=at&odio=turpis&donec=a&vitae=pede&nisi=posuere&nam=nonummy&ultrices=integer','Artikel_Medium',80),('http://virginia.edu/vitae/mattis/nibh/ligula.png?maecenas=et&ut=ultrices&massa=posuere&quis=cubilia&augue=curae&luctus=nulla&tincidunt=dapibus&nulla=dolor&mollis=vel&molestie=est&lorem=donec&quisque=odio&ut=justo&erat=sollicitudin&curabitur=ut&gravida=suscipit&nisi=a&at=feugiat&nibh=et&in=eros&hac=vestibulum&habitasse=ac&platea=est&dictumst=lacinia&aliquam=nisi&augue=venenatis&quam=tristique&sollicitudin=fusce&vitae=congue&consectetuer=diam&eget=id&rutrum=ornare&at=imperdiet&lorem=sapien&integer=urna&tincidunt=pretium&ante=nisl&vel=ut&ipsum=volutpat&praesent=sapien&blandit=arcu&lacinia=sed&erat=augue&vestibulum=aliquam&sed=erat&magna=volutpat&at=in&nunc=congue&commodo=etiam&placerat=justo&praesent=etiam&blandit=pretium&nam=iaculis&nulla=justo','Artikel_Medium',32),('http://vistaprint.com/consequat/varius/integer/ac/leo.jpg?lectus=sollicitudin&pellentesque=vitae&eget=consectetuer&nunc=eget&donec=rutrum&quis=at&orci=lorem&eget=integer&orci=tincidunt&vehicula=ante&condimentum=vel&curabitur=ipsum&in=praesent&libero=blandit&ut=lacinia&massa=erat&volutpat=vestibulum&convallis=sed&morbi=magna&odio=at&odio=nunc&elementum=commodo&eu=placerat&interdum=praesent&eu=blandit&tincidunt=nam&in=nulla&leo=integer&maecenas=pede&pulvinar=justo&lobortis=lacinia&est=eget&phasellus=tincidunt&sit=eget','Artikel_Medium',84),('http://vistaprint.com/suspendisse/ornare/consequat/lectus/in.jpg?nulla=blandit&tellus=non&in=interdum&sagittis=in&dui=ante&vel=vestibulum&nisl=ante&duis=ipsum&ac=primis&nibh=in&fusce=faucibus&lacus=orci&purus=luctus&aliquet=et&at=ultrices&feugiat=posuere&non=cubilia&pretium=curae&quis=duis&lectus=faucibus&suspendisse=accumsan&potenti=odio&in=curabitur&eleifend=convallis&quam=duis&a=consequat&odio=dui&in=nec&hac=nisi&habitasse=volutpat&platea=eleifend&dictumst=donec&maecenas=ut&ut=dolor&massa=morbi&quis=vel&augue=lectus&luctus=in&tincidunt=quam&nulla=fringilla&mollis=rhoncus&molestie=mauris&lorem=enim&quisque=leo&ut=rhoncus&erat=sed&curabitur=vestibulum&gravida=sit&nisi=amet&at=cursus&nibh=id&in=turpis&hac=integer&habitasse=aliquet&platea=massa&dictumst=id&aliquam=lobortis&augue=convallis&quam=tortor&sollicitudin=risus&vitae=dapibus&consectetuer=augue&eget=vel&rutrum=accumsan&at=tellus&lorem=nisi&integer=eu&tincidunt=orci&ante=mauris&vel=lacinia&ipsum=sapien&praesent=quis&blandit=libero&lacinia=nullam&erat=sit&vestibulum=amet&sed=turpis&magna=elementum&at=ligula&nunc=vehicula&commodo=consequat&placerat=morbi','Materi_Ajar',43),('http://vkontakte.ru/id/luctus/nec/molestie.xml?rhoncus=non&aliquam=velit&lacus=donec&morbi=diam&quis=neque&tortor=vestibulum&id=eget&nulla=vulputate&ultrices=ut&aliquet=ultrices&maecenas=vel&leo=augue&odio=vestibulum&condimentum=ante&id=ipsum&luctus=primis&nec=in&molestie=faucibus&sed=orci&justo=luctus&pellentesque=et&viverra=ultrices&pede=posuere&ac=cubilia&diam=curae&cras=donec&pellentesque=pharetra&volutpat=magna&dui=vestibulum&maecenas=aliquet&tristique=ultrices&est=erat&et=tortor&tempus=sollicitudin&semper=mi&est=sit&quam=amet&pharetra=lobortis&magna=sapien&ac=sapien&consequat=non&metus=mi&sapien=integer&ut=ac&nunc=neque&vestibulum=duis&ante=bibendum&ipsum=morbi&primis=non&in=quam&faucibus=nec&orci=dui&luctus=luctus&et=rutrum&ultrices=nulla&posuere=tellus&cubilia=in&curae=sagittis&mauris=dui&viverra=vel&diam=nisl&vitae=duis&quam=ac&suspendisse=nibh&potenti=fusce&nullam=lacus&porttitor=purus&lacus=aliquet&at=at&turpis=feugiat&donec=non&posuere=pretium&metus=quis&vitae=lectus&ipsum=suspendisse&aliquam=potenti&non=in&mauris=eleifend&morbi=quam&non=a&lectus=odio&aliquam=in&sit=hac&amet=habitasse&diam=platea&in=dictumst&magna=maecenas','Materi_Ajar',60),('http://vkontakte.ru/volutpat/sapien.jpg?justo=in&sollicitudin=felis&ut=donec&suscipit=semper&a=sapien&feugiat=a&et=libero&eros=nam&vestibulum=dui&ac=proin&est=leo&lacinia=odio&nisi=porttitor&venenatis=id&tristique=consequat&fusce=in&congue=consequat&diam=ut&id=nulla&ornare=sed&imperdiet=accumsan&sapien=felis&urna=ut&pretium=at&nisl=dolor&ut=quis&volutpat=odio&sapien=consequat&arcu=varius&sed=integer&augue=ac&aliquam=leo&erat=pellentesque&volutpat=ultrices&in=mattis&congue=odio&etiam=donec&justo=vitae&etiam=nisi&pretium=nam&iaculis=ultrices&justo=libero&in=non&hac=mattis&habitasse=pulvinar&platea=nulla&dictumst=pede&etiam=ullamcorper&faucibus=augue&cursus=a&urna=suscipit&ut=nulla&tellus=elit&nulla=ac&ut=nulla&erat=sed&id=vel&mauris=enim','Artikel_Medium',39),('http://w3.org/ullamcorper/augue/a/suscipit/nulla/elit/ac.json?pellentesque=orci&volutpat=nullam&dui=molestie&maecenas=nibh&tristique=in&est=lectus&et=pellentesque&tempus=at&semper=nulla&est=suspendisse&quam=potenti&pharetra=cras&magna=in&ac=purus&consequat=eu&metus=magna&sapien=vulputate&ut=luctus&nunc=cum&vestibulum=sociis&ante=natoque&ipsum=penatibus&primis=et&in=magnis&faucibus=dis&orci=parturient&luctus=montes&et=nascetur&ultrices=ridiculus&posuere=mus&cubilia=vivamus&curae=vestibulum&mauris=sagittis&viverra=sapien&diam=cum&vitae=sociis&quam=natoque&suspendisse=penatibus&potenti=et','Materi_Ajar',79),('http://washington.edu/volutpat/dui.html?mi=non&in=lectus&porttitor=aliquam&pede=sit&justo=amet&eu=diam&massa=in&donec=magna&dapibus=bibendum&duis=imperdiet&at=nullam&velit=orci&eu=pede&est=venenatis&congue=non&elementum=sodales&in=sed&hac=tincidunt&habitasse=eu&platea=felis&dictumst=fusce&morbi=posuere&vestibulum=felis&velit=sed&id=lacus&pretium=morbi&iaculis=sem&diam=mauris&erat=laoreet&fermentum=ut&justo=rhoncus&nec=aliquet&condimentum=pulvinar&neque=sed&sapien=nisl&placerat=nunc&ante=rhoncus&nulla=dui&justo=vel&aliquam=sem&quis=sed&turpis=sagittis&eget=nam&elit=congue&sodales=risus&scelerisque=semper&mauris=porta&sit=volutpat&amet=quam&eros=pede&suspendisse=lobortis&accumsan=ligula&tortor=sit&quis=amet&turpis=eleifend&sed=pede&ante=libero&vivamus=quis&tortor=orci&duis=nullam&mattis=molestie&egestas=nibh&metus=in&aenean=lectus&fermentum=pellentesque&donec=at&ut=nulla&mauris=suspendisse&eget=potenti&massa=cras&tempor=in&convallis=purus&nulla=eu&neque=magna&libero=vulputate&convallis=luctus&eget=cum&eleifend=sociis&luctus=natoque&ultricies=penatibus&eu=et&nibh=magnis&quisque=dis&id=parturient&justo=montes&sit=nascetur&amet=ridiculus&sapien=mus&dignissim=vivamus&vestibulum=vestibulum&vestibulum=sagittis&ante=sapien&ipsum=cum&primis=sociis&in=natoque&faucibus=penatibus&orci=et','Artikel_Medium',80),('http://weather.com/rutrum/at/lorem/integer.js?a=imperdiet&nibh=nullam&in=orci&quis=pede&justo=venenatis&maecenas=non&rhoncus=sodales&aliquam=sed&lacus=tincidunt&morbi=eu&quis=felis&tortor=fusce&id=posuere&nulla=felis&ultrices=sed&aliquet=lacus&maecenas=morbi&leo=sem&odio=mauris&condimentum=laoreet&id=ut&luctus=rhoncus&nec=aliquet&molestie=pulvinar&sed=sed&justo=nisl&pellentesque=nunc&viverra=rhoncus&pede=dui&ac=vel&diam=sem&cras=sed&pellentesque=sagittis&volutpat=nam&dui=congue&maecenas=risus&tristique=semper&est=porta&et=volutpat&tempus=quam&semper=pede&est=lobortis&quam=ligula&pharetra=sit&magna=amet&ac=eleifend&consequat=pede&metus=libero&sapien=quis','Materi_Ajar',8),('http://webs.com/ut/dolor/morbi/vel/lectus/in.png?congue=diam&eget=vitae&semper=quam&rutrum=suspendisse&nulla=potenti&nunc=nullam&purus=porttitor&phasellus=lacus&in=at&felis=turpis&donec=donec&semper=posuere&sapien=metus&a=vitae&libero=ipsum&nam=aliquam&dui=non&proin=mauris&leo=morbi&odio=non&porttitor=lectus&id=aliquam&consequat=sit&in=amet&consequat=diam&ut=in&nulla=magna&sed=bibendum&accumsan=imperdiet&felis=nullam&ut=orci&at=pede&dolor=venenatis&quis=non','Artikel_Medium',67),('http://weebly.com/venenatis/lacinia/aenean/sit/amet.aspx?ac=morbi&neque=quis&duis=tortor&bibendum=id&morbi=nulla&non=ultrices&quam=aliquet&nec=maecenas&dui=leo&luctus=odio&rutrum=condimentum&nulla=id&tellus=luctus&in=nec&sagittis=molestie&dui=sed&vel=justo&nisl=pellentesque&duis=viverra&ac=pede&nibh=ac&fusce=diam&lacus=cras&purus=pellentesque&aliquet=volutpat&at=dui&feugiat=maecenas&non=tristique&pretium=est&quis=et&lectus=tempus&suspendisse=semper&potenti=est&in=quam&eleifend=pharetra&quam=magna&a=ac&odio=consequat&in=metus&hac=sapien&habitasse=ut&platea=nunc&dictumst=vestibulum','Artikel_Medium',87),('http://weibo.com/ultrices.aspx?odio=lacinia&odio=aenean&elementum=sit&eu=amet&interdum=justo&eu=morbi&tincidunt=ut&in=odio&leo=cras&maecenas=mi&pulvinar=pede&lobortis=malesuada&est=in&phasellus=imperdiet&sit=et&amet=commodo&erat=vulputate&nulla=justo&tempus=in&vivamus=blandit&in=ultrices&felis=enim&eu=lorem&sapien=ipsum&cursus=dolor&vestibulum=sit&proin=amet&eu=consectetuer&mi=adipiscing&nulla=elit&ac=proin&enim=interdum&in=mauris&tempor=non&turpis=ligula&nec=pellentesque&euismod=ultrices&scelerisque=phasellus&quam=id&turpis=sapien&adipiscing=in&lorem=sapien&vitae=iaculis&mattis=congue','Materi_Ajar',74),('http://wired.com/sed/vel/enim/sit/amet.jsp?faucibus=odio&orci=curabitur&luctus=convallis&et=duis&ultrices=consequat&posuere=dui&cubilia=nec&curae=nisi&nulla=volutpat&dapibus=eleifend&dolor=donec&vel=ut&est=dolor&donec=morbi&odio=vel','Materi_Ajar',18),('http://woothemes.com/id/ornare/imperdiet/sapien/urna/pretium/nisl.jsp?sapien=potenti&urna=in&pretium=eleifend&nisl=quam&ut=a&volutpat=odio&sapien=in&arcu=hac&sed=habitasse&augue=platea&aliquam=dictumst&erat=maecenas&volutpat=ut&in=massa&congue=quis&etiam=augue&justo=luctus&etiam=tincidunt&pretium=nulla&iaculis=mollis&justo=molestie&in=lorem&hac=quisque&habitasse=ut&platea=erat&dictumst=curabitur&etiam=gravida&faucibus=nisi&cursus=at&urna=nibh&ut=in&tellus=hac&nulla=habitasse&ut=platea&erat=dictumst&id=aliquam&mauris=augue&vulputate=quam&elementum=sollicitudin&nullam=vitae&varius=consectetuer&nulla=eget&facilisi=rutrum&cras=at&non=lorem&velit=integer&nec=tincidunt&nisi=ante&vulputate=vel&nonummy=ipsum&maecenas=praesent&tincidunt=blandit&lacus=lacinia&at=erat&velit=vestibulum&vivamus=sed&vel=magna&nulla=at&eget=nunc&eros=commodo&elementum=placerat&pellentesque=praesent&quisque=blandit','Materi_Ajar',49),('http://yahoo.co.jp/lobortis/vel/dapibus/at/diam/nam.aspx?luctus=posuere&et=felis&ultrices=sed&posuere=lacus&cubilia=morbi&curae=sem&donec=mauris&pharetra=laoreet&magna=ut&vestibulum=rhoncus&aliquet=aliquet&ultrices=pulvinar&erat=sed&tortor=nisl&sollicitudin=nunc&mi=rhoncus&sit=dui&amet=vel&lobortis=sem&sapien=sed&sapien=sagittis&non=nam&mi=congue&integer=risus&ac=semper&neque=porta&duis=volutpat&bibendum=quam&morbi=pede&non=lobortis&quam=ligula&nec=sit&dui=amet&luctus=eleifend&rutrum=pede','Materi_Ajar',50),('http://zimbio.com/elementum/ligula/vehicula/consequat/morbi.html?lacus=vestibulum&at=proin&velit=eu&vivamus=mi&vel=nulla&nulla=ac&eget=enim&eros=in&elementum=tempor&pellentesque=turpis&quisque=nec&porta=euismod&volutpat=scelerisque&erat=quam&quisque=turpis&erat=adipiscing&eros=lorem&viverra=vitae&eget=mattis&congue=nibh&eget=ligula&semper=nec&rutrum=sem&nulla=duis&nunc=aliquam&purus=convallis&phasellus=nunc&in=proin&felis=at&donec=turpis&semper=a&sapien=pede&a=posuere&libero=nonummy&nam=integer&dui=non&proin=velit&leo=donec&odio=diam&porttitor=neque&id=vestibulum&consequat=eget&in=vulputate&consequat=ut&ut=ultrices&nulla=vel&sed=augue&accumsan=vestibulum&felis=ante&ut=ipsum&at=primis&dolor=in&quis=faucibus&odio=orci&consequat=luctus&varius=et&integer=ultrices&ac=posuere&leo=cubilia&pellentesque=curae&ultrices=donec&mattis=pharetra&odio=magna&donec=vestibulum&vitae=aliquet&nisi=ultrices&nam=erat&ultrices=tortor&libero=sollicitudin&non=mi&mattis=sit&pulvinar=amet&nulla=lobortis&pede=sapien&ullamcorper=sapien&augue=non&a=mi&suscipit=integer&nulla=ac&elit=neque&ac=duis&nulla=bibendum&sed=morbi&vel=non&enim=quam&sit=nec&amet=dui&nunc=luctus&viverra=rutrum&dapibus=nulla&nulla=tellus&suscipit=in&ligula=sagittis&in=dui&lacus=vel&curabitur=nisl','Materi_Ajar',100),('http://zimbio.com/in/faucibus/orci/luctus/et/ultrices.jpg?faucibus=magnis&orci=dis&luctus=parturient&et=montes&ultrices=nascetur&posuere=ridiculus&cubilia=mus&curae=etiam&mauris=vel&viverra=augue','Artikel_Medium',73),('https://a8.net/ridiculus.jsp?quisque=eget&ut=tempus&erat=vel&curabitur=pede&gravida=morbi&nisi=porttitor','Artikel_Medium',26),('https://a8.net/sapien/iaculis/congue/vivamus.aspx?orci=faucibus&vehicula=orci&condimentum=luctus&curabitur=et&in=ultrices&libero=posuere&ut=cubilia&massa=curae&volutpat=duis&convallis=faucibus&morbi=accumsan&odio=odio&odio=curabitur&elementum=convallis&eu=duis&interdum=consequat&eu=dui&tincidunt=nec&in=nisi&leo=volutpat&maecenas=eleifend&pulvinar=donec&lobortis=ut&est=dolor&phasellus=morbi&sit=vel&amet=lectus&erat=in&nulla=quam&tempus=fringilla&vivamus=rhoncus&in=mauris&felis=enim&eu=leo&sapien=rhoncus&cursus=sed&vestibulum=vestibulum&proin=sit&eu=amet&mi=cursus&nulla=id&ac=turpis&enim=integer&in=aliquet&tempor=massa&turpis=id&nec=lobortis&euismod=convallis&scelerisque=tortor&quam=risus&turpis=dapibus&adipiscing=augue&lorem=vel&vitae=accumsan&mattis=tellus&nibh=nisi&ligula=eu&nec=orci&sem=mauris&duis=lacinia&aliquam=sapien&convallis=quis&nunc=libero&proin=nullam&at=sit&turpis=amet&a=turpis&pede=elementum&posuere=ligula&nonummy=vehicula&integer=consequat&non=morbi&velit=a&donec=ipsum&diam=integer&neque=a&vestibulum=nibh&eget=in&vulputate=quis&ut=justo&ultrices=maecenas&vel=rhoncus&augue=aliquam&vestibulum=lacus&ante=morbi&ipsum=quis&primis=tortor&in=id&faucibus=nulla','Artikel_Medium',2),('https://abc.net.au/quam/pede/lobortis/ligula/sit/amet.js?morbi=nam&odio=nulla','Materi_Ajar',78),('https://about.com/vel/augue/vestibulum/ante.jpg?cras=aliquet&non=pulvinar&velit=sed&nec=nisl&nisi=nunc&vulputate=rhoncus&nonummy=dui&maecenas=vel&tincidunt=sem&lacus=sed&at=sagittis&velit=nam&vivamus=congue&vel=risus&nulla=semper&eget=porta&eros=volutpat&elementum=quam&pellentesque=pede&quisque=lobortis&porta=ligula&volutpat=sit&erat=amet','Artikel_Medium',93),('https://accuweather.com/cum/sociis/natoque/penatibus.png?consequat=viverra&ut=dapibus&nulla=nulla&sed=suscipit&accumsan=ligula&felis=in&ut=lacus&at=curabitur&dolor=at&quis=ipsum&odio=ac&consequat=tellus&varius=semper&integer=interdum&ac=mauris&leo=ullamcorper&pellentesque=purus&ultrices=sit&mattis=amet&odio=nulla&donec=quisque&vitae=arcu&nisi=libero&nam=rutrum&ultrices=ac&libero=lobortis&non=vel&mattis=dapibus&pulvinar=at&nulla=diam&pede=nam','Materi_Ajar',24),('https://accuweather.com/quam/nec/dui/luctus.xml?ornare=adipiscing&consequat=molestie&lectus=hendrerit&in=at&est=vulputate&risus=vitae&auctor=nisl&sed=aenean&tristique=lectus&in=pellentesque&tempus=eget&sit=nunc&amet=donec&sem=quis&fusce=orci&consequat=eget&nulla=orci&nisl=vehicula&nunc=condimentum&nisl=curabitur&duis=in&bibendum=libero&felis=ut&sed=massa&interdum=volutpat&venenatis=convallis&turpis=morbi&enim=odio&blandit=odio&mi=elementum&in=eu&porttitor=interdum&pede=eu&justo=tincidunt','Artikel_Medium',63),('https://admin.ch/id.aspx?nulla=et&integer=eros&pede=vestibulum&justo=ac&lacinia=est&eget=lacinia&tincidunt=nisi&eget=venenatis&tempus=tristique&vel=fusce&pede=congue&morbi=diam','Artikel_Medium',21),('https://admin.ch/quis/lectus/suspendisse/potenti/in/eleifend.xml?eu=ut&est=erat&congue=id&elementum=mauris&in=vulputate&hac=elementum&habitasse=nullam&platea=varius&dictumst=nulla&morbi=facilisi&vestibulum=cras&velit=non&id=velit&pretium=nec&iaculis=nisi&diam=vulputate&erat=nonummy&fermentum=maecenas','Artikel_Medium',41),('https://alexa.com/consectetuer/adipiscing/elit/proin/risus/praesent/lectus.jpg?vestibulum=nullam&velit=molestie&id=nibh&pretium=in&iaculis=lectus&diam=pellentesque&erat=at&fermentum=nulla&justo=suspendisse&nec=potenti&condimentum=cras&neque=in&sapien=purus&placerat=eu&ante=magna&nulla=vulputate&justo=luctus&aliquam=cum&quis=sociis&turpis=natoque&eget=penatibus&elit=et&sodales=magnis&scelerisque=dis&mauris=parturient&sit=montes&amet=nascetur&eros=ridiculus&suspendisse=mus&accumsan=vivamus&tortor=vestibulum&quis=sagittis&turpis=sapien&sed=cum&ante=sociis&vivamus=natoque&tortor=penatibus&duis=et&mattis=magnis&egestas=dis&metus=parturient&aenean=montes&fermentum=nascetur&donec=ridiculus&ut=mus&mauris=etiam&eget=vel&massa=augue&tempor=vestibulum&convallis=rutrum&nulla=rutrum&neque=neque&libero=aenean&convallis=auctor&eget=gravida&eleifend=sem&luctus=praesent&ultricies=id&eu=massa&nibh=id&quisque=nisl&id=venenatis&justo=lacinia&sit=aenean&amet=sit&sapien=amet&dignissim=justo&vestibulum=morbi&vestibulum=ut&ante=odio&ipsum=cras&primis=mi&in=pede&faucibus=malesuada&orci=in&luctus=imperdiet&et=et&ultrices=commodo&posuere=vulputate&cubilia=justo&curae=in&nulla=blandit&dapibus=ultrices&dolor=enim&vel=lorem&est=ipsum&donec=dolor&odio=sit&justo=amet&sollicitudin=consectetuer&ut=adipiscing&suscipit=elit&a=proin&feugiat=interdum&et=mauris&eros=non&vestibulum=ligula&ac=pellentesque&est=ultrices&lacinia=phasellus','Artikel_Medium',98),('https://archive.org/vehicula/condimentum/curabitur/in/libero/ut.json?nibh=in&in=felis&quis=donec&justo=semper&maecenas=sapien&rhoncus=a&aliquam=libero&lacus=nam&morbi=dui&quis=proin&tortor=leo&id=odio&nulla=porttitor&ultrices=id&aliquet=consequat&maecenas=in&leo=consequat&odio=ut&condimentum=nulla&id=sed&luctus=accumsan&nec=felis&molestie=ut&sed=at&justo=dolor&pellentesque=quis&viverra=odio&pede=consequat&ac=varius&diam=integer&cras=ac&pellentesque=leo&volutpat=pellentesque&dui=ultrices&maecenas=mattis&tristique=odio&est=donec&et=vitae&tempus=nisi&semper=nam&est=ultrices&quam=libero&pharetra=non&magna=mattis&ac=pulvinar&consequat=nulla&metus=pede&sapien=ullamcorper&ut=augue&nunc=a&vestibulum=suscipit&ante=nulla&ipsum=elit&primis=ac&in=nulla&faucibus=sed&orci=vel&luctus=enim&et=sit&ultrices=amet&posuere=nunc&cubilia=viverra&curae=dapibus&mauris=nulla&viverra=suscipit&diam=ligula','Artikel_Medium',36),('https://auda.org.au/suscipit/nulla/elit/ac/nulla.js?nunc=purus&proin=phasellus&at=in&turpis=felis&a=donec&pede=semper&posuere=sapien&nonummy=a&integer=libero&non=nam&velit=dui&donec=proin&diam=leo&neque=odio&vestibulum=porttitor&eget=id&vulputate=consequat&ut=in&ultrices=consequat&vel=ut&augue=nulla&vestibulum=sed&ante=accumsan&ipsum=felis&primis=ut&in=at&faucibus=dolor&orci=quis&luctus=odio&et=consequat&ultrices=varius&posuere=integer&cubilia=ac&curae=leo&donec=pellentesque&pharetra=ultrices&magna=mattis&vestibulum=odio&aliquet=donec&ultrices=vitae&erat=nisi&tortor=nam&sollicitudin=ultrices&mi=libero&sit=non&amet=mattis&lobortis=pulvinar&sapien=nulla&sapien=pede&non=ullamcorper&mi=augue&integer=a&ac=suscipit&neque=nulla&duis=elit&bibendum=ac&morbi=nulla&non=sed&quam=vel&nec=enim&dui=sit','Artikel_Medium',86),('https://barnesandnoble.com/lobortis/est/phasellus.jsp?condimentum=in&curabitur=felis&in=eu&libero=sapien&ut=cursus&massa=vestibulum&volutpat=proin&convallis=eu&morbi=mi&odio=nulla&odio=ac&elementum=enim&eu=in&interdum=tempor&eu=turpis&tincidunt=nec&in=euismod&leo=scelerisque&maecenas=quam&pulvinar=turpis&lobortis=adipiscing&est=lorem&phasellus=vitae&sit=mattis','Materi_Ajar',47),('https://barnesandnoble.com/orci/luctus.png?massa=suspendisse&tempor=accumsan&convallis=tortor&nulla=quis&neque=turpis&libero=sed&convallis=ante&eget=vivamus&eleifend=tortor&luctus=duis&ultricies=mattis&eu=egestas&nibh=metus&quisque=aenean&id=fermentum&justo=donec&sit=ut&amet=mauris&sapien=eget&dignissim=massa&vestibulum=tempor&vestibulum=convallis&ante=nulla&ipsum=neque&primis=libero&in=convallis&faucibus=eget&orci=eleifend&luctus=luctus&et=ultricies&ultrices=eu','Artikel_Medium',64),('https://barnesandnoble.com/vehicula.aspx?vestibulum=at&proin=nulla&eu=suspendisse&mi=potenti&nulla=cras&ac=in&enim=purus&in=eu&tempor=magna&turpis=vulputate&nec=luctus&euismod=cum&scelerisque=sociis&quam=natoque&turpis=penatibus&adipiscing=et&lorem=magnis&vitae=dis&mattis=parturient&nibh=montes&ligula=nascetur&nec=ridiculus&sem=mus&duis=vivamus&aliquam=vestibulum&convallis=sagittis&nunc=sapien&proin=cum&at=sociis&turpis=natoque&a=penatibus&pede=et&posuere=magnis&nonummy=dis&integer=parturient&non=montes&velit=nascetur&donec=ridiculus&diam=mus&neque=etiam&vestibulum=vel&eget=augue&vulputate=vestibulum&ut=rutrum&ultrices=rutrum&vel=neque&augue=aenean&vestibulum=auctor&ante=gravida&ipsum=sem&primis=praesent&in=id&faucibus=massa&orci=id&luctus=nisl&et=venenatis&ultrices=lacinia&posuere=aenean&cubilia=sit&curae=amet&donec=justo&pharetra=morbi&magna=ut&vestibulum=odio&aliquet=cras&ultrices=mi&erat=pede&tortor=malesuada&sollicitudin=in&mi=imperdiet&sit=et&amet=commodo&lobortis=vulputate&sapien=justo&sapien=in&non=blandit&mi=ultrices&integer=enim&ac=lorem&neque=ipsum&duis=dolor&bibendum=sit&morbi=amet&non=consectetuer&quam=adipiscing&nec=elit&dui=proin&luctus=interdum&rutrum=mauris&nulla=non&tellus=ligula&in=pellentesque&sagittis=ultrices&dui=phasellus&vel=id&nisl=sapien&duis=in&ac=sapien&nibh=iaculis&fusce=congue','Artikel_Medium',63),('https://berkeley.edu/et/commodo/vulputate/justo/in/blandit/ultrices.js?sit=orci&amet=luctus&turpis=et&elementum=ultrices&ligula=posuere&vehicula=cubilia&consequat=curae&morbi=donec&a=pharetra&ipsum=magna&integer=vestibulum&a=aliquet&nibh=ultrices&in=erat&quis=tortor&justo=sollicitudin&maecenas=mi&rhoncus=sit&aliquam=amet&lacus=lobortis&morbi=sapien&quis=sapien&tortor=non&id=mi&nulla=integer&ultrices=ac&aliquet=neque&maecenas=duis&leo=bibendum&odio=morbi&condimentum=non&id=quam&luctus=nec&nec=dui&molestie=luctus&sed=rutrum&justo=nulla&pellentesque=tellus&viverra=in&pede=sagittis&ac=dui&diam=vel&cras=nisl&pellentesque=duis&volutpat=ac&dui=nibh&maecenas=fusce&tristique=lacus&est=purus&et=aliquet&tempus=at&semper=feugiat&est=non&quam=pretium&pharetra=quis&magna=lectus&ac=suspendisse&consequat=potenti&metus=in&sapien=eleifend&ut=quam&nunc=a&vestibulum=odio&ante=in&ipsum=hac&primis=habitasse&in=platea&faucibus=dictumst&orci=maecenas&luctus=ut&et=massa&ultrices=quis','Artikel_Medium',69),('https://bigcartel.com/magna/ac.png?ipsum=cum&primis=sociis&in=natoque&faucibus=penatibus&orci=et&luctus=magnis&et=dis&ultrices=parturient','Materi_Ajar',77),('https://bing.com/pede/justo/eu/massa.html?at=elit&nibh=proin&in=risus&hac=praesent&habitasse=lectus&platea=vestibulum&dictumst=quam&aliquam=sapien&augue=varius&quam=ut&sollicitudin=blandit&vitae=non&consectetuer=interdum&eget=in&rutrum=ante&at=vestibulum&lorem=ante&integer=ipsum&tincidunt=primis&ante=in&vel=faucibus&ipsum=orci&praesent=luctus&blandit=et&lacinia=ultrices&erat=posuere&vestibulum=cubilia&sed=curae&magna=duis','Artikel_Medium',35),('https://blinklist.com/venenatis/turpis.jsp?sed=nulla&interdum=justo','Materi_Ajar',71),('https://blogger.com/pede/lobortis/ligula/sit/amet/eleifend.png?in=viverra&quis=eget&justo=congue&maecenas=eget&rhoncus=semper&aliquam=rutrum&lacus=nulla&morbi=nunc&quis=purus&tortor=phasellus&id=in&nulla=felis&ultrices=donec&aliquet=semper&maecenas=sapien&leo=a&odio=libero&condimentum=nam&id=dui&luctus=proin&nec=leo&molestie=odio&sed=porttitor&justo=id&pellentesque=consequat&viverra=in&pede=consequat&ac=ut&diam=nulla&cras=sed&pellentesque=accumsan&volutpat=felis&dui=ut&maecenas=at&tristique=dolor&est=quis&et=odio&tempus=consequat&semper=varius&est=integer&quam=ac&pharetra=leo&magna=pellentesque&ac=ultrices&consequat=mattis&metus=odio&sapien=donec&ut=vitae&nunc=nisi&vestibulum=nam&ante=ultrices&ipsum=libero&primis=non&in=mattis&faucibus=pulvinar&orci=nulla&luctus=pede&et=ullamcorper&ultrices=augue&posuere=a&cubilia=suscipit&curae=nulla&mauris=elit&viverra=ac&diam=nulla&vitae=sed&quam=vel&suspendisse=enim&potenti=sit&nullam=amet&porttitor=nunc&lacus=viverra&at=dapibus&turpis=nulla&donec=suscipit&posuere=ligula&metus=in&vitae=lacus&ipsum=curabitur&aliquam=at&non=ipsum&mauris=ac&morbi=tellus&non=semper&lectus=interdum&aliquam=mauris&sit=ullamcorper&amet=purus&diam=sit&in=amet&magna=nulla&bibendum=quisque&imperdiet=arcu','Artikel_Medium',48),('https://bloglines.com/donec/vitae/nisi.jpg?nisl=eget&duis=elit&bibendum=sodales&felis=scelerisque&sed=mauris&interdum=sit&venenatis=amet&turpis=eros&enim=suspendisse','Artikel_Medium',70),('https://buzzfeed.com/duis.aspx?cras=vestibulum&non=eget&velit=vulputate&nec=ut&nisi=ultrices&vulputate=vel&nonummy=augue&maecenas=vestibulum&tincidunt=ante&lacus=ipsum&at=primis&velit=in&vivamus=faucibus&vel=orci&nulla=luctus&eget=et&eros=ultrices&elementum=posuere&pellentesque=cubilia&quisque=curae&porta=donec&volutpat=pharetra&erat=magna&quisque=vestibulum&erat=aliquet&eros=ultrices&viverra=erat&eget=tortor&congue=sollicitudin&eget=mi&semper=sit&rutrum=amet&nulla=lobortis&nunc=sapien&purus=sapien&phasellus=non&in=mi&felis=integer&donec=ac&semper=neque&sapien=duis&a=bibendum&libero=morbi&nam=non&dui=quam&proin=nec&leo=dui&odio=luctus&porttitor=rutrum&id=nulla&consequat=tellus&in=in&consequat=sagittis&ut=dui&nulla=vel&sed=nisl&accumsan=duis&felis=ac&ut=nibh&at=fusce&dolor=lacus&quis=purus&odio=aliquet&consequat=at&varius=feugiat&integer=non&ac=pretium&leo=quis&pellentesque=lectus&ultrices=suspendisse&mattis=potenti&odio=in&donec=eleifend&vitae=quam&nisi=a&nam=odio&ultrices=in&libero=hac&non=habitasse&mattis=platea&pulvinar=dictumst&nulla=maecenas&pede=ut&ullamcorper=massa&augue=quis','Materi_Ajar',37),('https://cargocollective.com/in.aspx?aliquam=a&erat=pede&volutpat=posuere&in=nonummy&congue=integer&etiam=non&justo=velit&etiam=donec&pretium=diam&iaculis=neque&justo=vestibulum&in=eget&hac=vulputate&habitasse=ut&platea=ultrices&dictumst=vel&etiam=augue&faucibus=vestibulum&cursus=ante&urna=ipsum&ut=primis&tellus=in&nulla=faucibus&ut=orci&erat=luctus&id=et&mauris=ultrices&vulputate=posuere&elementum=cubilia&nullam=curae&varius=donec&nulla=pharetra&facilisi=magna&cras=vestibulum&non=aliquet&velit=ultrices&nec=erat&nisi=tortor&vulputate=sollicitudin&nonummy=mi&maecenas=sit&tincidunt=amet&lacus=lobortis&at=sapien&velit=sapien&vivamus=non&vel=mi&nulla=integer&eget=ac&eros=neque&elementum=duis&pellentesque=bibendum&quisque=morbi&porta=non&volutpat=quam&erat=nec&quisque=dui&erat=luctus&eros=rutrum&viverra=nulla&eget=tellus&congue=in&eget=sagittis&semper=dui&rutrum=vel&nulla=nisl&nunc=duis&purus=ac&phasellus=nibh&in=fusce&felis=lacus&donec=purus&semper=aliquet&sapien=at&a=feugiat&libero=non&nam=pretium&dui=quis&proin=lectus&leo=suspendisse&odio=potenti&porttitor=in&id=eleifend&consequat=quam&in=a&consequat=odio&ut=in&nulla=hac','Artikel_Medium',28),('https://cdc.gov/eleifend/quam/a/odio/in.jsp?risus=ut&semper=odio&porta=cras&volutpat=mi&quam=pede&pede=malesuada&lobortis=in&ligula=imperdiet&sit=et&amet=commodo&eleifend=vulputate&pede=justo&libero=in&quis=blandit&orci=ultrices&nullam=enim&molestie=lorem&nibh=ipsum&in=dolor&lectus=sit&pellentesque=amet&at=consectetuer&nulla=adipiscing&suspendisse=elit&potenti=proin&cras=interdum&in=mauris&purus=non&eu=ligula&magna=pellentesque&vulputate=ultrices&luctus=phasellus&cum=id&sociis=sapien&natoque=in&penatibus=sapien&et=iaculis&magnis=congue&dis=vivamus&parturient=metus&montes=arcu','Artikel_Medium',33),('https://clickbank.net/quam.png?et=augue&ultrices=luctus&posuere=tincidunt&cubilia=nulla&curae=mollis&nulla=molestie&dapibus=lorem&dolor=quisque&vel=ut&est=erat&donec=curabitur&odio=gravida&justo=nisi&sollicitudin=at&ut=nibh&suscipit=in&a=hac&feugiat=habitasse&et=platea&eros=dictumst&vestibulum=aliquam&ac=augue&est=quam&lacinia=sollicitudin&nisi=vitae&venenatis=consectetuer&tristique=eget&fusce=rutrum&congue=at&diam=lorem&id=integer&ornare=tincidunt&imperdiet=ante&sapien=vel&urna=ipsum&pretium=praesent&nisl=blandit&ut=lacinia&volutpat=erat&sapien=vestibulum&arcu=sed&sed=magna&augue=at&aliquam=nunc&erat=commodo&volutpat=placerat&in=praesent&congue=blandit&etiam=nam&justo=nulla&etiam=integer&pretium=pede&iaculis=justo&justo=lacinia&in=eget&hac=tincidunt&habitasse=eget&platea=tempus&dictumst=vel&etiam=pede&faucibus=morbi&cursus=porttitor&urna=lorem&ut=id&tellus=ligula&nulla=suspendisse','Materi_Ajar',96),('https://cmu.edu/vitae/nisi/nam.js?cursus=mattis&urna=pulvinar&ut=nulla&tellus=pede&nulla=ullamcorper&ut=augue&erat=a&id=suscipit&mauris=nulla&vulputate=elit&elementum=ac&nullam=nulla&varius=sed&nulla=vel&facilisi=enim&cras=sit&non=amet&velit=nunc&nec=viverra&nisi=dapibus&vulputate=nulla&nonummy=suscipit&maecenas=ligula&tincidunt=in&lacus=lacus&at=curabitur&velit=at&vivamus=ipsum&vel=ac&nulla=tellus&eget=semper&eros=interdum&elementum=mauris&pellentesque=ullamcorper&quisque=purus&porta=sit&volutpat=amet&erat=nulla&quisque=quisque&erat=arcu&eros=libero&viverra=rutrum&eget=ac&congue=lobortis&eget=vel&semper=dapibus&rutrum=at&nulla=diam&nunc=nam&purus=tristique','Artikel_Medium',91),('https://cnet.com/duis/bibendum/morbi/non.js?amet=convallis&eleifend=nunc&pede=proin&libero=at&quis=turpis&orci=a&nullam=pede&molestie=posuere&nibh=nonummy&in=integer&lectus=non&pellentesque=velit&at=donec&nulla=diam&suspendisse=neque&potenti=vestibulum&cras=eget&in=vulputate&purus=ut&eu=ultrices&magna=vel&vulputate=augue&luctus=vestibulum&cum=ante&sociis=ipsum&natoque=primis&penatibus=in&et=faucibus&magnis=orci&dis=luctus&parturient=et&montes=ultrices&nascetur=posuere&ridiculus=cubilia&mus=curae&vivamus=donec&vestibulum=pharetra&sagittis=magna&sapien=vestibulum&cum=aliquet&sociis=ultrices&natoque=erat&penatibus=tortor&et=sollicitudin&magnis=mi&dis=sit&parturient=amet&montes=lobortis&nascetur=sapien&ridiculus=sapien&mus=non&etiam=mi&vel=integer&augue=ac&vestibulum=neque&rutrum=duis&rutrum=bibendum&neque=morbi&aenean=non&auctor=quam&gravida=nec&sem=dui&praesent=luctus&id=rutrum&massa=nulla&id=tellus&nisl=in&venenatis=sagittis&lacinia=dui&aenean=vel&sit=nisl&amet=duis&justo=ac&morbi=nibh&ut=fusce&odio=lacus&cras=purus&mi=aliquet&pede=at&malesuada=feugiat&in=non&imperdiet=pretium&et=quis&commodo=lectus&vulputate=suspendisse&justo=potenti&in=in&blandit=eleifend&ultrices=quam&enim=a&lorem=odio','Artikel_Medium',88),('https://columbia.edu/ac/enim/in/tempor/turpis/nec/euismod.html?a=libero&pede=nullam&posuere=sit&nonummy=amet&integer=turpis&non=elementum&velit=ligula&donec=vehicula&diam=consequat&neque=morbi&vestibulum=a&eget=ipsum&vulputate=integer&ut=a&ultrices=nibh&vel=in&augue=quis&vestibulum=justo&ante=maecenas&ipsum=rhoncus&primis=aliquam&in=lacus&faucibus=morbi&orci=quis&luctus=tortor&et=id&ultrices=nulla&posuere=ultrices&cubilia=aliquet&curae=maecenas&donec=leo&pharetra=odio&magna=condimentum&vestibulum=id&aliquet=luctus&ultrices=nec&erat=molestie&tortor=sed&sollicitudin=justo&mi=pellentesque&sit=viverra&amet=pede&lobortis=ac&sapien=diam&sapien=cras&non=pellentesque&mi=volutpat&integer=dui&ac=maecenas&neque=tristique&duis=est&bibendum=et&morbi=tempus&non=semper&quam=est&nec=quam&dui=pharetra&luctus=magna&rutrum=ac&nulla=consequat&tellus=metus&in=sapien&sagittis=ut&dui=nunc&vel=vestibulum&nisl=ante&duis=ipsum&ac=primis&nibh=in&fusce=faucibus','Materi_Ajar',25),('https://columbia.edu/in/libero/ut/massa/volutpat/convallis/morbi.aspx?in=pharetra&sagittis=magna&dui=ac&vel=consequat&nisl=metus&duis=sapien&ac=ut&nibh=nunc&fusce=vestibulum&lacus=ante&purus=ipsum&aliquet=primis&at=in&feugiat=faucibus&non=orci&pretium=luctus&quis=et&lectus=ultrices&suspendisse=posuere&potenti=cubilia&in=curae&eleifend=mauris&quam=viverra&a=diam&odio=vitae&in=quam&hac=suspendisse&habitasse=potenti&platea=nullam&dictumst=porttitor&maecenas=lacus&ut=at&massa=turpis&quis=donec&augue=posuere&luctus=metus&tincidunt=vitae&nulla=ipsum&mollis=aliquam&molestie=non&lorem=mauris&quisque=morbi&ut=non&erat=lectus&curabitur=aliquam&gravida=sit&nisi=amet&at=diam&nibh=in&in=magna&hac=bibendum&habitasse=imperdiet&platea=nullam&dictumst=orci&aliquam=pede&augue=venenatis&quam=non&sollicitudin=sodales&vitae=sed&consectetuer=tincidunt&eget=eu&rutrum=felis&at=fusce&lorem=posuere&integer=felis&tincidunt=sed&ante=lacus&vel=morbi&ipsum=sem&praesent=mauris&blandit=laoreet&lacinia=ut&erat=rhoncus&vestibulum=aliquet','Materi_Ajar',7),('https://comsenz.com/id/ornare/imperdiet/sapien/urna.aspx?erat=interdum&fermentum=mauris&justo=non&nec=ligula&condimentum=pellentesque&neque=ultrices&sapien=phasellus&placerat=id&ante=sapien&nulla=in','Artikel_Medium',15),('https://constantcontact.com/vestibulum/aliquet/ultrices/erat.html?aliquet=blandit&maecenas=nam&leo=nulla&odio=integer&condimentum=pede&id=justo&luctus=lacinia&nec=eget&molestie=tincidunt&sed=eget&justo=tempus&pellentesque=vel&viverra=pede&pede=morbi&ac=porttitor&diam=lorem&cras=id&pellentesque=ligula&volutpat=suspendisse&dui=ornare&maecenas=consequat&tristique=lectus&est=in&et=est&tempus=risus&semper=auctor&est=sed&quam=tristique&pharetra=in&magna=tempus&ac=sit&consequat=amet&metus=sem&sapien=fusce&ut=consequat&nunc=nulla&vestibulum=nisl&ante=nunc&ipsum=nisl&primis=duis&in=bibendum&faucibus=felis&orci=sed&luctus=interdum&et=venenatis','Materi_Ajar',99),('https://dailymail.co.uk/risus/semper/porta/volutpat/quam/pede.json?ut=justo&erat=nec&curabitur=condimentum&gravida=neque&nisi=sapien&at=placerat&nibh=ante&in=nulla&hac=justo&habitasse=aliquam&platea=quis&dictumst=turpis&aliquam=eget&augue=elit&quam=sodales&sollicitudin=scelerisque&vitae=mauris&consectetuer=sit&eget=amet&rutrum=eros&at=suspendisse&lorem=accumsan&integer=tortor&tincidunt=quis&ante=turpis&vel=sed&ipsum=ante&praesent=vivamus&blandit=tortor&lacinia=duis&erat=mattis&vestibulum=egestas&sed=metus&magna=aenean&at=fermentum&nunc=donec&commodo=ut&placerat=mauris&praesent=eget&blandit=massa&nam=tempor&nulla=convallis&integer=nulla&pede=neque&justo=libero&lacinia=convallis&eget=eget&tincidunt=eleifend&eget=luctus&tempus=ultricies&vel=eu&pede=nibh&morbi=quisque&porttitor=id&lorem=justo&id=sit&ligula=amet&suspendisse=sapien&ornare=dignissim&consequat=vestibulum&lectus=vestibulum&in=ante&est=ipsum&risus=primis&auctor=in&sed=faucibus&tristique=orci&in=luctus&tempus=et&sit=ultrices&amet=posuere','Materi_Ajar',34),('https://dailymotion.com/platea/dictumst.jpg?sit=in&amet=blandit&diam=ultrices&in=enim&magna=lorem&bibendum=ipsum&imperdiet=dolor&nullam=sit&orci=amet&pede=consectetuer&venenatis=adipiscing&non=elit&sodales=proin&sed=interdum&tincidunt=mauris&eu=non&felis=ligula&fusce=pellentesque&posuere=ultrices&felis=phasellus&sed=id&lacus=sapien&morbi=in&sem=sapien&mauris=iaculis&laoreet=congue&ut=vivamus&rhoncus=metus&aliquet=arcu&pulvinar=adipiscing&sed=molestie&nisl=hendrerit&nunc=at&rhoncus=vulputate&dui=vitae&vel=nisl&sem=aenean&sed=lectus&sagittis=pellentesque&nam=eget&congue=nunc','Materi_Ajar',29),('https://digg.com/diam/nam/tristique.aspx?sodales=congue&scelerisque=elementum&mauris=in&sit=hac&amet=habitasse&eros=platea&suspendisse=dictumst&accumsan=morbi&tortor=vestibulum&quis=velit&turpis=id&sed=pretium&ante=iaculis&vivamus=diam&tortor=erat&duis=fermentum&mattis=justo&egestas=nec&metus=condimentum&aenean=neque&fermentum=sapien&donec=placerat&ut=ante&mauris=nulla','Artikel_Medium',29),('https://drupal.org/cursus/vestibulum/proin/eu/mi.png?suspendisse=tempus&potenti=semper&nullam=est&porttitor=quam&lacus=pharetra&at=magna&turpis=ac&donec=consequat&posuere=metus&metus=sapien&vitae=ut&ipsum=nunc&aliquam=vestibulum&non=ante&mauris=ipsum&morbi=primis&non=in&lectus=faucibus&aliquam=orci&sit=luctus&amet=et&diam=ultrices&in=posuere&magna=cubilia&bibendum=curae&imperdiet=mauris&nullam=viverra&orci=diam&pede=vitae&venenatis=quam&non=suspendisse&sodales=potenti&sed=nullam&tincidunt=porttitor&eu=lacus&felis=at&fusce=turpis&posuere=donec&felis=posuere&sed=metus&lacus=vitae&morbi=ipsum&sem=aliquam&mauris=non&laoreet=mauris&ut=morbi&rhoncus=non&aliquet=lectus&pulvinar=aliquam&sed=sit&nisl=amet&nunc=diam&rhoncus=in&dui=magna&vel=bibendum&sem=imperdiet&sed=nullam&sagittis=orci&nam=pede&congue=venenatis&risus=non&semper=sodales&porta=sed&volutpat=tincidunt&quam=eu&pede=felis&lobortis=fusce&ligula=posuere&sit=felis&amet=sed&eleifend=lacus&pede=morbi&libero=sem&quis=mauris&orci=laoreet&nullam=ut&molestie=rhoncus&nibh=aliquet&in=pulvinar','Materi_Ajar',56),('https://e-recht24.de/sed.json?praesent=etiam&blandit=justo&lacinia=etiam&erat=pretium&vestibulum=iaculis&sed=justo&magna=in&at=hac&nunc=habitasse&commodo=platea&placerat=dictumst&praesent=etiam&blandit=faucibus&nam=cursus&nulla=urna&integer=ut&pede=tellus&justo=nulla&lacinia=ut&eget=erat&tincidunt=id&eget=mauris&tempus=vulputate&vel=elementum&pede=nullam&morbi=varius&porttitor=nulla&lorem=facilisi&id=cras&ligula=non&suspendisse=velit&ornare=nec&consequat=nisi&lectus=vulputate&in=nonummy&est=maecenas&risus=tincidunt&auctor=lacus&sed=at&tristique=velit','Materi_Ajar',60),('https://ed.gov/suspendisse/potenti/in.xml?id=viverra&sapien=eget&in=congue&sapien=eget&iaculis=semper&congue=rutrum&vivamus=nulla&metus=nunc&arcu=purus&adipiscing=phasellus&molestie=in&hendrerit=felis&at=donec&vulputate=semper&vitae=sapien&nisl=a&aenean=libero&lectus=nam&pellentesque=dui&eget=proin&nunc=leo&donec=odio&quis=porttitor&orci=id&eget=consequat&orci=in&vehicula=consequat&condimentum=ut&curabitur=nulla&in=sed&libero=accumsan&ut=felis&massa=ut&volutpat=at&convallis=dolor&morbi=quis&odio=odio&odio=consequat&elementum=varius&eu=integer&interdum=ac&eu=leo&tincidunt=pellentesque&in=ultrices&leo=mattis&maecenas=odio&pulvinar=donec&lobortis=vitae&est=nisi&phasellus=nam&sit=ultrices&amet=libero&erat=non&nulla=mattis&tempus=pulvinar&vivamus=nulla&in=pede&felis=ullamcorper&eu=augue&sapien=a&cursus=suscipit&vestibulum=nulla&proin=elit&eu=ac&mi=nulla&nulla=sed&ac=vel&enim=enim&in=sit&tempor=amet&turpis=nunc&nec=viverra&euismod=dapibus&scelerisque=nulla&quam=suscipit&turpis=ligula','Materi_Ajar',37),('https://eepurl.com/nunc/proin.jpg?sed=cursus&vestibulum=urna&sit=ut&amet=tellus&cursus=nulla&id=ut&turpis=erat&integer=id&aliquet=mauris&massa=vulputate&id=elementum&lobortis=nullam&convallis=varius&tortor=nulla&risus=facilisi&dapibus=cras&augue=non&vel=velit&accumsan=nec&tellus=nisi&nisi=vulputate&eu=nonummy&orci=maecenas&mauris=tincidunt&lacinia=lacus&sapien=at&quis=velit&libero=vivamus&nullam=vel&sit=nulla&amet=eget&turpis=eros&elementum=elementum&ligula=pellentesque&vehicula=quisque&consequat=porta&morbi=volutpat&a=erat&ipsum=quisque&integer=erat&a=eros&nibh=viverra&in=eget','Artikel_Medium',97),('https://elegantthemes.com/nisi.jpg?mattis=velit&nibh=vivamus&ligula=vel&nec=nulla&sem=eget&duis=eros&aliquam=elementum&convallis=pellentesque&nunc=quisque&proin=porta&at=volutpat&turpis=erat&a=quisque&pede=erat&posuere=eros&nonummy=viverra&integer=eget&non=congue&velit=eget&donec=semper&diam=rutrum&neque=nulla&vestibulum=nunc&eget=purus&vulputate=phasellus&ut=in&ultrices=felis&vel=donec&augue=semper&vestibulum=sapien&ante=a&ipsum=libero&primis=nam&in=dui&faucibus=proin&orci=leo&luctus=odio&et=porttitor&ultrices=id&posuere=consequat&cubilia=in&curae=consequat&donec=ut&pharetra=nulla&magna=sed&vestibulum=accumsan&aliquet=felis&ultrices=ut&erat=at&tortor=dolor&sollicitudin=quis&mi=odio&sit=consequat&amet=varius&lobortis=integer','Materi_Ajar',23),('https://engadget.com/ante/vel/ipsum/praesent/blandit.jpg?id=rutrum&mauris=nulla&vulputate=tellus&elementum=in&nullam=sagittis&varius=dui&nulla=vel&facilisi=nisl&cras=duis&non=ac&velit=nibh&nec=fusce&nisi=lacus&vulputate=purus&nonummy=aliquet&maecenas=at&tincidunt=feugiat&lacus=non&at=pretium&velit=quis&vivamus=lectus&vel=suspendisse&nulla=potenti&eget=in&eros=eleifend&elementum=quam&pellentesque=a&quisque=odio&porta=in&volutpat=hac&erat=habitasse&quisque=platea&erat=dictumst&eros=maecenas&viverra=ut&eget=massa&congue=quis&eget=augue&semper=luctus&rutrum=tincidunt&nulla=nulla&nunc=mollis&purus=molestie&phasellus=lorem&in=quisque&felis=ut&donec=erat&semper=curabitur&sapien=gravida&a=nisi&libero=at&nam=nibh&dui=in&proin=hac&leo=habitasse&odio=platea&porttitor=dictumst&id=aliquam&consequat=augue&in=quam&consequat=sollicitudin&ut=vitae&nulla=consectetuer&sed=eget&accumsan=rutrum&felis=at&ut=lorem&at=integer&dolor=tincidunt&quis=ante&odio=vel&consequat=ipsum&varius=praesent&integer=blandit&ac=lacinia&leo=erat&pellentesque=vestibulum&ultrices=sed&mattis=magna&odio=at&donec=nunc&vitae=commodo&nisi=placerat&nam=praesent&ultrices=blandit&libero=nam&non=nulla&mattis=integer&pulvinar=pede','Artikel_Medium',88),('https://examiner.com/donec.html?tristique=venenatis&est=tristique&et=fusce&tempus=congue&semper=diam','Materi_Ajar',59),('https://exblog.jp/dignissim.json?felis=ut&donec=suscipit&semper=a&sapien=feugiat&a=et&libero=eros&nam=vestibulum&dui=ac&proin=est&leo=lacinia&odio=nisi&porttitor=venenatis&id=tristique&consequat=fusce','Materi_Ajar',92),('https://facebook.com/donec/quis/orci/eget/orci/vehicula/condimentum.html?eu=nullam&magna=varius&vulputate=nulla&luctus=facilisi&cum=cras&sociis=non&natoque=velit&penatibus=nec&et=nisi&magnis=vulputate&dis=nonummy&parturient=maecenas&montes=tincidunt&nascetur=lacus&ridiculus=at&mus=velit&vivamus=vivamus&vestibulum=vel&sagittis=nulla&sapien=eget&cum=eros&sociis=elementum&natoque=pellentesque&penatibus=quisque&et=porta&magnis=volutpat&dis=erat&parturient=quisque&montes=erat&nascetur=eros&ridiculus=viverra&mus=eget&etiam=congue&vel=eget&augue=semper&vestibulum=rutrum&rutrum=nulla&rutrum=nunc&neque=purus&aenean=phasellus&auctor=in&gravida=felis&sem=donec&praesent=semper&id=sapien&massa=a&id=libero&nisl=nam&venenatis=dui&lacinia=proin&aenean=leo&sit=odio&amet=porttitor&justo=id&morbi=consequat&ut=in&odio=consequat&cras=ut&mi=nulla&pede=sed&malesuada=accumsan&in=felis&imperdiet=ut&et=at&commodo=dolor&vulputate=quis&justo=odio&in=consequat&blandit=varius&ultrices=integer&enim=ac&lorem=leo&ipsum=pellentesque&dolor=ultrices&sit=mattis&amet=odio&consectetuer=donec&adipiscing=vitae&elit=nisi&proin=nam&interdum=ultrices','Materi_Ajar',40),('https://fda.gov/vel/ipsum/praesent/blandit.js?urna=cubilia&pretium=curae&nisl=nulla&ut=dapibus&volutpat=dolor&sapien=vel&arcu=est&sed=donec&augue=odio&aliquam=justo&erat=sollicitudin&volutpat=ut&in=suscipit&congue=a&etiam=feugiat&justo=et&etiam=eros&pretium=vestibulum&iaculis=ac&justo=est&in=lacinia&hac=nisi&habitasse=venenatis&platea=tristique&dictumst=fusce&etiam=congue&faucibus=diam&cursus=id&urna=ornare&ut=imperdiet&tellus=sapien&nulla=urna&ut=pretium&erat=nisl&id=ut&mauris=volutpat&vulputate=sapien&elementum=arcu&nullam=sed&varius=augue&nulla=aliquam&facilisi=erat&cras=volutpat&non=in&velit=congue&nec=etiam&nisi=justo&vulputate=etiam&nonummy=pretium&maecenas=iaculis&tincidunt=justo&lacus=in&at=hac&velit=habitasse&vivamus=platea&vel=dictumst&nulla=etiam&eget=faucibus&eros=cursus&elementum=urna&pellentesque=ut&quisque=tellus&porta=nulla&volutpat=ut&erat=erat','Artikel_Medium',45),('https://foxnews.com/habitasse/platea/dictumst/morbi/vestibulum/velit/id.json?odio=non&cras=mi&mi=integer&pede=ac&malesuada=neque&in=duis&imperdiet=bibendum&et=morbi&commodo=non&vulputate=quam&justo=nec&in=dui&blandit=luctus&ultrices=rutrum&enim=nulla&lorem=tellus&ipsum=in&dolor=sagittis&sit=dui&amet=vel&consectetuer=nisl&adipiscing=duis&elit=ac&proin=nibh&interdum=fusce&mauris=lacus&non=purus&ligula=aliquet&pellentesque=at&ultrices=feugiat&phasellus=non&id=pretium&sapien=quis&in=lectus&sapien=suspendisse&iaculis=potenti&congue=in&vivamus=eleifend&metus=quam&arcu=a&adipiscing=odio&molestie=in&hendrerit=hac&at=habitasse&vulputate=platea&vitae=dictumst&nisl=maecenas&aenean=ut&lectus=massa&pellentesque=quis&eget=augue&nunc=luctus&donec=tincidunt&quis=nulla&orci=mollis&eget=molestie&orci=lorem&vehicula=quisque&condimentum=ut&curabitur=erat&in=curabitur&libero=gravida&ut=nisi&massa=at&volutpat=nibh&convallis=in&morbi=hac&odio=habitasse&odio=platea&elementum=dictumst&eu=aliquam&interdum=augue&eu=quam&tincidunt=sollicitudin&in=vitae&leo=consectetuer&maecenas=eget&pulvinar=rutrum&lobortis=at&est=lorem&phasellus=integer&sit=tincidunt&amet=ante&erat=vel','Materi_Ajar',66),('https://free.fr/odio/elementum.html?rutrum=suspendisse&at=ornare&lorem=consequat&integer=lectus&tincidunt=in&ante=est&vel=risus&ipsum=auctor&praesent=sed&blandit=tristique&lacinia=in&erat=tempus&vestibulum=sit&sed=amet&magna=sem&at=fusce&nunc=consequat&commodo=nulla&placerat=nisl&praesent=nunc&blandit=nisl&nam=duis&nulla=bibendum&integer=felis&pede=sed&justo=interdum&lacinia=venenatis&eget=turpis&tincidunt=enim&eget=blandit&tempus=mi&vel=in&pede=porttitor&morbi=pede&porttitor=justo','Artikel_Medium',78),('https://ftc.gov/cursus/id/turpis/integer/aliquet/massa/id.json?amet=magna&erat=vulputate&nulla=luctus&tempus=cum&vivamus=sociis&in=natoque&felis=penatibus&eu=et&sapien=magnis&cursus=dis&vestibulum=parturient&proin=montes&eu=nascetur&mi=ridiculus&nulla=mus&ac=vivamus&enim=vestibulum&in=sagittis&tempor=sapien&turpis=cum&nec=sociis&euismod=natoque&scelerisque=penatibus&quam=et&turpis=magnis&adipiscing=dis&lorem=parturient&vitae=montes&mattis=nascetur&nibh=ridiculus&ligula=mus&nec=etiam&sem=vel&duis=augue&aliquam=vestibulum&convallis=rutrum&nunc=rutrum&proin=neque&at=aenean&turpis=auctor&a=gravida&pede=sem&posuere=praesent&nonummy=id&integer=massa&non=id&velit=nisl','Materi_Ajar',44),('https://ftc.gov/lobortis/vel.jpg?nam=aenean&nulla=auctor&integer=gravida&pede=sem&justo=praesent&lacinia=id&eget=massa&tincidunt=id&eget=nisl&tempus=venenatis&vel=lacinia&pede=aenean&morbi=sit&porttitor=amet&lorem=justo&id=morbi&ligula=ut&suspendisse=odio','Materi_Ajar',90),('https://g.co/in/faucibus/orci/luctus/et.html?nullam=cras&porttitor=mi&lacus=pede&at=malesuada&turpis=in&donec=imperdiet&posuere=et&metus=commodo&vitae=vulputate&ipsum=justo&aliquam=in&non=blandit&mauris=ultrices&morbi=enim&non=lorem&lectus=ipsum&aliquam=dolor&sit=sit&amet=amet&diam=consectetuer&in=adipiscing&magna=elit&bibendum=proin&imperdiet=interdum&nullam=mauris&orci=non&pede=ligula&venenatis=pellentesque&non=ultrices&sodales=phasellus&sed=id&tincidunt=sapien&eu=in&felis=sapien&fusce=iaculis&posuere=congue&felis=vivamus&sed=metus','Artikel_Medium',16),('https://gmpg.org/consequat/nulla.json?vulputate=neque&nonummy=sapien&maecenas=placerat&tincidunt=ante&lacus=nulla&at=justo&velit=aliquam&vivamus=quis&vel=turpis&nulla=eget&eget=elit&eros=sodales&elementum=scelerisque&pellentesque=mauris&quisque=sit&porta=amet&volutpat=eros&erat=suspendisse&quisque=accumsan&erat=tortor&eros=quis&viverra=turpis&eget=sed&congue=ante&eget=vivamus&semper=tortor&rutrum=duis&nulla=mattis&nunc=egestas&purus=metus&phasellus=aenean&in=fermentum&felis=donec&donec=ut&semper=mauris&sapien=eget&a=massa','Materi_Ajar',42),('https://gmpg.org/morbi/sem/mauris.jsp?quam=in','Materi_Ajar',25),('https://goo.gl/turpis/elementum.html?dui=consequat&luctus=ut&rutrum=nulla&nulla=sed&tellus=accumsan&in=felis&sagittis=ut&dui=at&vel=dolor&nisl=quis&duis=odio&ac=consequat&nibh=varius&fusce=integer&lacus=ac&purus=leo&aliquet=pellentesque','Artikel_Medium',53),('https://google.cn/vitae.jsp?mauris=lacinia&sit=erat&amet=vestibulum&eros=sed&suspendisse=magna&accumsan=at&tortor=nunc&quis=commodo&turpis=placerat&sed=praesent&ante=blandit&vivamus=nam&tortor=nulla&duis=integer&mattis=pede&egestas=justo&metus=lacinia&aenean=eget','Artikel_Medium',11),('https://google.fr/purus/sit/amet/nulla/quisque.json?interdum=sapien&in=in&ante=sapien&vestibulum=iaculis&ante=congue&ipsum=vivamus&primis=metus&in=arcu&faucibus=adipiscing&orci=molestie&luctus=hendrerit&et=at&ultrices=vulputate&posuere=vitae&cubilia=nisl&curae=aenean&duis=lectus&faucibus=pellentesque&accumsan=eget&odio=nunc&curabitur=donec&convallis=quis&duis=orci&consequat=eget&dui=orci&nec=vehicula&nisi=condimentum&volutpat=curabitur&eleifend=in&donec=libero&ut=ut&dolor=massa&morbi=volutpat&vel=convallis&lectus=morbi&in=odio&quam=odio&fringilla=elementum&rhoncus=eu&mauris=interdum&enim=eu&leo=tincidunt&rhoncus=in&sed=leo&vestibulum=maecenas&sit=pulvinar&amet=lobortis&cursus=est&id=phasellus&turpis=sit&integer=amet&aliquet=erat&massa=nulla&id=tempus&lobortis=vivamus&convallis=in&tortor=felis&risus=eu&dapibus=sapien&augue=cursus&vel=vestibulum&accumsan=proin&tellus=eu&nisi=mi&eu=nulla&orci=ac&mauris=enim&lacinia=in&sapien=tempor&quis=turpis&libero=nec&nullam=euismod&sit=scelerisque&amet=quam&turpis=turpis&elementum=adipiscing&ligula=lorem&vehicula=vitae&consequat=mattis&morbi=nibh&a=ligula&ipsum=nec&integer=sem&a=duis&nibh=aliquam&in=convallis','Materi_Ajar',28),('https://harvard.edu/maecenas/tincidunt/lacus/at.js?suspendisse=nulla&potenti=sed&in=accumsan&eleifend=felis&quam=ut&a=at&odio=dolor&in=quis&hac=odio&habitasse=consequat&platea=varius&dictumst=integer&maecenas=ac&ut=leo&massa=pellentesque&quis=ultrices&augue=mattis&luctus=odio&tincidunt=donec&nulla=vitae&mollis=nisi&molestie=nam&lorem=ultrices&quisque=libero&ut=non&erat=mattis&curabitur=pulvinar&gravida=nulla&nisi=pede&at=ullamcorper&nibh=augue&in=a&hac=suscipit&habitasse=nulla&platea=elit&dictumst=ac&aliquam=nulla&augue=sed&quam=vel&sollicitudin=enim&vitae=sit&consectetuer=amet&eget=nunc&rutrum=viverra&at=dapibus&lorem=nulla&integer=suscipit&tincidunt=ligula&ante=in&vel=lacus&ipsum=curabitur&praesent=at&blandit=ipsum&lacinia=ac&erat=tellus&vestibulum=semper&sed=interdum&magna=mauris&at=ullamcorper&nunc=purus&commodo=sit&placerat=amet&praesent=nulla&blandit=quisque&nam=arcu&nulla=libero&integer=rutrum&pede=ac&justo=lobortis&lacinia=vel','Materi_Ajar',12),('https://hibu.com/praesent/lectus/vestibulum/quam/sapien/varius/ut.html?tortor=in&risus=est&dapibus=risus&augue=auctor&vel=sed&accumsan=tristique&tellus=in&nisi=tempus&eu=sit&orci=amet&mauris=sem&lacinia=fusce&sapien=consequat&quis=nulla&libero=nisl&nullam=nunc&sit=nisl&amet=duis&turpis=bibendum&elementum=felis&ligula=sed&vehicula=interdum&consequat=venenatis&morbi=turpis&a=enim&ipsum=blandit&integer=mi&a=in&nibh=porttitor&in=pede&quis=justo&justo=eu&maecenas=massa&rhoncus=donec&aliquam=dapibus&lacus=duis&morbi=at&quis=velit&tortor=eu&id=est&nulla=congue&ultrices=elementum&aliquet=in&maecenas=hac&leo=habitasse&odio=platea&condimentum=dictumst&id=morbi&luctus=vestibulum&nec=velit&molestie=id&sed=pretium&justo=iaculis&pellentesque=diam&viverra=erat&pede=fermentum&ac=justo&diam=nec&cras=condimentum&pellentesque=neque&volutpat=sapien&dui=placerat&maecenas=ante&tristique=nulla&est=justo&et=aliquam&tempus=quis&semper=turpis&est=eget&quam=elit&pharetra=sodales&magna=scelerisque&ac=mauris&consequat=sit&metus=amet&sapien=eros&ut=suspendisse&nunc=accumsan','Artikel_Medium',1),('https://icio.us/congue/eget.png?faucibus=mauris&accumsan=viverra&odio=diam&curabitur=vitae&convallis=quam&duis=suspendisse&consequat=potenti&dui=nullam&nec=porttitor&nisi=lacus&volutpat=at&eleifend=turpis&donec=donec&ut=posuere&dolor=metus&morbi=vitae&vel=ipsum&lectus=aliquam&in=non&quam=mauris&fringilla=morbi&rhoncus=non&mauris=lectus&enim=aliquam&leo=sit&rhoncus=amet&sed=diam&vestibulum=in&sit=magna&amet=bibendum&cursus=imperdiet&id=nullam&turpis=orci&integer=pede&aliquet=venenatis&massa=non&id=sodales&lobortis=sed&convallis=tincidunt&tortor=eu&risus=felis&dapibus=fusce&augue=posuere&vel=felis&accumsan=sed&tellus=lacus&nisi=morbi&eu=sem&orci=mauris&mauris=laoreet&lacinia=ut&sapien=rhoncus&quis=aliquet&libero=pulvinar&nullam=sed&sit=nisl&amet=nunc&turpis=rhoncus&elementum=dui&ligula=vel&vehicula=sem&consequat=sed&morbi=sagittis&a=nam&ipsum=congue&integer=risus&a=semper&nibh=porta&in=volutpat&quis=quam&justo=pede&maecenas=lobortis&rhoncus=ligula&aliquam=sit&lacus=amet&morbi=eleifend&quis=pede&tortor=libero&id=quis&nulla=orci&ultrices=nullam&aliquet=molestie&maecenas=nibh&leo=in&odio=lectus&condimentum=pellentesque&id=at&luctus=nulla&nec=suspendisse','Materi_Ajar',11),('https://independent.co.uk/est/congue/elementum/in.jpg?nibh=justo&in=in&lectus=blandit&pellentesque=ultrices&at=enim&nulla=lorem&suspendisse=ipsum&potenti=dolor&cras=sit&in=amet&purus=consectetuer&eu=adipiscing&magna=elit&vulputate=proin&luctus=interdum&cum=mauris&sociis=non&natoque=ligula&penatibus=pellentesque&et=ultrices&magnis=phasellus&dis=id&parturient=sapien&montes=in&nascetur=sapien&ridiculus=iaculis&mus=congue&vivamus=vivamus&vestibulum=metus&sagittis=arcu&sapien=adipiscing&cum=molestie&sociis=hendrerit&natoque=at&penatibus=vulputate&et=vitae&magnis=nisl&dis=aenean&parturient=lectus&montes=pellentesque&nascetur=eget&ridiculus=nunc&mus=donec&etiam=quis&vel=orci&augue=eget&vestibulum=orci&rutrum=vehicula&rutrum=condimentum&neque=curabitur&aenean=in&auctor=libero&gravida=ut&sem=massa&praesent=volutpat&id=convallis&massa=morbi&id=odio&nisl=odio&venenatis=elementum&lacinia=eu&aenean=interdum&sit=eu&amet=tincidunt&justo=in&morbi=leo&ut=maecenas&odio=pulvinar&cras=lobortis&mi=est&pede=phasellus&malesuada=sit&in=amet&imperdiet=erat&et=nulla&commodo=tempus&vulputate=vivamus&justo=in&in=felis&blandit=eu&ultrices=sapien&enim=cursus&lorem=vestibulum&ipsum=proin&dolor=eu&sit=mi&amet=nulla','Artikel_Medium',41),('https://infoseek.co.jp/lectus/in/quam/fringilla/rhoncus/mauris/enim.jpg?dictumst=id&morbi=nisl&vestibulum=venenatis&velit=lacinia&id=aenean&pretium=sit&iaculis=amet&diam=justo&erat=morbi&fermentum=ut&justo=odio&nec=cras&condimentum=mi&neque=pede&sapien=malesuada&placerat=in&ante=imperdiet&nulla=et&justo=commodo&aliquam=vulputate&quis=justo&turpis=in&eget=blandit&elit=ultrices&sodales=enim&scelerisque=lorem&mauris=ipsum&sit=dolor&amet=sit&eros=amet&suspendisse=consectetuer&accumsan=adipiscing&tortor=elit&quis=proin&turpis=interdum&sed=mauris&ante=non&vivamus=ligula&tortor=pellentesque&duis=ultrices&mattis=phasellus&egestas=id&metus=sapien&aenean=in&fermentum=sapien&donec=iaculis&ut=congue&mauris=vivamus&eget=metus&massa=arcu&tempor=adipiscing','Artikel_Medium',12),('https://instagram.com/integer/ac/neque.jsp?ut=consequat&rhoncus=nulla&aliquet=nisl&pulvinar=nunc&sed=nisl&nisl=duis&nunc=bibendum&rhoncus=felis&dui=sed&vel=interdum&sem=venenatis&sed=turpis&sagittis=enim&nam=blandit&congue=mi&risus=in&semper=porttitor&porta=pede&volutpat=justo&quam=eu','Artikel_Medium',22),('https://is.gd/nulla/ultrices.jpg?justo=vestibulum&aliquam=proin&quis=eu&turpis=mi&eget=nulla&elit=ac&sodales=enim&scelerisque=in&mauris=tempor&sit=turpis&amet=nec&eros=euismod&suspendisse=scelerisque&accumsan=quam&tortor=turpis&quis=adipiscing&turpis=lorem&sed=vitae&ante=mattis&vivamus=nibh&tortor=ligula&duis=nec&mattis=sem&egestas=duis&metus=aliquam&aenean=convallis&fermentum=nunc&donec=proin&ut=at&mauris=turpis&eget=a&massa=pede&tempor=posuere&convallis=nonummy&nulla=integer&neque=non&libero=velit&convallis=donec&eget=diam&eleifend=neque&luctus=vestibulum&ultricies=eget&eu=vulputate&nibh=ut&quisque=ultrices&id=vel&justo=augue&sit=vestibulum&amet=ante&sapien=ipsum&dignissim=primis&vestibulum=in&vestibulum=faucibus&ante=orci&ipsum=luctus&primis=et&in=ultrices&faucibus=posuere&orci=cubilia&luctus=curae&et=donec&ultrices=pharetra&posuere=magna&cubilia=vestibulum&curae=aliquet&nulla=ultrices&dapibus=erat&dolor=tortor&vel=sollicitudin&est=mi','Artikel_Medium',62),('https://issuu.com/quam/pede/lobortis/ligula.jpg?amet=praesent&cursus=lectus&id=vestibulum&turpis=quam&integer=sapien&aliquet=varius&massa=ut&id=blandit&lobortis=non&convallis=interdum&tortor=in&risus=ante&dapibus=vestibulum&augue=ante&vel=ipsum&accumsan=primis&tellus=in&nisi=faucibus&eu=orci&orci=luctus&mauris=et&lacinia=ultrices&sapien=posuere&quis=cubilia&libero=curae&nullam=duis&sit=faucibus&amet=accumsan&turpis=odio&elementum=curabitur&ligula=convallis&vehicula=duis&consequat=consequat&morbi=dui&a=nec&ipsum=nisi&integer=volutpat&a=eleifend&nibh=donec&in=ut&quis=dolor&justo=morbi&maecenas=vel&rhoncus=lectus&aliquam=in&lacus=quam&morbi=fringilla&quis=rhoncus&tortor=mauris&id=enim&nulla=leo&ultrices=rhoncus&aliquet=sed&maecenas=vestibulum&leo=sit&odio=amet&condimentum=cursus&id=id&luctus=turpis&nec=integer&molestie=aliquet&sed=massa&justo=id&pellentesque=lobortis&viverra=convallis&pede=tortor&ac=risus&diam=dapibus&cras=augue&pellentesque=vel&volutpat=accumsan&dui=tellus&maecenas=nisi&tristique=eu&est=orci&et=mauris&tempus=lacinia&semper=sapien&est=quis&quam=libero&pharetra=nullam&magna=sit&ac=amet&consequat=turpis&metus=elementum&sapien=ligula&ut=vehicula&nunc=consequat&vestibulum=morbi&ante=a&ipsum=ipsum&primis=integer&in=a&faucibus=nibh&orci=in&luctus=quis&et=justo','Artikel_Medium',96),('https://istockphoto.com/sollicitudin/vitae/consectetuer/eget/rutrum/at.jpg?quam=turpis&a=sed&odio=ante&in=vivamus&hac=tortor&habitasse=duis&platea=mattis&dictumst=egestas&maecenas=metus&ut=aenean&massa=fermentum&quis=donec&augue=ut&luctus=mauris&tincidunt=eget&nulla=massa&mollis=tempor&molestie=convallis&lorem=nulla&quisque=neque&ut=libero&erat=convallis&curabitur=eget&gravida=eleifend&nisi=luctus&at=ultricies&nibh=eu&in=nibh&hac=quisque&habitasse=id&platea=justo&dictumst=sit&aliquam=amet&augue=sapien&quam=dignissim&sollicitudin=vestibulum&vitae=vestibulum&consectetuer=ante&eget=ipsum&rutrum=primis&at=in&lorem=faucibus&integer=orci&tincidunt=luctus&ante=et&vel=ultrices&ipsum=posuere&praesent=cubilia&blandit=curae&lacinia=nulla&erat=dapibus&vestibulum=dolor&sed=vel&magna=est&at=donec&nunc=odio&commodo=justo&placerat=sollicitudin&praesent=ut&blandit=suscipit&nam=a&nulla=feugiat&integer=et&pede=eros&justo=vestibulum&lacinia=ac&eget=est&tincidunt=lacinia&eget=nisi&tempus=venenatis&vel=tristique&pede=fusce','Materi_Ajar',68),('https://java.com/eget/massa/tempor/convallis/nulla/neque/libero.html?pede=aenean&venenatis=fermentum&non=donec&sodales=ut&sed=mauris&tincidunt=eget&eu=massa&felis=tempor&fusce=convallis&posuere=nulla&felis=neque&sed=libero&lacus=convallis&morbi=eget&sem=eleifend&mauris=luctus&laoreet=ultricies&ut=eu&rhoncus=nibh&aliquet=quisque&pulvinar=id&sed=justo&nisl=sit&nunc=amet&rhoncus=sapien&dui=dignissim&vel=vestibulum&sem=vestibulum&sed=ante&sagittis=ipsum&nam=primis&congue=in&risus=faucibus&semper=orci&porta=luctus&volutpat=et&quam=ultrices&pede=posuere&lobortis=cubilia&ligula=curae&sit=nulla&amet=dapibus&eleifend=dolor&pede=vel&libero=est&quis=donec&orci=odio&nullam=justo&molestie=sollicitudin&nibh=ut&in=suscipit&lectus=a&pellentesque=feugiat&at=et&nulla=eros&suspendisse=vestibulum&potenti=ac&cras=est&in=lacinia&purus=nisi&eu=venenatis&magna=tristique&vulputate=fusce&luctus=congue&cum=diam&sociis=id&natoque=ornare&penatibus=imperdiet&et=sapien&magnis=urna&dis=pretium&parturient=nisl&montes=ut&nascetur=volutpat&ridiculus=sapien&mus=arcu','Artikel_Medium',42),('https://joomla.org/blandit/mi/in/porttitor/pede.html?eros=congue&suspendisse=elementum&accumsan=in&tortor=hac&quis=habitasse&turpis=platea&sed=dictumst&ante=morbi&vivamus=vestibulum&tortor=velit&duis=id&mattis=pretium&egestas=iaculis&metus=diam&aenean=erat&fermentum=fermentum&donec=justo&ut=nec&mauris=condimentum&eget=neque&massa=sapien&tempor=placerat&convallis=ante&nulla=nulla&neque=justo&libero=aliquam&convallis=quis&eget=turpis&eleifend=eget&luctus=elit&ultricies=sodales&eu=scelerisque&nibh=mauris&quisque=sit&id=amet&justo=eros&sit=suspendisse&amet=accumsan&sapien=tortor&dignissim=quis&vestibulum=turpis&vestibulum=sed&ante=ante&ipsum=vivamus&primis=tortor&in=duis&faucibus=mattis&orci=egestas&luctus=metus&et=aenean&ultrices=fermentum','Artikel_Medium',45),('https://linkedin.com/lectus/pellentesque/at/nulla/suspendisse.jsp?eleifend=enim&luctus=lorem&ultricies=ipsum&eu=dolor','Materi_Ajar',77),('https://liveinternet.ru/non.jsp?morbi=in&sem=ante&mauris=vestibulum&laoreet=ante&ut=ipsum&rhoncus=primis&aliquet=in&pulvinar=faucibus&sed=orci&nisl=luctus&nunc=et&rhoncus=ultrices&dui=posuere&vel=cubilia&sem=curae&sed=duis&sagittis=faucibus&nam=accumsan&congue=odio&risus=curabitur&semper=convallis&porta=duis&volutpat=consequat&quam=dui&pede=nec&lobortis=nisi&ligula=volutpat&sit=eleifend&amet=donec&eleifend=ut&pede=dolor&libero=morbi&quis=vel&orci=lectus&nullam=in&molestie=quam&nibh=fringilla&in=rhoncus&lectus=mauris&pellentesque=enim&at=leo&nulla=rhoncus&suspendisse=sed&potenti=vestibulum&cras=sit&in=amet&purus=cursus&eu=id&magna=turpis&vulputate=integer&luctus=aliquet&cum=massa&sociis=id&natoque=lobortis&penatibus=convallis&et=tortor&magnis=risus&dis=dapibus&parturient=augue&montes=vel','Materi_Ajar',49),('https://macromedia.com/sapien/in/sapien/iaculis.json?vitae=erat&nisi=curabitur&nam=gravida&ultrices=nisi&libero=at&non=nibh&mattis=in&pulvinar=hac&nulla=habitasse&pede=platea&ullamcorper=dictumst&augue=aliquam&a=augue&suscipit=quam&nulla=sollicitudin&elit=vitae&ac=consectetuer&nulla=eget&sed=rutrum&vel=at&enim=lorem&sit=integer&amet=tincidunt&nunc=ante&viverra=vel&dapibus=ipsum&nulla=praesent&suscipit=blandit&ligula=lacinia&in=erat&lacus=vestibulum&curabitur=sed','Materi_Ajar',51),('https://mayoclinic.com/neque/libero/convallis/eget.aspx?quam=pede&sapien=ullamcorper&varius=augue&ut=a&blandit=suscipit&non=nulla&interdum=elit&in=ac','Artikel_Medium',16),('https://mlb.com/luctus.xml?quis=nulla&orci=suspendisse&eget=potenti&orci=cras&vehicula=in&condimentum=purus&curabitur=eu&in=magna&libero=vulputate&ut=luctus&massa=cum&volutpat=sociis&convallis=natoque&morbi=penatibus&odio=et&odio=magnis&elementum=dis&eu=parturient&interdum=montes&eu=nascetur&tincidunt=ridiculus&in=mus&leo=vivamus&maecenas=vestibulum&pulvinar=sagittis&lobortis=sapien&est=cum&phasellus=sociis&sit=natoque&amet=penatibus&erat=et&nulla=magnis&tempus=dis&vivamus=parturient&in=montes&felis=nascetur&eu=ridiculus&sapien=mus&cursus=etiam&vestibulum=vel&proin=augue&eu=vestibulum&mi=rutrum&nulla=rutrum&ac=neque&enim=aenean&in=auctor&tempor=gravida&turpis=sem&nec=praesent&euismod=id&scelerisque=massa&quam=id&turpis=nisl&adipiscing=venenatis&lorem=lacinia&vitae=aenean&mattis=sit&nibh=amet&ligula=justo&nec=morbi&sem=ut&duis=odio&aliquam=cras&convallis=mi&nunc=pede&proin=malesuada&at=in&turpis=imperdiet&a=et&pede=commodo','Materi_Ajar',68),('https://msu.edu/diam/in/magna/bibendum/imperdiet.json?integer=id&aliquet=ligula&massa=suspendisse&id=ornare&lobortis=consequat&convallis=lectus&tortor=in&risus=est&dapibus=risus&augue=auctor&vel=sed&accumsan=tristique&tellus=in&nisi=tempus&eu=sit&orci=amet&mauris=sem&lacinia=fusce&sapien=consequat&quis=nulla&libero=nisl&nullam=nunc&sit=nisl&amet=duis&turpis=bibendum&elementum=felis&ligula=sed&vehicula=interdum&consequat=venenatis&morbi=turpis&a=enim&ipsum=blandit&integer=mi&a=in&nibh=porttitor&in=pede&quis=justo&justo=eu','Materi_Ajar',76),('https://nature.com/id/consequat/in.xml?sodales=sapien&scelerisque=in&mauris=sapien&sit=iaculis&amet=congue&eros=vivamus&suspendisse=metus&accumsan=arcu&tortor=adipiscing&quis=molestie&turpis=hendrerit&sed=at&ante=vulputate&vivamus=vitae&tortor=nisl&duis=aenean&mattis=lectus&egestas=pellentesque&metus=eget&aenean=nunc&fermentum=donec&donec=quis&ut=orci&mauris=eget&eget=orci&massa=vehicula&tempor=condimentum&convallis=curabitur&nulla=in&neque=libero&libero=ut&convallis=massa&eget=volutpat&eleifend=convallis&luctus=morbi&ultricies=odio&eu=odio&nibh=elementum&quisque=eu&id=interdum&justo=eu&sit=tincidunt&amet=in&sapien=leo&dignissim=maecenas&vestibulum=pulvinar&vestibulum=lobortis&ante=est&ipsum=phasellus&primis=sit&in=amet&faucibus=erat&orci=nulla&luctus=tempus&et=vivamus&ultrices=in&posuere=felis&cubilia=eu&curae=sapien&nulla=cursus&dapibus=vestibulum&dolor=proin&vel=eu&est=mi&donec=nulla&odio=ac&justo=enim&sollicitudin=in&ut=tempor&suscipit=turpis&a=nec&feugiat=euismod&et=scelerisque&eros=quam&vestibulum=turpis&ac=adipiscing&est=lorem&lacinia=vitae&nisi=mattis&venenatis=nibh&tristique=ligula&fusce=nec&congue=sem&diam=duis&id=aliquam&ornare=convallis&imperdiet=nunc&sapien=proin&urna=at&pretium=turpis&nisl=a&ut=pede&volutpat=posuere&sapien=nonummy&arcu=integer&sed=non&augue=velit&aliquam=donec&erat=diam&volutpat=neque','Artikel_Medium',48),('https://nba.com/condimentum/id.aspx?mauris=augue&morbi=a&non=suscipit&lectus=nulla&aliquam=elit&sit=ac&amet=nulla&diam=sed&in=vel&magna=enim&bibendum=sit&imperdiet=amet&nullam=nunc&orci=viverra&pede=dapibus&venenatis=nulla&non=suscipit&sodales=ligula&sed=in&tincidunt=lacus&eu=curabitur&felis=at&fusce=ipsum&posuere=ac&felis=tellus&sed=semper&lacus=interdum&morbi=mauris&sem=ullamcorper&mauris=purus&laoreet=sit&ut=amet&rhoncus=nulla&aliquet=quisque&pulvinar=arcu&sed=libero&nisl=rutrum&nunc=ac&rhoncus=lobortis&dui=vel&vel=dapibus&sem=at&sed=diam&sagittis=nam&nam=tristique&congue=tortor','Artikel_Medium',52),('https://newsvine.com/consectetuer/eget/rutrum/at/lorem/integer/tincidunt.json?nulla=at&tempus=nunc&vivamus=commodo&in=placerat&felis=praesent&eu=blandit&sapien=nam&cursus=nulla&vestibulum=integer&proin=pede&eu=justo&mi=lacinia&nulla=eget&ac=tincidunt&enim=eget&in=tempus&tempor=vel&turpis=pede&nec=morbi&euismod=porttitor&scelerisque=lorem&quam=id&turpis=ligula&adipiscing=suspendisse&lorem=ornare&vitae=consequat&mattis=lectus&nibh=in&ligula=est&nec=risus&sem=auctor&duis=sed&aliquam=tristique&convallis=in&nunc=tempus&proin=sit&at=amet&turpis=sem&a=fusce&pede=consequat&posuere=nulla&nonummy=nisl&integer=nunc&non=nisl&velit=duis&donec=bibendum&diam=felis&neque=sed','Artikel_Medium',14),('https://newsvine.com/odio/condimentum/id/luctus/nec/molestie.jsp?justo=amet&lacinia=consectetuer&eget=adipiscing&tincidunt=elit&eget=proin&tempus=interdum&vel=mauris&pede=non&morbi=ligula&porttitor=pellentesque&lorem=ultrices&id=phasellus&ligula=id&suspendisse=sapien&ornare=in&consequat=sapien&lectus=iaculis&in=congue&est=vivamus&risus=metus&auctor=arcu&sed=adipiscing&tristique=molestie&in=hendrerit&tempus=at&sit=vulputate&amet=vitae&sem=nisl&fusce=aenean&consequat=lectus&nulla=pellentesque&nisl=eget&nunc=nunc&nisl=donec&duis=quis&bibendum=orci&felis=eget&sed=orci&interdum=vehicula&venenatis=condimentum&turpis=curabitur&enim=in&blandit=libero&mi=ut&in=massa&porttitor=volutpat&pede=convallis&justo=morbi&eu=odio&massa=odio&donec=elementum&dapibus=eu&duis=interdum&at=eu&velit=tincidunt','Artikel_Medium',53),('https://nsw.gov.au/bibendum/morbi/non/quam/nec/dui.html?vel=lacinia&nisl=eget&duis=tincidunt&ac=eget&nibh=tempus&fusce=vel&lacus=pede&purus=morbi&aliquet=porttitor&at=lorem&feugiat=id&non=ligula&pretium=suspendisse&quis=ornare&lectus=consequat&suspendisse=lectus&potenti=in&in=est&eleifend=risus&quam=auctor&a=sed&odio=tristique&in=in&hac=tempus&habitasse=sit&platea=amet&dictumst=sem&maecenas=fusce&ut=consequat&massa=nulla&quis=nisl&augue=nunc&luctus=nisl&tincidunt=duis&nulla=bibendum&mollis=felis&molestie=sed&lorem=interdum&quisque=venenatis&ut=turpis&erat=enim&curabitur=blandit&gravida=mi&nisi=in&at=porttitor&nibh=pede&in=justo&hac=eu&habitasse=massa&platea=donec&dictumst=dapibus&aliquam=duis&augue=at&quam=velit&sollicitudin=eu&vitae=est&consectetuer=congue&eget=elementum&rutrum=in&at=hac&lorem=habitasse&integer=platea&tincidunt=dictumst&ante=morbi&vel=vestibulum&ipsum=velit&praesent=id&blandit=pretium&lacinia=iaculis&erat=diam&vestibulum=erat&sed=fermentum&magna=justo&at=nec&nunc=condimentum&commodo=neque&placerat=sapien&praesent=placerat&blandit=ante&nam=nulla&nulla=justo&integer=aliquam','Materi_Ajar',46),('https://nydailynews.com/vestibulum/ante/ipsum/primis/in/faucibus.jsp?nulla=ut&integer=tellus&pede=nulla&justo=ut&lacinia=erat&eget=id&tincidunt=mauris&eget=vulputate&tempus=elementum&vel=nullam&pede=varius&morbi=nulla&porttitor=facilisi&lorem=cras&id=non&ligula=velit&suspendisse=nec&ornare=nisi&consequat=vulputate&lectus=nonummy&in=maecenas&est=tincidunt&risus=lacus&auctor=at&sed=velit&tristique=vivamus&in=vel&tempus=nulla&sit=eget&amet=eros&sem=elementum','Materi_Ajar',58),('https://nymag.com/orci/pede/venenatis/non.jpg?amet=ut&justo=dolor&morbi=morbi&ut=vel&odio=lectus&cras=in&mi=quam&pede=fringilla&malesuada=rhoncus&in=mauris&imperdiet=enim&et=leo&commodo=rhoncus&vulputate=sed&justo=vestibulum&in=sit&blandit=amet&ultrices=cursus&enim=id&lorem=turpis&ipsum=integer&dolor=aliquet&sit=massa&amet=id&consectetuer=lobortis&adipiscing=convallis&elit=tortor&proin=risus&interdum=dapibus&mauris=augue&non=vel&ligula=accumsan&pellentesque=tellus&ultrices=nisi&phasellus=eu&id=orci&sapien=mauris&in=lacinia&sapien=sapien&iaculis=quis&congue=libero&vivamus=nullam&metus=sit&arcu=amet&adipiscing=turpis&molestie=elementum&hendrerit=ligula&at=vehicula&vulputate=consequat&vitae=morbi&nisl=a&aenean=ipsum&lectus=integer&pellentesque=a&eget=nibh&nunc=in&donec=quis&quis=justo','Artikel_Medium',59),('https://nyu.edu/natoque/penatibus/et/magnis/dis/parturient/montes.html?in=sit&lacus=amet&curabitur=turpis&at=elementum&ipsum=ligula&ac=vehicula&tellus=consequat&semper=morbi&interdum=a&mauris=ipsum&ullamcorper=integer&purus=a&sit=nibh&amet=in&nulla=quis&quisque=justo&arcu=maecenas&libero=rhoncus&rutrum=aliquam','Materi_Ajar',33),('https://odnoklassniki.ru/neque/vestibulum/eget/vulputate.png?quis=non&odio=interdum&consequat=in&varius=ante&integer=vestibulum&ac=ante&leo=ipsum&pellentesque=primis&ultrices=in&mattis=faucibus&odio=orci&donec=luctus&vitae=et&nisi=ultrices&nam=posuere&ultrices=cubilia&libero=curae&non=duis&mattis=faucibus&pulvinar=accumsan&nulla=odio&pede=curabitur&ullamcorper=convallis&augue=duis&a=consequat&suscipit=dui&nulla=nec&elit=nisi&ac=volutpat&nulla=eleifend&sed=donec&vel=ut&enim=dolor&sit=morbi&amet=vel&nunc=lectus&viverra=in&dapibus=quam&nulla=fringilla&suscipit=rhoncus&ligula=mauris&in=enim&lacus=leo&curabitur=rhoncus&at=sed&ipsum=vestibulum&ac=sit&tellus=amet&semper=cursus&interdum=id&mauris=turpis&ullamcorper=integer&purus=aliquet&sit=massa&amet=id&nulla=lobortis&quisque=convallis&arcu=tortor&libero=risus&rutrum=dapibus&ac=augue&lobortis=vel&vel=accumsan&dapibus=tellus','Materi_Ajar',36),('https://oracle.com/turpis/nec/euismod/scelerisque/quam/turpis.jsp?ut=diam&mauris=id&eget=ornare&massa=imperdiet&tempor=sapien&convallis=urna&nulla=pretium&neque=nisl&libero=ut&convallis=volutpat&eget=sapien&eleifend=arcu&luctus=sed&ultricies=augue&eu=aliquam&nibh=erat&quisque=volutpat&id=in&justo=congue&sit=etiam&amet=justo&sapien=etiam&dignissim=pretium&vestibulum=iaculis&vestibulum=justo&ante=in&ipsum=hac&primis=habitasse&in=platea&faucibus=dictumst&orci=etiam&luctus=faucibus&et=cursus&ultrices=urna&posuere=ut&cubilia=tellus&curae=nulla&nulla=ut&dapibus=erat&dolor=id&vel=mauris&est=vulputate&donec=elementum&odio=nullam&justo=varius&sollicitudin=nulla&ut=facilisi&suscipit=cras&a=non&feugiat=velit&et=nec&eros=nisi&vestibulum=vulputate&ac=nonummy&est=maecenas&lacinia=tincidunt&nisi=lacus&venenatis=at&tristique=velit&fusce=vivamus&congue=vel&diam=nulla&id=eget&ornare=eros&imperdiet=elementum&sapien=pellentesque&urna=quisque&pretium=porta&nisl=volutpat&ut=erat&volutpat=quisque&sapien=erat&arcu=eros&sed=viverra&augue=eget','Materi_Ajar',42),('https://over-blog.com/ut/volutpat/sapien/arcu/sed/augue.html?vitae=leo&nisi=pellentesque&nam=ultrices&ultrices=mattis&libero=odio&non=donec&mattis=vitae&pulvinar=nisi','Materi_Ajar',89),('https://ovh.net/duis/aliquam/convallis/nunc/proin/at/turpis.png?nibh=vestibulum&quisque=ante&id=ipsum&justo=primis&sit=in&amet=faucibus&sapien=orci&dignissim=luctus&vestibulum=et&vestibulum=ultrices&ante=posuere&ipsum=cubilia&primis=curae&in=duis&faucibus=faucibus&orci=accumsan&luctus=odio&et=curabitur&ultrices=convallis&posuere=duis&cubilia=consequat&curae=dui&nulla=nec&dapibus=nisi&dolor=volutpat&vel=eleifend&est=donec&donec=ut&odio=dolor&justo=morbi&sollicitudin=vel&ut=lectus&suscipit=in&a=quam&feugiat=fringilla&et=rhoncus&eros=mauris&vestibulum=enim&ac=leo&est=rhoncus&lacinia=sed&nisi=vestibulum&venenatis=sit&tristique=amet&fusce=cursus&congue=id&diam=turpis&id=integer&ornare=aliquet&imperdiet=massa&sapien=id&urna=lobortis&pretium=convallis&nisl=tortor&ut=risus&volutpat=dapibus&sapien=augue&arcu=vel&sed=accumsan&augue=tellus&aliquam=nisi&erat=eu&volutpat=orci&in=mauris&congue=lacinia&etiam=sapien&justo=quis&etiam=libero&pretium=nullam&iaculis=sit&justo=amet&in=turpis&hac=elementum&habitasse=ligula&platea=vehicula&dictumst=consequat&etiam=morbi&faucibus=a&cursus=ipsum&urna=integer&ut=a&tellus=nibh&nulla=in&ut=quis&erat=justo&id=maecenas&mauris=rhoncus&vulputate=aliquam&elementum=lacus&nullam=morbi&varius=quis&nulla=tortor&facilisi=id&cras=nulla&non=ultrices&velit=aliquet&nec=maecenas&nisi=leo&vulputate=odio&nonummy=condimentum','Artikel_Medium',61),('https://parallels.com/in/hac/habitasse/platea/dictumst/maecenas/ut.jsp?vehicula=lectus&condimentum=in&curabitur=quam&in=fringilla&libero=rhoncus&ut=mauris&massa=enim&volutpat=leo&convallis=rhoncus&morbi=sed&odio=vestibulum&odio=sit&elementum=amet&eu=cursus&interdum=id&eu=turpis&tincidunt=integer&in=aliquet&leo=massa&maecenas=id&pulvinar=lobortis&lobortis=convallis&est=tortor&phasellus=risus&sit=dapibus&amet=augue&erat=vel&nulla=accumsan&tempus=tellus&vivamus=nisi&in=eu&felis=orci&eu=mauris&sapien=lacinia&cursus=sapien&vestibulum=quis&proin=libero&eu=nullam&mi=sit&nulla=amet&ac=turpis&enim=elementum&in=ligula&tempor=vehicula&turpis=consequat&nec=morbi&euismod=a&scelerisque=ipsum&quam=integer','Materi_Ajar',23),('https://people.com.cn/blandit/mi/in/porttitor.xml?a=id&ipsum=mauris&integer=vulputate&a=elementum&nibh=nullam&in=varius&quis=nulla&justo=facilisi&maecenas=cras&rhoncus=non&aliquam=velit&lacus=nec&morbi=nisi&quis=vulputate&tortor=nonummy&id=maecenas&nulla=tincidunt&ultrices=lacus&aliquet=at&maecenas=velit&leo=vivamus&odio=vel&condimentum=nulla&id=eget&luctus=eros&nec=elementum&molestie=pellentesque&sed=quisque&justo=porta&pellentesque=volutpat&viverra=erat&pede=quisque&ac=erat&diam=eros&cras=viverra&pellentesque=eget&volutpat=congue&dui=eget&maecenas=semper&tristique=rutrum&est=nulla&et=nunc&tempus=purus&semper=phasellus&est=in&quam=felis&pharetra=donec&magna=semper&ac=sapien&consequat=a&metus=libero&sapien=nam&ut=dui&nunc=proin&vestibulum=leo&ante=odio&ipsum=porttitor&primis=id&in=consequat&faucibus=in&orci=consequat&luctus=ut&et=nulla&ultrices=sed&posuere=accumsan&cubilia=felis&curae=ut&mauris=at&viverra=dolor&diam=quis','Materi_Ajar',87),('https://privacy.gov.au/proin/at/turpis/a/pede/posuere.png?erat=ante&id=vestibulum&mauris=ante&vulputate=ipsum&elementum=primis&nullam=in&varius=faucibus&nulla=orci&facilisi=luctus&cras=et&non=ultrices&velit=posuere&nec=cubilia&nisi=curae&vulputate=duis&nonummy=faucibus&maecenas=accumsan&tincidunt=odio&lacus=curabitur&at=convallis&velit=duis&vivamus=consequat&vel=dui&nulla=nec&eget=nisi&eros=volutpat&elementum=eleifend&pellentesque=donec&quisque=ut&porta=dolor&volutpat=morbi&erat=vel&quisque=lectus&erat=in&eros=quam&viverra=fringilla&eget=rhoncus&congue=mauris&eget=enim&semper=leo&rutrum=rhoncus&nulla=sed&nunc=vestibulum&purus=sit&phasellus=amet&in=cursus&felis=id&donec=turpis&semper=integer&sapien=aliquet&a=massa&libero=id&nam=lobortis&dui=convallis&proin=tortor&leo=risus&odio=dapibus&porttitor=augue&id=vel&consequat=accumsan&in=tellus&consequat=nisi&ut=eu&nulla=orci&sed=mauris&accumsan=lacinia&felis=sapien&ut=quis&at=libero&dolor=nullam&quis=sit&odio=amet&consequat=turpis&varius=elementum&integer=ligula&ac=vehicula&leo=consequat&pellentesque=morbi&ultrices=a&mattis=ipsum&odio=integer&donec=a&vitae=nibh&nisi=in&nam=quis&ultrices=justo&libero=maecenas','Materi_Ajar',75),('https://qq.com/ame/sem/fusce.html?ipsum=nulla&dolor=suscipit&sit=ligula&amet=in&consectetuer=lacus&adipiscing=curabitur&elit=at&proin=ipsum&interdum=ac&mauris=tellus&non=semper&ligula=interdum&pellentesque=mauris&ultrices=ullamcorper&phasellus=purus&id=sit&sapien=amet&in=nulla&sapien=quisque&iaculis=arcu&congue=libero&vivamus=rutrum&metus=ac&arcu=lobortis&adipiscing=vel&molestie=dapibus&hendrerit=at&at=diam&vulputate=nam&vitae=tristique&nisl=tortor&aenean=eu','Artikel_Medium',1),('https://qq.com/amet/sem/fusce.html?ipsum=nulla&dolor=suscipit&sit=ligula&amet=in&consectetuer=lacus&adipiscing=curabitur&elit=at&proin=ipsum&interdum=ac&mauris=tellus&non=semper&ligula=interdum&pellentesque=mauris&ultrices=ullamcorper&phasellus=purus&id=sit&sapien=amet&in=nulla&sapien=quisque&iaculis=arcu&congue=libero&vivamus=rutrum&metus=ac&arcu=lobortis&adipiscing=vel&molestie=dapibus&hendrerit=at&at=diam&vulputate=nam&vitae=tristique&nisl=tortor&aenean=eu','Materi_Ajar',50),('https://qq.com/hac/habitasse/platea/dictumst/maecenas/ut/massa.jpg?sit=dui&amet=maecenas&cursus=tristique&id=est&turpis=et&integer=tempus&aliquet=semper&massa=est&id=quam&lobortis=pharetra&convallis=magna&tortor=ac&risus=consequat&dapibus=metus&augue=sapien&vel=ut&accumsan=nunc&tellus=vestibulum&nisi=ante&eu=ipsum&orci=primis&mauris=in&lacinia=faucibus&sapien=orci&quis=luctus&libero=et&nullam=ultrices&sit=posuere&amet=cubilia&turpis=curae&elementum=mauris&ligula=viverra&vehicula=diam&consequat=vitae&morbi=quam&a=suspendisse&ipsum=potenti&integer=nullam&a=porttitor&nibh=lacus&in=at&quis=turpis&justo=donec&maecenas=posuere&rhoncus=metus&aliquam=vitae&lacus=ipsum&morbi=aliquam&quis=non&tortor=mauris&id=morbi&nulla=non&ultrices=lectus&aliquet=aliquam&maecenas=sit&leo=amet&odio=diam&condimentum=in&id=magna&luctus=bibendum&nec=imperdiet&molestie=nullam&sed=orci&justo=pede&pellentesque=venenatis&viverra=non&pede=sodales&ac=sed&diam=tincidunt&cras=eu&pellentesque=felis&volutpat=fusce&dui=posuere&maecenas=felis&tristique=sed&est=lacus&et=morbi&tempus=sem&semper=mauris&est=laoreet&quam=ut&pharetra=rhoncus&magna=aliquet&ac=pulvinar','Artikel_Medium',3),('https://rakuten.co.jp/a/ipsum/integer/a/nibh/in/quis.jpg?rhoncus=nulla&mauris=suspendisse&enim=potenti&leo=cras&rhoncus=in&sed=purus&vestibulum=eu&sit=magna&amet=vulputate&cursus=luctus&id=cum&turpis=sociis&integer=natoque&aliquet=penatibus&massa=et&id=magnis&lobortis=dis&convallis=parturient&tortor=montes&risus=nascetur&dapibus=ridiculus&augue=mus&vel=vivamus&accumsan=vestibulum&tellus=sagittis&nisi=sapien&eu=cum&orci=sociis&mauris=natoque&lacinia=penatibus&sapien=et&quis=magnis&libero=dis&nullam=parturient&sit=montes&amet=nascetur&turpis=ridiculus&elementum=mus&ligula=etiam&vehicula=vel&consequat=augue&morbi=vestibulum&a=rutrum&ipsum=rutrum&integer=neque&a=aenean&nibh=auctor&in=gravida&quis=sem&justo=praesent&maecenas=id&rhoncus=massa&aliquam=id&lacus=nisl&morbi=venenatis&quis=lacinia&tortor=aenean&id=sit&nulla=amet&ultrices=justo&aliquet=morbi&maecenas=ut&leo=odio&odio=cras&condimentum=mi&id=pede&luctus=malesuada&nec=in&molestie=imperdiet&sed=et','Materi_Ajar',79),('https://rakuten.co.jp/donec/ut/dolor/morbi/vel.json?turpis=sapien&integer=a&aliquet=libero&massa=nam&id=dui&lobortis=proin&convallis=leo&tortor=odio&risus=porttitor&dapibus=id&augue=consequat&vel=in&accumsan=consequat&tellus=ut&nisi=nulla&eu=sed&orci=accumsan&mauris=felis&lacinia=ut&sapien=at&quis=dolor&libero=quis&nullam=odio&sit=consequat&amet=varius&turpis=integer&elementum=ac&ligula=leo&vehicula=pellentesque&consequat=ultrices&morbi=mattis&a=odio&ipsum=donec&integer=vitae&a=nisi&nibh=nam&in=ultrices&quis=libero&justo=non&maecenas=mattis&rhoncus=pulvinar&aliquam=nulla&lacus=pede&morbi=ullamcorper&quis=augue&tortor=a&id=suscipit&nulla=nulla&ultrices=elit&aliquet=ac&maecenas=nulla&leo=sed&odio=vel&condimentum=enim&id=sit&luctus=amet&nec=nunc&molestie=viverra&sed=dapibus&justo=nulla&pellentesque=suscipit&viverra=ligula&pede=in&ac=lacus&diam=curabitur&cras=at&pellentesque=ipsum&volutpat=ac','Artikel_Medium',99),('https://rakuten.co.jp/nisl/duis.jpg?libero=montes&quis=nascetur&orci=ridiculus&nullam=mus&molestie=vivamus&nibh=vestibulum&in=sagittis&lectus=sapien&pellentesque=cum&at=sociis&nulla=natoque&suspendisse=penatibus&potenti=et&cras=magnis&in=dis&purus=parturient&eu=montes&magna=nascetur&vulputate=ridiculus&luctus=mus&cum=etiam&sociis=vel&natoque=augue&penatibus=vestibulum&et=rutrum&magnis=rutrum&dis=neque&parturient=aenean&montes=auctor&nascetur=gravida&ridiculus=sem','Artikel_Medium',82),('https://salon.com/in/purus/eu/magna/vulputate.jpg?rhoncus=vivamus&aliquet=vestibulum&pulvinar=sagittis&sed=sapien&nisl=cum&nunc=sociis&rhoncus=natoque&dui=penatibus&vel=et&sem=magnis&sed=dis&sagittis=parturient&nam=montes&congue=nascetur&risus=ridiculus&semper=mus&porta=etiam&volutpat=vel&quam=augue&pede=vestibulum&lobortis=rutrum&ligula=rutrum&sit=neque&amet=aenean&eleifend=auctor&pede=gravida&libero=sem&quis=praesent&orci=id&nullam=massa&molestie=id&nibh=nisl&in=venenatis&lectus=lacinia&pellentesque=aenean&at=sit&nulla=amet&suspendisse=justo&potenti=morbi&cras=ut&in=odio&purus=cras','Materi_Ajar',13),('https://scribd.com/sed/vel.json?nullam=nunc&varius=donec&nulla=quis&facilisi=orci&cras=eget&non=orci&velit=vehicula&nec=condimentum&nisi=curabitur&vulputate=in&nonummy=libero&maecenas=ut&tincidunt=massa&lacus=volutpat&at=convallis&velit=morbi&vivamus=odio&vel=odio&nulla=elementum&eget=eu&eros=interdum&elementum=eu&pellentesque=tincidunt&quisque=in&porta=leo&volutpat=maecenas&erat=pulvinar&quisque=lobortis&erat=est&eros=phasellus&viverra=sit&eget=amet&congue=erat&eget=nulla&semper=tempus&rutrum=vivamus&nulla=in&nunc=felis&purus=eu&phasellus=sapien&in=cursus&felis=vestibulum&donec=proin&semper=eu&sapien=mi&a=nulla&libero=ac&nam=enim&dui=in&proin=tempor&leo=turpis&odio=nec&porttitor=euismod&id=scelerisque&consequat=quam&in=turpis&consequat=adipiscing&ut=lorem&nulla=vitae&sed=mattis&accumsan=nibh&felis=ligula&ut=nec&at=sem&dolor=duis&quis=aliquam&odio=convallis&consequat=nunc&varius=proin&integer=at&ac=turpis&leo=a&pellentesque=pede&ultrices=posuere&mattis=nonummy&odio=integer&donec=non&vitae=velit&nisi=donec&nam=diam&ultrices=neque&libero=vestibulum&non=eget&mattis=vulputate&pulvinar=ut&nulla=ultrices&pede=vel&ullamcorper=augue','Materi_Ajar',6),('https://seesaa.net/elementum.xml?pede=urna&ullamcorper=ut&augue=tellus&a=nulla&suscipit=ut&nulla=erat&elit=id&ac=mauris&nulla=vulputate&sed=elementum&vel=nullam&enim=varius&sit=nulla&amet=facilisi&nunc=cras','Materi_Ajar',16),('https://shinystat.com/pede/morbi/porttitor/lorem/id.jsp?quisque=est&erat=risus&eros=auctor&viverra=sed&eget=tristique&congue=in&eget=tempus&semper=sit&rutrum=amet&nulla=sem&nunc=fusce&purus=consequat&phasellus=nulla&in=nisl&felis=nunc&donec=nisl&semper=duis&sapien=bibendum&a=felis&libero=sed&nam=interdum&dui=venenatis&proin=turpis','Materi_Ajar',49),('https://shutterfly.com/pede/morbi/porttitor/lorem/id/ligula.json?in=nibh&felis=in&eu=lectus&sapien=pellentesque&cursus=at&vestibulum=nulla&proin=suspendisse&eu=potenti&mi=cras&nulla=in&ac=purus&enim=eu&in=magna&tempor=vulputate&turpis=luctus&nec=cum&euismod=sociis&scelerisque=natoque&quam=penatibus&turpis=et&adipiscing=magnis&lorem=dis&vitae=parturient&mattis=montes&nibh=nascetur&ligula=ridiculus&nec=mus&sem=vivamus&duis=vestibulum','Artikel_Medium',6),('https://sohu.com/vel/pede/morbi/porttitor/lorem/id.js?donec=in&ut=hac&mauris=habitasse','Artikel_Medium',9),('https://soup.io/augue/quam/sollicitudin/vitae/consectetuer/eget/rutrum.xml?orci=quam&eget=sapien&orci=varius&vehicula=ut&condimentum=blandit&curabitur=non&in=interdum&libero=in&ut=ante&massa=vestibulum&volutpat=ante&convallis=ipsum&morbi=primis&odio=in&odio=faucibus&elementum=orci&eu=luctus&interdum=et&eu=ultrices&tincidunt=posuere&in=cubilia&leo=curae&maecenas=duis&pulvinar=faucibus&lobortis=accumsan&est=odio&phasellus=curabitur&sit=convallis&amet=duis&erat=consequat&nulla=dui&tempus=nec&vivamus=nisi&in=volutpat&felis=eleifend&eu=donec&sapien=ut&cursus=dolor&vestibulum=morbi&proin=vel&eu=lectus&mi=in&nulla=quam&ac=fringilla&enim=rhoncus&in=mauris&tempor=enim&turpis=leo&nec=rhoncus&euismod=sed&scelerisque=vestibulum&quam=sit&turpis=amet','Artikel_Medium',43),('https://sourceforge.net/mi/in/porttitor/pede.json?velit=neque&vivamus=aenean&vel=auctor&nulla=gravida&eget=sem&eros=praesent&elementum=id&pellentesque=massa&quisque=id&porta=nisl&volutpat=venenatis&erat=lacinia&quisque=aenean&erat=sit&eros=amet&viverra=justo&eget=morbi&congue=ut&eget=odio&semper=cras&rutrum=mi&nulla=pede&nunc=malesuada&purus=in&phasellus=imperdiet&in=et&felis=commodo&donec=vulputate&semper=justo&sapien=in&a=blandit&libero=ultrices&nam=enim&dui=lorem&proin=ipsum&leo=dolor&odio=sit&porttitor=amet&id=consectetuer&consequat=adipiscing&in=elit&consequat=proin&ut=interdum&nulla=mauris&sed=non&accumsan=ligula&felis=pellentesque&ut=ultrices&at=phasellus&dolor=id&quis=sapien&odio=in&consequat=sapien&varius=iaculis&integer=congue&ac=vivamus&leo=metus&pellentesque=arcu&ultrices=adipiscing&mattis=molestie&odio=hendrerit&donec=at&vitae=vulputate&nisi=vitae&nam=nisl&ultrices=aenean&libero=lectus&non=pellentesque&mattis=eget&pulvinar=nunc','Materi_Ajar',50),('https://sphinn.com/pretium/nisl/ut/volutpat/sapien/arcu/sed.html?nisl=ante&duis=ipsum&ac=primis&nibh=in&fusce=faucibus&lacus=orci&purus=luctus&aliquet=et&at=ultrices&feugiat=posuere&non=cubilia&pretium=curae&quis=donec&lectus=pharetra&suspendisse=magna&potenti=vestibulum&in=aliquet','Artikel_Medium',1),('https://spotify.com/maecenas/leo/odio/condimentum.js?scelerisque=magnis&quam=dis&turpis=parturient&adipiscing=montes&lorem=nascetur&vitae=ridiculus&mattis=mus&nibh=vivamus&ligula=vestibulum&nec=sagittis&sem=sapien&duis=cum&aliquam=sociis&convallis=natoque&nunc=penatibus&proin=et&at=magnis&turpis=dis&a=parturient&pede=montes&posuere=nascetur&nonummy=ridiculus&integer=mus&non=etiam&velit=vel&donec=augue&diam=vestibulum&neque=rutrum&vestibulum=rutrum&eget=neque&vulputate=aenean&ut=auctor&ultrices=gravida&vel=sem&augue=praesent&vestibulum=id&ante=massa&ipsum=id&primis=nisl&in=venenatis&faucibus=lacinia&orci=aenean&luctus=sit&et=amet&ultrices=justo&posuere=morbi&cubilia=ut&curae=odio&donec=cras&pharetra=mi&magna=pede&vestibulum=malesuada&aliquet=in&ultrices=imperdiet&erat=et&tortor=commodo&sollicitudin=vulputate&mi=justo&sit=in&amet=blandit&lobortis=ultrices&sapien=enim&sapien=lorem&non=ipsum&mi=dolor&integer=sit&ac=amet&neque=consectetuer&duis=adipiscing&bibendum=elit&morbi=proin&non=interdum','Artikel_Medium',47),('https://statcounter.com/ut/erat.jsp?ipsum=venenatis&dolor=turpis&sit=enim&amet=blandit&consectetuer=mi&adipiscing=in&elit=porttitor&proin=pede&interdum=justo&mauris=eu&non=massa&ligula=donec&pellentesque=dapibus&ultrices=duis&phasellus=at&id=velit&sapien=eu&in=est&sapien=congue&iaculis=elementum&congue=in&vivamus=hac&metus=habitasse&arcu=platea&adipiscing=dictumst&molestie=morbi&hendrerit=vestibulum&at=velit&vulputate=id&vitae=pretium&nisl=iaculis&aenean=diam&lectus=erat&pellentesque=fermentum&eget=justo&nunc=nec&donec=condimentum&quis=neque&orci=sapien&eget=placerat&orci=ante&vehicula=nulla&condimentum=justo&curabitur=aliquam&in=quis&libero=turpis&ut=eget&massa=elit&volutpat=sodales&convallis=scelerisque&morbi=mauris&odio=sit&odio=amet&elementum=eros&eu=suspendisse&interdum=accumsan&eu=tortor&tincidunt=quis&in=turpis&leo=sed&maecenas=ante&pulvinar=vivamus&lobortis=tortor','Materi_Ajar',91),('https://technorati.com/felis/sed/interdum/venenatis/turpis.jpg?vitae=nulla&mattis=ut&nibh=erat&ligula=id&nec=mauris&sem=vulputate&duis=elementum&aliquam=nullam&convallis=varius&nunc=nulla&proin=facilisi&at=cras&turpis=non&a=velit&pede=nec&posuere=nisi&nonummy=vulputate&integer=nonummy&non=maecenas&velit=tincidunt&donec=lacus&diam=at&neque=velit&vestibulum=vivamus&eget=vel&vulputate=nulla&ut=eget&ultrices=eros&vel=elementum&augue=pellentesque&vestibulum=quisque&ante=porta&ipsum=volutpat&primis=erat&in=quisque&faucibus=erat&orci=eros&luctus=viverra&et=eget&ultrices=congue&posuere=eget&cubilia=semper&curae=rutrum&donec=nulla&pharetra=nunc&magna=purus&vestibulum=phasellus&aliquet=in&ultrices=felis&erat=donec&tortor=semper&sollicitudin=sapien&mi=a&sit=libero&amet=nam&lobortis=dui&sapien=proin','Materi_Ajar',3),('https://timesonline.co.uk/commodo.html?mauris=vestibulum&vulputate=eget&elementum=vulputate&nullam=ut&varius=ultrices&nulla=vel&facilisi=augue&cras=vestibulum&non=ante&velit=ipsum&nec=primis&nisi=in&vulputate=faucibus&nonummy=orci&maecenas=luctus&tincidunt=et&lacus=ultrices&at=posuere&velit=cubilia&vivamus=curae&vel=donec&nulla=pharetra&eget=magna&eros=vestibulum&elementum=aliquet&pellentesque=ultrices&quisque=erat&porta=tortor&volutpat=sollicitudin&erat=mi&quisque=sit&erat=amet&eros=lobortis&viverra=sapien&eget=sapien&congue=non&eget=mi','Materi_Ajar',52),('https://tripadvisor.com/dis.png?sem=scelerisque&duis=quam&aliquam=turpis&convallis=adipiscing&nunc=lorem&proin=vitae&at=mattis&turpis=nibh&a=ligula&pede=nec&posuere=sem&nonummy=duis&integer=aliquam&non=convallis&velit=nunc&donec=proin&diam=at&neque=turpis&vestibulum=a&eget=pede&vulputate=posuere&ut=nonummy&ultrices=integer&vel=non&augue=velit&vestibulum=donec&ante=diam&ipsum=neque&primis=vestibulum&in=eget&faucibus=vulputate','Materi_Ajar',46),('https://tuttocitta.it/pede/posuere/nonummy/integer.jpg?convallis=vestibulum&nulla=rutrum&neque=rutrum&libero=neque&convallis=aenean&eget=auctor&eleifend=gravida&luctus=sem&ultricies=praesent&eu=id&nibh=massa&quisque=id&id=nisl&justo=venenatis&sit=lacinia&amet=aenean&sapien=sit&dignissim=amet&vestibulum=justo&vestibulum=morbi&ante=ut&ipsum=odio&primis=cras&in=mi&faucibus=pede&orci=malesuada&luctus=in&et=imperdiet&ultrices=et&posuere=commodo&cubilia=vulputate&curae=justo&nulla=in&dapibus=blandit&dolor=ultrices&vel=enim&est=lorem&donec=ipsum&odio=dolor&justo=sit&sollicitudin=amet&ut=consectetuer&suscipit=adipiscing&a=elit&feugiat=proin&et=interdum','Materi_Ajar',13),('https://uiuc.edu/rhoncus/sed/vestibulum/sit.jsp?rhoncus=eget&dui=elit&vel=sodales&sem=scelerisque&sed=mauris&sagittis=sit&nam=amet&congue=eros&risus=suspendisse&semper=accumsan&porta=tortor&volutpat=quis&quam=turpis&pede=sed&lobortis=ante&ligula=vivamus&sit=tortor&amet=duis&eleifend=mattis&pede=egestas&libero=metus&quis=aenean&orci=fermentum&nullam=donec&molestie=ut&nibh=mauris&in=eget&lectus=massa&pellentesque=tempor&at=convallis&nulla=nulla&suspendisse=neque&potenti=libero&cras=convallis&in=eget&purus=eleifend&eu=luctus&magna=ultricies&vulputate=eu&luctus=nibh&cum=quisque&sociis=id&natoque=justo&penatibus=sit&et=amet&magnis=sapien&dis=dignissim&parturient=vestibulum&montes=vestibulum&nascetur=ante&ridiculus=ipsum&mus=primis&vivamus=in&vestibulum=faucibus&sagittis=orci&sapien=luctus&cum=et&sociis=ultrices&natoque=posuere&penatibus=cubilia&et=curae&magnis=nulla&dis=dapibus&parturient=dolor&montes=vel&nascetur=est&ridiculus=donec&mus=odio&etiam=justo&vel=sollicitudin&augue=ut&vestibulum=suscipit&rutrum=a&rutrum=feugiat&neque=et&aenean=eros&auctor=vestibulum&gravida=ac&sem=est&praesent=lacinia&id=nisi&massa=venenatis&id=tristique&nisl=fusce&venenatis=congue','Artikel_Medium',4),('https://ustream.tv/natoque/penatibus/et.aspx?risus=augue&praesent=vestibulum&lectus=ante&vestibulum=ipsum&quam=primis&sapien=in&varius=faucibus&ut=orci&blandit=luctus&non=et&interdum=ultrices&in=posuere&ante=cubilia&vestibulum=curae&ante=donec&ipsum=pharetra&primis=magna&in=vestibulum&faucibus=aliquet&orci=ultrices&luctus=erat&et=tortor&ultrices=sollicitudin&posuere=mi&cubilia=sit&curae=amet&duis=lobortis&faucibus=sapien&accumsan=sapien&odio=non&curabitur=mi&convallis=integer&duis=ac&consequat=neque&dui=duis&nec=bibendum&nisi=morbi&volutpat=non&eleifend=quam&donec=nec&ut=dui&dolor=luctus&morbi=rutrum','Artikel_Medium',55),('https://utexas.edu/sed/accumsan/felis/ut/at.aspx?volutpat=ligula&erat=nec&quisque=sem&erat=duis&eros=aliquam&viverra=convallis&eget=nunc&congue=proin&eget=at&semper=turpis&rutrum=a&nulla=pede&nunc=posuere&purus=nonummy','Artikel_Medium',95),('https://va.gov/luctus/ultricies/eu/nibh/quisque.xml?tempus=nec&semper=dui&est=luctus&quam=rutrum&pharetra=nulla&magna=tellus&ac=in&consequat=sagittis&metus=dui&sapien=vel&ut=nisl&nunc=duis&vestibulum=ac&ante=nibh&ipsum=fusce&primis=lacus&in=purus&faucibus=aliquet&orci=at&luctus=feugiat&et=non&ultrices=pretium&posuere=quis&cubilia=lectus&curae=suspendisse&mauris=potenti&viverra=in&diam=eleifend&vitae=quam&quam=a&suspendisse=odio&potenti=in&nullam=hac&porttitor=habitasse&lacus=platea&at=dictumst&turpis=maecenas&donec=ut&posuere=massa&metus=quis&vitae=augue&ipsum=luctus&aliquam=tincidunt&non=nulla&mauris=mollis&morbi=molestie&non=lorem&lectus=quisque&aliquam=ut','Artikel_Medium',29),('https://washington.edu/justo/nec/condimentum/neque/sapien.html?cursus=eu&id=sapien&turpis=cursus&integer=vestibulum&aliquet=proin&massa=eu&id=mi&lobortis=nulla&convallis=ac&tortor=enim&risus=in&dapibus=tempor&augue=turpis&vel=nec&accumsan=euismod&tellus=scelerisque&nisi=quam&eu=turpis&orci=adipiscing','Artikel_Medium',81),('https://washington.edu/nulla/tempus.jpg?quis=iaculis&orci=diam&nullam=erat&molestie=fermentum&nibh=justo&in=nec&lectus=condimentum&pellentesque=neque&at=sapien&nulla=placerat&suspendisse=ante&potenti=nulla&cras=justo&in=aliquam&purus=quis&eu=turpis&magna=eget&vulputate=elit&luctus=sodales&cum=scelerisque&sociis=mauris&natoque=sit&penatibus=amet&et=eros&magnis=suspendisse&dis=accumsan&parturient=tortor&montes=quis&nascetur=turpis&ridiculus=sed&mus=ante&vivamus=vivamus&vestibulum=tortor&sagittis=duis&sapien=mattis&cum=egestas&sociis=metus&natoque=aenean&penatibus=fermentum&et=donec&magnis=ut&dis=mauris&parturient=eget&montes=massa&nascetur=tempor&ridiculus=convallis&mus=nulla&etiam=neque&vel=libero&augue=convallis&vestibulum=eget&rutrum=eleifend&rutrum=luctus&neque=ultricies&aenean=eu&auctor=nibh&gravida=quisque&sem=id&praesent=justo&id=sit&massa=amet&id=sapien&nisl=dignissim&venenatis=vestibulum&lacinia=vestibulum&aenean=ante&sit=ipsum&amet=primis&justo=in&morbi=faucibus&ut=orci&odio=luctus&cras=et&mi=ultrices&pede=posuere&malesuada=cubilia&in=curae&imperdiet=nulla&et=dapibus&commodo=dolor&vulputate=vel&justo=est&in=donec&blandit=odio&ultrices=justo&enim=sollicitudin&lorem=ut&ipsum=suscipit&dolor=a&sit=feugiat&amet=et&consectetuer=eros&adipiscing=vestibulum&elit=ac&proin=est&interdum=lacinia&mauris=nisi&non=venenatis&ligula=tristique&pellentesque=fusce','Materi_Ajar',41),('https://webnode.com/libero/convallis/eget/eleifend/luctus/ultricies.jpg?ultrices=hendrerit&erat=at&tortor=vulputate&sollicitudin=vitae&mi=nisl&sit=aenean&amet=lectus&lobortis=pellentesque&sapien=eget&sapien=nunc&non=donec&mi=quis&integer=orci&ac=eget&neque=orci&duis=vehicula&bibendum=condimentum&morbi=curabitur&non=in&quam=libero&nec=ut&dui=massa&luctus=volutpat&rutrum=convallis&nulla=morbi&tellus=odio&in=odio&sagittis=elementum&dui=eu&vel=interdum&nisl=eu&duis=tincidunt&ac=in&nibh=leo&fusce=maecenas&lacus=pulvinar&purus=lobortis&aliquet=est&at=phasellus&feugiat=sit&non=amet&pretium=erat&quis=nulla&lectus=tempus&suspendisse=vivamus&potenti=in&in=felis&eleifend=eu&quam=sapien&a=cursus&odio=vestibulum&in=proin&hac=eu&habitasse=mi&platea=nulla&dictumst=ac&maecenas=enim&ut=in&massa=tempor&quis=turpis&augue=nec&luctus=euismod&tincidunt=scelerisque&nulla=quam&mollis=turpis&molestie=adipiscing&lorem=lorem&quisque=vitae&ut=mattis&erat=nibh&curabitur=ligula&gravida=nec&nisi=sem&at=duis&nibh=aliquam&in=convallis&hac=nunc&habitasse=proin&platea=at','Artikel_Medium',51),('https://webnode.com/sit/amet/turpis.jpg?molestie=odio&nibh=donec&in=vitae&lectus=nisi&pellentesque=nam&at=ultrices&nulla=libero&suspendisse=non&potenti=mattis&cras=pulvinar&in=nulla&purus=pede&eu=ullamcorper&magna=augue&vulputate=a&luctus=suscipit&cum=nulla&sociis=elit&natoque=ac&penatibus=nulla&et=sed&magnis=vel&dis=enim&parturient=sit&montes=amet&nascetur=nunc&ridiculus=viverra&mus=dapibus&vivamus=nulla','Materi_Ajar',36),('https://weibo.com/aliquet/ultrices/erat/tortor/sollicitudin/mi.jpg?nascetur=viverra&ridiculus=diam&mus=vitae&etiam=quam&vel=suspendisse&augue=potenti&vestibulum=nullam&rutrum=porttitor&rutrum=lacus&neque=at&aenean=turpis&auctor=donec&gravida=posuere&sem=metus&praesent=vitae&id=ipsum&massa=aliquam&id=non&nisl=mauris&venenatis=morbi&lacinia=non&aenean=lectus&sit=aliquam&amet=sit&justo=amet&morbi=diam&ut=in&odio=magna&cras=bibendum&mi=imperdiet&pede=nullam&malesuada=orci&in=pede&imperdiet=venenatis&et=non&commodo=sodales&vulputate=sed&justo=tincidunt&in=eu&blandit=felis&ultrices=fusce&enim=posuere&lorem=felis&ipsum=sed&dolor=lacus&sit=morbi&amet=sem&consectetuer=mauris','Materi_Ajar',72),('https://weibo.com/hac/habitasse/platea/dictumst.json?rutrum=lorem&nulla=id&nunc=ligula&purus=suspendisse&phasellus=ornare&in=consequat&felis=lectus&donec=in&semper=est&sapien=risus&a=auctor&libero=sed&nam=tristique&dui=in&proin=tempus&leo=sit&odio=amet&porttitor=sem&id=fusce&consequat=consequat&in=nulla&consequat=nisl&ut=nunc&nulla=nisl&sed=duis&accumsan=bibendum&felis=felis&ut=sed&at=interdum&dolor=venenatis&quis=turpis&odio=enim&consequat=blandit&varius=mi&integer=in&ac=porttitor&leo=pede&pellentesque=justo&ultrices=eu&mattis=massa&odio=donec&donec=dapibus','Materi_Ajar',46),('https://whitehouse.gov/amet/nulla/quisque/arcu/libero/rutrum.jpg?cras=montes&non=nascetur&velit=ridiculus&nec=mus&nisi=vivamus&vulputate=vestibulum&nonummy=sagittis&maecenas=sapien&tincidunt=cum&lacus=sociis&at=natoque&velit=penatibus&vivamus=et&vel=magnis&nulla=dis&eget=parturient&eros=montes&elementum=nascetur&pellentesque=ridiculus&quisque=mus&porta=etiam&volutpat=vel&erat=augue&quisque=vestibulum&erat=rutrum&eros=rutrum&viverra=neque&eget=aenean&congue=auctor&eget=gravida&semper=sem&rutrum=praesent&nulla=id&nunc=massa&purus=id&phasellus=nisl&in=venenatis&felis=lacinia&donec=aenean&semper=sit&sapien=amet&a=justo&libero=morbi&nam=ut&dui=odio&proin=cras&leo=mi&odio=pede&porttitor=malesuada&id=in&consequat=imperdiet&in=et&consequat=commodo&ut=vulputate&nulla=justo&sed=in&accumsan=blandit&felis=ultrices&ut=enim&at=lorem&dolor=ipsum&quis=dolor&odio=sit&consequat=amet&varius=consectetuer&integer=adipiscing&ac=elit&leo=proin&pellentesque=interdum&ultrices=mauris&mattis=non&odio=ligula&donec=pellentesque&vitae=ultrices&nisi=phasellus&nam=id&ultrices=sapien&libero=in&non=sapien&mattis=iaculis&pulvinar=congue&nulla=vivamus&pede=metus','Artikel_Medium',65),('https://wikia.com/curabitur/in/libero/ut.json?sagittis=ut&nam=massa&congue=volutpat&risus=convallis','Artikel_Medium',15),('https://wordpress.org/donec/dapibus/duis/at/velit/eu.xml?sit=turpis&amet=sed&nunc=ante&viverra=vivamus&dapibus=tortor&nulla=duis&suscipit=mattis&ligula=egestas&in=metus&lacus=aenean&curabitur=fermentum&at=donec&ipsum=ut&ac=mauris&tellus=eget&semper=massa&interdum=tempor&mauris=convallis&ullamcorper=nulla&purus=neque&sit=libero&amet=convallis&nulla=eget&quisque=eleifend&arcu=luctus&libero=ultricies&rutrum=eu&ac=nibh&lobortis=quisque&vel=id&dapibus=justo&at=sit&diam=amet&nam=sapien&tristique=dignissim','Artikel_Medium',3),('https://wordpress.org/eget/eleifend/luctus/ultricies/eu.aspx?proin=at&risus=turpis&praesent=donec&lectus=posuere&vestibulum=metus&quam=vitae&sapien=ipsum&varius=aliquam&ut=non&blandit=mauris&non=morbi&interdum=non&in=lectus&ante=aliquam&vestibulum=sit&ante=amet&ipsum=diam&primis=in&in=magna&faucibus=bibendum&orci=imperdiet&luctus=nullam&et=orci&ultrices=pede&posuere=venenatis&cubilia=non&curae=sodales&duis=sed&faucibus=tincidunt&accumsan=eu&odio=felis&curabitur=fusce','Materi_Ajar',13),('https://wufoo.com/libero/convallis/eget/eleifend/luctus/ultricies.js?blandit=imperdiet&mi=sapien&in=urna&porttitor=pretium&pede=nisl&justo=ut&eu=volutpat&massa=sapien&donec=arcu&dapibus=sed&duis=augue','Materi_Ajar',98),('https://xing.com/tristique/est/et.json?scelerisque=lorem&quam=id&turpis=ligula&adipiscing=suspendisse&lorem=ornare&vitae=consequat&mattis=lectus&nibh=in&ligula=est&nec=risus&sem=auctor&duis=sed&aliquam=tristique&convallis=in&nunc=tempus&proin=sit&at=amet&turpis=sem&a=fusce&pede=consequat&posuere=nulla&nonummy=nisl&integer=nunc&non=nisl&velit=duis&donec=bibendum&diam=felis&neque=sed&vestibulum=interdum&eget=venenatis&vulputate=turpis&ut=enim&ultrices=blandit&vel=mi&augue=in&vestibulum=porttitor&ante=pede&ipsum=justo&primis=eu&in=massa&faucibus=donec&orci=dapibus&luctus=duis&et=at&ultrices=velit&posuere=eu&cubilia=est&curae=congue','Artikel_Medium',100),('https://xrea.com/sapien/sapien/non/mi/integer/ac/neque.jsp?vestibulum=et&velit=eros&id=vestibulum&pretium=ac&iaculis=est&diam=lacinia&erat=nisi&fermentum=venenatis&justo=tristique&nec=fusce&condimentum=congue&neque=diam&sapien=id&placerat=ornare&ante=imperdiet&nulla=sapien&justo=urna&aliquam=pretium&quis=nisl&turpis=ut&eget=volutpat&elit=sapien&sodales=arcu&scelerisque=sed&mauris=augue&sit=aliquam&amet=erat&eros=volutpat&suspendisse=in&accumsan=congue&tortor=etiam&quis=justo&turpis=etiam&sed=pretium&ante=iaculis&vivamus=justo&tortor=in&duis=hac&mattis=habitasse&egestas=platea&metus=dictumst&aenean=etiam&fermentum=faucibus&donec=cursus&ut=urna&mauris=ut&eget=tellus&massa=nulla&tempor=ut&convallis=erat&nulla=id&neque=mauris&libero=vulputate&convallis=elementum&eget=nullam&eleifend=varius&luctus=nulla&ultricies=facilisi&eu=cras&nibh=non&quisque=velit&id=nec&justo=nisi&sit=vulputate&amet=nonummy&sapien=maecenas&dignissim=tincidunt&vestibulum=lacus&vestibulum=at&ante=velit&ipsum=vivamus&primis=vel&in=nulla&faucibus=eget','Artikel_Medium',15),('https://yahoo.co.jp/maecenas/tincidunt/lacus/at/velit.xml?natoque=sapien&penatibus=iaculis&et=congue&magnis=vivamus&dis=metus&parturient=arcu&montes=adipiscing&nascetur=molestie&ridiculus=hendrerit&mus=at&etiam=vulputate&vel=vitae&augue=nisl&vestibulum=aenean&rutrum=lectus&rutrum=pellentesque&neque=eget&aenean=nunc&auctor=donec&gravida=quis&sem=orci&praesent=eget&id=orci&massa=vehicula&id=condimentum&nisl=curabitur&venenatis=in&lacinia=libero&aenean=ut&sit=massa&amet=volutpat&justo=convallis&morbi=morbi&ut=odio&odio=odio&cras=elementum&mi=eu&pede=interdum&malesuada=eu&in=tincidunt&imperdiet=in&et=leo&commodo=maecenas&vulputate=pulvinar&justo=lobortis&in=est&blandit=phasellus&ultrices=sit&enim=amet&lorem=erat&ipsum=nulla&dolor=tempus&sit=vivamus&amet=in&consectetuer=felis&adipiscing=eu&elit=sapien&proin=cursus&interdum=vestibulum&mauris=proin&non=eu&ligula=mi&pellentesque=nulla&ultrices=ac&phasellus=enim&id=in&sapien=tempor&in=turpis&sapien=nec&iaculis=euismod&congue=scelerisque&vivamus=quam&metus=turpis&arcu=adipiscing&adipiscing=lorem&molestie=vitae&hendrerit=mattis&at=nibh&vulputate=ligula&vitae=nec&nisl=sem&aenean=duis&lectus=aliquam&pellentesque=convallis&eget=nunc&nunc=proin&donec=at&quis=turpis','Artikel_Medium',19),('https://youku.com/viverra/dapibus/nulla.png?donec=ac&semper=neque&sapien=duis&a=bibendum&libero=morbi&nam=non&dui=quam&proin=nec&leo=dui&odio=luctus&porttitor=rutrum&id=nulla&consequat=tellus&in=in&consequat=sagittis&ut=dui&nulla=vel&sed=nisl&accumsan=duis&felis=ac&ut=nibh&at=fusce&dolor=lacus&quis=purus&odio=aliquet&consequat=at&varius=feugiat&integer=non&ac=pretium&leo=quis&pellentesque=lectus&ultrices=suspendisse&mattis=potenti&odio=in&donec=eleifend&vitae=quam&nisi=a&nam=odio&ultrices=in&libero=hac&non=habitasse&mattis=platea&pulvinar=dictumst&nulla=maecenas&pede=ut&ullamcorper=massa&augue=quis&a=augue&suscipit=luctus&nulla=tincidunt&elit=nulla&ac=mollis&nulla=molestie&sed=lorem&vel=quisque&enim=ut&sit=erat&amet=curabitur&nunc=gravida&viverra=nisi&dapibus=at&nulla=nibh&suscipit=in&ligula=hac&in=habitasse&lacus=platea&curabitur=dictumst&at=aliquam&ipsum=augue&ac=quam&tellus=sollicitudin&semper=vitae&interdum=consectetuer&mauris=eget&ullamcorper=rutrum&purus=at&sit=lorem&amet=integer&nulla=tincidunt&quisque=ante&arcu=vel&libero=ipsum&rutrum=praesent&ac=blandit&lobortis=lacinia&vel=erat&dapibus=vestibulum','Artikel_Medium',5),('https://youtube.com/a/suscipit/nulla/elit/ac/nulla/sed.html?felis=amet&fusce=erat&posuere=nulla&felis=tempus&sed=vivamus&lacus=in&morbi=felis&sem=eu&mauris=sapien&laoreet=cursus&ut=vestibulum&rhoncus=proin&aliquet=eu&pulvinar=mi&sed=nulla&nisl=ac&nunc=enim&rhoncus=in&dui=tempor&vel=turpis&sem=nec&sed=euismod&sagittis=scelerisque&nam=quam&congue=turpis&risus=adipiscing&semper=lorem','Artikel_Medium',21),('https://zimbio.com/quam/fringilla/rhoncus/mauris/enim.jpg?at=in&nibh=ante&in=vestibulum&hac=ante&habitasse=ipsum&platea=primis&dictumst=in&aliquam=faucibus&augue=orci&quam=luctus&sollicitudin=et&vitae=ultrices&consectetuer=posuere&eget=cubilia&rutrum=curae&at=duis&lorem=faucibus&integer=accumsan&tincidunt=odio&ante=curabitur&vel=convallis&ipsum=duis&praesent=consequat&blandit=dui&lacinia=nec&erat=nisi&vestibulum=volutpat&sed=eleifend&magna=donec&at=ut&nunc=dolor&commodo=morbi','Materi_Ajar',57);
/*!40000 ALTER TABLE `blog` ENABLE KEYS */;
UNLOCK TABLES;

--
-- Table structure for table `bootcamp_class`
--

DROP TABLE IF EXISTS `bootcamp_class`;
/*!40101 SET @saved_cs_client     = @@character_set_client */;
/*!40101 SET character_set_client = utf8 */;
CREATE TABLE `bootcamp_class` (
  `nama_kelas` varchar(50) NOT NULL,
  `link_halaman` varchar(3000) DEFAULT NULL,
  PRIMARY KEY (`nama_kelas`),
  KEY `Link_Halaman` (`link_halaman`),
  CONSTRAINT `bootcamp_class_ibfk_1` FOREIGN KEY (`link_halaman`) REFERENCES `materi_ajar` (`link_halaman`)
) ENGINE=InnoDB DEFAULT CHARSET=latin1;
/*!40101 SET character_set_client = @saved_cs_client */;

--
-- Dumping data for table `bootcamp_class`
--

LOCK TABLES `bootcamp_class` WRITE;
/*!40000 ALTER TABLE `bootcamp_class` DISABLE KEYS */;
INSERT INTO `bootcamp_class` (`nama_kelas`, `link_halaman`) VALUES ('React Native Mobile Apps Development','http://altervista.org/eu/tincidunt/in.aspx?rutrum=nulla&at=suspendisse&lorem=potenti&integer=cras&tincidunt=in&ante=purus&vel=eu&ipsum=magna&praesent=vulputate&blandit=luctus&lacinia=cum&erat=sociis&vestibulum=natoque&sed=penatibus&magna=et&at=magnis&nunc=dis&commodo=parturient&placerat=montes&praesent=nascetur&blandit=ridiculus&nam=mus&nulla=vivamus&integer=vestibulum&pede=sagittis&justo=sapien&lacinia=cum&eget=sociis&tincidunt=natoque&eget=penatibus&tempus=et&vel=magnis&pede=dis&morbi=parturient'),('Centos Web Server - Devops','http://buzzfeed.com/purus/eu/magna/vulputate.jsp?justo=amet&etiam=sapien&pretium=dignissim&iaculis=vestibulum&justo=vestibulum&in=ante&hac=ipsum&habitasse=primis&platea=in&dictumst=faucibus&etiam=orci&faucibus=luctus&cursus=et&urna=ultrices&ut=posuere&tellus=cubilia&nulla=curae&ut=nulla'),('WordPress Development','http://goo.gl/dictumst/morbi/vestibulum/velit/id/pretium/iaculis.json?sit=cras&amet=non&eleifend=velit&pede=nec&libero=nisi&quis=vulputate&orci=nonummy&nullam=maecenas&molestie=tincidunt&nibh=lacus&in=at'),('Laravel Vue Crowdfunding','http://skyrock.com/augue/aliquam/erat/volutpat/in/congue.xml?pharetra=lacinia&magna=aenean&ac=sit&consequat=amet&metus=justo&sapien=morbi&ut=ut&nunc=odio&vestibulum=cras&ante=mi&ipsum=pede&primis=malesuada&in=in&faucibus=imperdiet&orci=et&luctus=commodo&et=vulputate&ultrices=justo&posuere=in&cubilia=blandit&curae=ultrices&mauris=enim&viverra=lorem&diam=ipsum&vitae=dolor&quam=sit&suspendisse=amet&potenti=consectetuer&nullam=adipiscing&porttitor=elit&lacus=proin&at=interdum&turpis=mauris&donec=non&posuere=ligula&metus=pellentesque&vitae=ultrices&ipsum=phasellus&aliquam=id&non=sapien&mauris=in&morbi=sapien&non=iaculis&lectus=congue'),('Desain Grafis','http://themeforest.net/hac/habitasse/platea/dictumst/etiam.png?nisi=dolor&venenatis=morbi&tristique=vel'),('React Native Crowd Funding','http://ucla.edu/purus/sit.jsp?sapien=metus&iaculis=vitae&congue=ipsum&vivamus=aliquam&metus=non&arcu=mauris&adipiscing=morbi&molestie=non&hendrerit=lectus&at=aliquam&vulputate=sit&vitae=amet&nisl=diam&aenean=in&lectus=magna&pellentesque=bibendum&eget=imperdiet&nunc=nullam&donec=orci&quis=pede&orci=venenatis&eget=non&orci=sodales&vehicula=sed&condimentum=tincidunt&curabitur=eu&in=felis&libero=fusce&ut=posuere&massa=felis&volutpat=sed&convallis=lacus&morbi=morbi&odio=sem&odio=mauris&elementum=laoreet&eu=ut&interdum=rhoncus&eu=aliquet&tincidunt=pulvinar&in=sed&leo=nisl&maecenas=nunc&pulvinar=rhoncus&lobortis=dui&est=vel&phasellus=sem&sit=sed&amet=sagittis&erat=nam&nulla=congue&tempus=risus&vivamus=semper&in=porta&felis=volutpat&eu=quam&sapien=pede&cursus=lobortis&vestibulum=ligula&proin=sit&eu=amet&mi=eleifend&nulla=pede&ac=libero&enim=quis&in=orci&tempor=nullam&turpis=molestie&nec=nibh&euismod=in&scelerisque=lectus&quam=pellentesque'),('React Js Web Frontend','https://a8.net/sapien/iaculis/congue/vivamus.aspx?orci=faucibus&vehicula=orci&condimentum=luctus&curabitur=et&in=ultrices&libero=posuere&ut=cubilia&massa=curae&volutpat=duis&convallis=faucibus&morbi=accumsan&odio=odio&odio=curabitur&elementum=convallis&eu=duis&interdum=consequat&eu=dui&tincidunt=nec&in=nisi&leo=volutpat&maecenas=eleifend&pulvinar=donec&lobortis=ut&est=dolor&phasellus=morbi&sit=vel&amet=lectus&erat=in&nulla=quam&tempus=fringilla&vivamus=rhoncus&in=mauris&felis=enim&eu=leo&sapien=rhoncus&cursus=sed&vestibulum=vestibulum&proin=sit&eu=amet&mi=cursus&nulla=id&ac=turpis&enim=integer&in=aliquet&tempor=massa&turpis=id&nec=lobortis&euismod=convallis&scelerisque=tortor&quam=risus&turpis=dapibus&adipiscing=augue&lorem=vel&vitae=accumsan&mattis=tellus&nibh=nisi&ligula=eu&nec=orci&sem=mauris&duis=lacinia&aliquam=sapien&convallis=quis&nunc=libero&proin=nullam&at=sit&turpis=amet&a=turpis&pede=elementum&posuere=ligula&nonummy=vehicula&integer=consequat&non=morbi&velit=a&donec=ipsum&diam=integer&neque=a&vestibulum=nibh&eget=in&vulputate=quis&ut=justo&ultrices=maecenas&vel=rhoncus&augue=aliquam&vestibulum=lacus&ante=morbi&ipsum=quis&primis=tortor&in=id&faucibus=nulla'),('Agile Dev Using Scrum','https://accuweather.com/cum/sociis/natoque/penatibus.png?consequat=viverra&ut=dapibus&nulla=nulla&sed=suscipit&accumsan=ligula&felis=in&ut=lacus&at=curabitur&dolor=at&quis=ipsum&odio=ac&consequat=tellus&varius=semper&integer=interdum&ac=mauris&leo=ullamcorper&pellentesque=purus&ultrices=sit&mattis=amet&odio=nulla&donec=quisque&vitae=arcu&nisi=libero&nam=rutrum&ultrices=ac&libero=lobortis&non=vel&mattis=dapibus&pulvinar=at&nulla=diam&pede=nam'),('Python - Data Science','https://infoseek.co.jp/lectus/in/quam/fringilla/rhoncus/mauris/enim.jpg?dictumst=id&morbi=nisl&vestibulum=venenatis&velit=lacinia&id=aenean&pretium=sit&iaculis=amet&diam=justo&erat=morbi&fermentum=ut&justo=odio&nec=cras&condimentum=mi&neque=pede&sapien=malesuada&placerat=in&ante=imperdiet&nulla=et&justo=commodo&aliquam=vulputate&quis=justo&turpis=in&eget=blandit&elit=ultrices&sodales=enim&scelerisque=lorem&mauris=ipsum&sit=dolor&amet=sit&eros=amet&suspendisse=consectetuer&accumsan=adipiscing&tortor=elit&quis=proin&turpis=interdum&sed=mauris&ante=non&vivamus=ligula&tortor=pellentesque&duis=ultrices&mattis=phasellus&egestas=id&metus=sapien&aenean=in&fermentum=sapien&donec=iaculis&ut=congue&mauris=vivamus&eget=metus&massa=arcu&tempor=adipiscing'),('Python Data Science Analisis Opini Publik','https://instagram.com/integer/ac/neque.jsp?ut=consequat&rhoncus=nulla&aliquet=nisl&pulvinar=nunc&sed=nisl&nisl=duis&nunc=bibendum&rhoncus=felis&dui=sed&vel=interdum&sem=venenatis&sed=turpis&sagittis=enim&nam=blandit&congue=mi&risus=in&semper=porttitor&porta=pede&volutpat=justo&quam=eu'),('UI/UX','https://mayoclinic.com/neque/libero/convallis/eget.aspx?quam=pede&sapien=ullamcorper&varius=augue&ut=a&blandit=suscipit&non=nulla&interdum=elit&in=ac'),('Laravel Web Development','https://scribd.com/sed/vel.json?nullam=nunc&varius=donec&nulla=quis&facilisi=orci&cras=eget&non=orci&velit=vehicula&nec=condimentum&nisi=curabitur&vulputate=in&nonummy=libero&maecenas=ut&tincidunt=massa&lacus=volutpat&at=convallis&velit=morbi&vivamus=odio&vel=odio&nulla=elementum&eget=eu&eros=interdum&elementum=eu&pellentesque=tincidunt&quisque=in&porta=leo&volutpat=maecenas&erat=pulvinar&quisque=lobortis&erat=est&eros=phasellus&viverra=sit&eget=amet&congue=erat&eget=nulla&semper=tempus&rutrum=vivamus&nulla=in&nunc=felis&purus=eu&phasellus=sapien&in=cursus&felis=vestibulum&donec=proin&semper=eu&sapien=mi&a=nulla&libero=ac&nam=enim&dui=in&proin=tempor&leo=turpis&odio=nec&porttitor=euismod&id=scelerisque&consequat=quam&in=turpis&consequat=adipiscing&ut=lorem&nulla=vitae&sed=mattis&accumsan=nibh&felis=ligula&ut=nec&at=sem&dolor=duis&quis=aliquam&odio=convallis&consequat=nunc&varius=proin&integer=at&ac=turpis&leo=a&pellentesque=pede&ultrices=posuere&mattis=nonummy&odio=integer&donec=non&vitae=velit&nisi=donec&nam=diam&ultrices=neque&libero=vestibulum&non=eget&mattis=vulputate&pulvinar=ut&nulla=ultrices&pede=vel&ullamcorper=augue');
/*!40000 ALTER TABLE `bootcamp_class` ENABLE KEYS */;
UNLOCK TABLES;

--
-- Temporary table structure for view `eligible_for_cashback`
--

DROP TABLE IF EXISTS `eligible_for_cashback`;
/*!50001 DROP VIEW IF EXISTS `eligible_for_cashback`*/;
SET @saved_cs_client     = @@character_set_client;
SET character_set_client = utf8;
/*!50001 CREATE TABLE `eligible_for_cashback` (
  `id_member` tinyint NOT NULL,
  `nama_kelas` tinyint NOT NULL,
  `nilai_total` tinyint NOT NULL
) ENGINE=MyISAM */;
SET character_set_client = @saved_cs_client;

--
-- Table structure for table `graduated`
--

DROP TABLE IF EXISTS `graduated`;
/*!40101 SET @saved_cs_client     = @@character_set_client */;
/*!40101 SET character_set_client = utf8 */;
CREATE TABLE `graduated` (
  `id_member` int(11) NOT NULL,
  `graduated_classes` varchar(50) NOT NULL,
  PRIMARY KEY (`id_member`,`graduated_classes`),
  KEY `graduated_classes` (`graduated_classes`),
  CONSTRAINT `graduated_ibfk_1` FOREIGN KEY (`id_member`) REFERENCES `member` (`id_member`),
  CONSTRAINT `graduated_ibfk_2` FOREIGN KEY (`graduated_classes`) REFERENCES `bootcamp_class` (`nama_kelas`)
) ENGINE=InnoDB DEFAULT CHARSET=latin1;
/*!40101 SET character_set_client = @saved_cs_client */;

--
-- Dumping data for table `graduated`
--

LOCK TABLES `graduated` WRITE;
/*!40000 ALTER TABLE `graduated` DISABLE KEYS */;
INSERT INTO `graduated` (`id_member`, `graduated_classes`) VALUES (1,'React Js Web Frontend'),(1,'WordPress Development'),(2,'Desain Grafis'),(2,'Python - Data Science'),(3,'Laravel Web Development'),(3,'React Native Mobile Apps Development'),(4,'Centos Web Server - Devops'),(4,'UI/UX'),(5,'React Native Crowd Funding'),(5,'WordPress Development'),(6,'Laravel Vue Crowdfunding'),(6,'Python - Data Science'),(7,'Python Data Science Analisis Opini Publik'),(7,'React Native Mobile Apps Development'),(8,'Agile Dev Using Scrum'),(8,'UI/UX'),(9,'React Js Web Frontend'),(9,'React Native Crowd Funding'),(10,'Desain Grafis'),(10,'Laravel Vue Crowdfunding'),(11,'Python Data Science Analisis Opini Publik'),(12,'Agile Dev Using Scrum'),(13,'React Js Web Frontend'),(14,'Desain Grafis'),(15,'Laravel Web Development'),(16,'Centos Web Server - Devops'),(17,'WordPress Development'),(18,'Python - Data Science'),(19,'React Native Mobile Apps Development'),(20,'UI/UX'),(21,'React Native Crowd Funding'),(22,'Laravel Vue Crowdfunding'),(23,'Python Data Science Analisis Opini Publik'),(24,'Agile Dev Using Scrum'),(25,'React Js Web Frontend'),(26,'Desain Grafis'),(27,'Laravel Web Development'),(28,'Centos Web Server - Devops'),(29,'WordPress Development'),(30,'Python - Data Science'),(31,'React Native Mobile Apps Development'),(32,'UI/UX'),(33,'React Native Crowd Funding'),(34,'Laravel Vue Crowdfunding'),(35,'Python Data Science Analisis Opini Publik'),(36,'Agile Dev Using Scrum'),(37,'React Js Web Frontend'),(38,'Desain Grafis'),(39,'Laravel Web Development'),(40,'Centos Web Server - Devops'),(41,'WordPress Development'),(42,'Python - Data Science'),(43,'React Native Mobile Apps Development'),(44,'UI/UX'),(45,'React Native Crowd Funding'),(46,'Laravel Vue Crowdfunding'),(47,'Python Data Science Analisis Opini Publik'),(48,'Agile Dev Using Scrum'),(49,'React Js Web Frontend'),(50,'Desain Grafis'),(51,'Laravel Web Development'),(52,'Centos Web Server - Devops'),(53,'WordPress Development'),(54,'Python - Data Science'),(55,'React Native Mobile Apps Development'),(56,'UI/UX'),(57,'React Native Crowd Funding'),(58,'Laravel Vue Crowdfunding'),(59,'Python Data Science Analisis Opini Publik'),(60,'Agile Dev Using Scrum'),(61,'React Js Web Frontend'),(62,'Desain Grafis'),(63,'Laravel Web Development'),(64,'Centos Web Server - Devops'),(65,'WordPress Development'),(66,'Python - Data Science'),(67,'React Native Mobile Apps Development'),(68,'UI/UX'),(69,'React Native Crowd Funding'),(70,'Laravel Vue Crowdfunding'),(71,'Python Data Science Analisis Opini Publik'),(72,'Agile Dev Using Scrum'),(73,'React Js Web Frontend'),(74,'Desain Grafis'),(75,'Laravel Web Development'),(76,'Centos Web Server - Devops'),(77,'WordPress Development'),(78,'Python - Data Science'),(79,'React Native Mobile Apps Development'),(80,'UI/UX'),(81,'React Native Crowd Funding'),(82,'Laravel Vue Crowdfunding'),(83,'Python Data Science Analisis Opini Publik'),(84,'Agile Dev Using Scrum'),(85,'React Js Web Frontend'),(86,'Desain Grafis'),(87,'Laravel Web Development'),(88,'Centos Web Server - Devops'),(89,'WordPress Development'),(90,'Python - Data Science'),(91,'React Native Mobile Apps Development'),(92,'UI/UX'),(93,'React Native Crowd Funding'),(94,'Laravel Vue Crowdfunding'),(95,'Python Data Science Analisis Opini Publik'),(96,'Agile Dev Using Scrum'),(97,'React Js Web Frontend'),(98,'Desain Grafis'),(99,'Laravel Web Development'),(100,'Centos Web Server - Devops');
/*!40000 ALTER TABLE `graduated` ENABLE KEYS */;
UNLOCK TABLES;

--
-- Table structure for table `hrd`
--

DROP TABLE IF EXISTS `hrd`;
/*!40101 SET @saved_cs_client     = @@character_set_client */;
/*!40101 SET character_set_client = utf8 */;
CREATE TABLE `hrd` (
  `id_hrd` int(11) NOT NULL,
  `name` varchar(50) DEFAULT NULL,
  `address` varchar(50) DEFAULT NULL,
  `phone_number` varchar(50) DEFAULT NULL,
  `email` varchar(50) DEFAULT NULL,
  PRIMARY KEY (`id_hrd`)
) ENGINE=InnoDB DEFAULT CHARSET=latin1;
/*!40101 SET character_set_client = @saved_cs_client */;

--
-- Dumping data for table `hrd`
--

LOCK TABLES `hrd` WRITE;
/*!40000 ALTER TABLE `hrd` DISABLE KEYS */;
INSERT INTO `hrd` (`id_hrd`, `name`, `address`, `phone_number`, `email`) VALUES (1,'Bernice Pibsworth','832 Trailsway Avenue','429-903-3255','bpibsworth0@yolasite.com'),(2,'Mozes Kennagh','8 Harbort Junction','471-412-4494','mkennagh1@ow.ly'),(3,'Darla Niesegen','3 Sundown Crossing','800-663-3572','dniesegen2@ibm.com'),(4,'Rosita Blasik','67438 Carioca Pass','604-364-8693','rblasik3@nyu.edu'),(5,'Marty Driscoll','185 Jana Circle','784-706-1141','mdriscoll4@symantec.com'),(6,'Reinold Spurret','6 Vidon Pass','711-503-1450','rspurret5@cocolog-nifty.com'),(7,'Davy Eacle','4 Tomscot Circle','329-561-7668','deacle6@vk.com'),(8,'Vivyanne Reagan','8 Grim Point','284-222-9964','vreagan7@squidoo.com'),(9,'Richart Losselyong','95 Spenser Plaza','886-446-4840','rlosselyong8@jiathis.com'),(10,'Denna Riddett','38 Oakridge Trail','129-600-0265','driddett9@microsoft.com'),(11,'Boyce De Blasiis','48 Fuller Crossing','817-809-7550','bdea@smh.com.au'),(12,'Jean Readmire','956 Forest Dale Avenue','407-160-7545','jreadmireb@thetimes.co.uk'),(13,'Carmella Crudge','23135 Buell Lane','186-357-6603','ccrudgec@dedecms.com'),(14,'Bo Stroder','02843 Walton Plaza','107-798-9801','bstroderd@163.com'),(15,'Gaultiero Paireman','3 Blue Bill Park Way','781-398-0754','gpairemane@thetimes.co.uk'),(16,'Merrel Cleen','26207 Wayridge Road','410-989-4278','mcleenf@techcrunch.com'),(17,'Ginni Middleton','1315 Spenser Street','666-706-0691','gmiddletong@wordpress.com'),(18,'Dionysus Garmans','84 Becker Center','290-580-3969','dgarmansh@1688.com'),(19,'Daile Dooley','91 Grayhawk Lane','545-865-4018','ddooleyi@ftc.gov'),(20,'Sebastien Winsom','2621 Arkansas Parkway','818-931-1661','swinsomj@digg.com'),(21,'Edee Upshall','8277 Manitowish Circle','977-282-3015','eupshallk@moonfruit.com'),(22,'Jimmie Cusworth','21118 Little Fleur Way','785-761-9969','jcusworthl@prweb.com'),(23,'Merrili Ferro','2843 Northview Street','473-851-6271','mferrom@google.nl'),(24,'Tish Sparshutt','6980 Green Ridge Drive','409-612-1204','tsparshuttn@oaic.gov.au'),(25,'Noellyn Lack','01963 Pierstorff Road','915-706-3340','nlacko@oracle.com'),(26,'Ichabod Trout','69798 Prentice Hill','762-931-0272','itroutp@usda.gov'),(27,'Eilis Cathie','1 Vidon Court','530-410-8571','ecathieq@ucsd.edu'),(28,'Curtis Cowope','0 Moland Center','140-381-3265','ccowoper@google.nl'),(29,'Dorree Romi','16019 Goodland Street','744-493-6568','dromis@webnode.com'),(30,'Gerek Machen','9 Jana Center','945-976-2583','gmachent@storify.com'),(31,'Daune West-Frimley','4346 Forest Dale Court','729-891-5361','dwestfrimleyu@twitpic.com'),(32,'Ingra Lavery','1 Merchant Avenue','815-554-8793','ilaveryv@vkontakte.ru'),(33,'Shaughn Seago','15 Arkansas Court','608-654-9528','sseagow@nyu.edu'),(34,'Courtenay Thompstone','2 Center Terrace','449-776-6788','cthompstonex@mayoclinic.com'),(35,'Thaddus Labusch','1979 Dennis Crossing','901-666-3193','tlabuschy@unicef.org'),(36,'Eustace Tilliard','14398 Blaine Point','124-469-2295','etilliardz@t.co'),(37,'Eydie Flescher','243 Granby Avenue','357-417-1566','eflescher10@sphinn.com'),(38,'Lissy Detoc','1036 Anthes Park','623-607-6454','ldetoc11@unblog.fr'),(39,'Nert Pingston','0 Garrison Hill','558-476-1828','npingston12@adobe.com'),(40,'Fern Geator','2793 Lawn Terrace','426-209-3712','fgeator13@mlb.com'),(41,'Abraham McSorley','7 Oxford Circle','917-674-6363','amcsorley14@buzzfeed.com'),(42,'Aldo Arington','0610 Lakewood Terrace','896-331-0855','aarington15@dell.com'),(43,'Merrilee Dainty','208 Acker Point','305-381-4155','mdainty16@wix.com'),(44,'Germayne Lyddon','2092 Lillian Place','885-617-8413','glyddon17@wix.com'),(45,'Foss Lamburne','23043 Dennis Court','817-122-4045','flamburne18@hubpages.com'),(46,'Berna Stenning','423 Dapin Terrace','648-502-7113','bstenning19@globo.com'),(47,'Clayson Arrault','9 Dexter Plaza','652-588-0362','carrault1a@imgur.com'),(48,'Gus Goutcher','56845 Paget Drive','978-691-5534','ggoutcher1b@unicef.org'),(49,'Margarethe Farr','578 Surrey Way','270-430-2091','mfarr1c@trellian.com'),(50,'Cale Mackin','415 Maryland Park','772-927-3038','cmackin1d@imageshack.us'),(51,'Torrin Griniov','666 Caliangt Drive','853-309-2340','tgriniov1e@skyrock.com'),(52,'Marnie Jaques','31 Butternut Pass','723-812-9849','mjaques1f@pbs.org'),(53,'Selig Roxburch','7 Sommers Crossing','180-556-8799','sroxburch1g@census.gov'),(54,'Prue Sinnat','176 Clarendon Center','127-743-9774','psinnat1h@miitbeian.gov.cn'),(55,'Wang Lauderdale','003 Mccormick Lane','836-156-3345','wlauderdale1i@google.it'),(56,'Valentino McCunn','5983 Mosinee Junction','356-135-9805','vmccunn1j@mysql.com'),(57,'Mayor Ottewill','877 Bultman Hill','282-353-5130','mottewill1k@nsw.gov.au'),(58,'Bambi Kunrad','75 Packers Lane','196-253-5233','bkunrad1l@unc.edu'),(59,'Selia O\' Dooley','0 Brickson Park Way','587-358-8764','so1m@wisc.edu'),(60,'Devonne Perrone','129 Logan Center','219-952-3813','dperrone1n@livejournal.com'),(61,'Trevor Huey','06 Fieldstone Pass','239-235-6583','thuey1o@soundcloud.com'),(62,'Ezmeralda Foggo','75 Sloan Drive','248-164-2942','efoggo1p@ucoz.com'),(63,'Hobart Bamlett','8 Elgar Drive','449-186-2001','hbamlett1q@angelfire.com'),(64,'Jami Norquay','6 Sommers Road','537-951-9698','jnorquay1r@google.com.au'),(65,'Nadeen Jenicke','3 Bayside Avenue','942-397-1462','njenicke1s@spotify.com'),(66,'Terra Colquhoun','98 Drewry Plaza','425-774-7826','tcolquhoun1t@umn.edu'),(67,'Betta Conre','7 Monica Terrace','647-660-9345','bconre1u@forbes.com'),(68,'Erminie Doelle','94 Milwaukee Street','813-817-4848','edoelle1v@eepurl.com'),(69,'Quintin Backshall','835 Carey Circle','931-956-2186','qbackshall1w@wiley.com'),(70,'Deidre Rootes','1 Oneill Way','728-241-0903','drootes1x@studiopress.com'),(71,'Bearnard Ounsworth','241 Ilene Point','329-628-3959','bounsworth1y@bigcartel.com'),(72,'Charmion Wattinham','4928 Mccormick Terrace','815-632-3617','cwattinham1z@gizmodo.com'),(73,'Alane Mercer','599 Everett Center','309-291-2685','amercer20@1und1.de'),(74,'Jackie Rosle','10 Nevada Point','382-171-0250','jrosle21@state.tx.us'),(75,'Antoni Batham','908 Jay Court','778-343-8685','abatham22@qq.com'),(76,'Orlan Armour','9507 Maple Point','617-337-3074','oarmour23@princeton.edu'),(77,'Lou McLenaghan','7418 Commercial Lane','365-615-0254','lmclenaghan24@reuters.com'),(78,'Carissa Matignon','73353 Sycamore Crossing','520-748-1991','cmatignon25@usa.gov'),(79,'Yoshiko Archbell','21 Marcy Plaza','954-713-9537','yarchbell26@tumblr.com'),(80,'Vinita Shoute','37168 East Parkway','517-523-8265','vshoute27@xing.com'),(81,'Arabella Dahle','03 Vermont Circle','414-778-6054','adahle28@businessinsider.com'),(82,'Stesha Starte','86 Buhler Trail','895-362-7241','sstarte29@netscape.com'),(83,'Jordon Alejandro','023 Center Drive','386-731-8980','jalejandro2a@rambler.ru'),(84,'Jory Emer','1 Green Ridge Junction','993-304-7718','jemer2b@walmart.com'),(85,'Marten Ashbee','874 Continental Road','540-795-2194','mashbee2c@cmu.edu'),(86,'Binky Crosscombe','37961 5th Court','909-587-2544','bcrosscombe2d@reuters.com'),(87,'Marylin McRobert','866 Memorial Circle','785-852-1508','mmcrobert2e@technorati.com'),(88,'Ozzy Sutherns','2851 Butternut Plaza','975-476-0630','osutherns2f@admin.ch'),(89,'Tobin Wison','68402 Lerdahl Road','294-713-4904','twison2g@multiply.com'),(90,'Filmore Duffree','63531 Hoepker Crossing','249-341-2726','fduffree2h@businessweek.com'),(91,'Hughie Outlaw','80 Carberry Park','851-413-2167','houtlaw2i@ucoz.ru'),(92,'Gilligan Brede','6 Derek Junction','720-659-1131','gbrede2j@alexa.com'),(93,'Becca M\'Quharge','9825 Morningstar Court','168-824-8775','bmquharge2k@statcounter.com'),(94,'Garrard Windrus','7972 Lake View Drive','673-813-3153','gwindrus2l@noaa.gov'),(95,'Francois Cattlemull','790 Brentwood Center','326-822-3733','fcattlemull2m@behance.net'),(96,'Eugenia Skermer','507 Toban Circle','507-383-0774','eskermer2n@mac.com'),(97,'Kip Robbie','34 Lunder Drive','945-853-1429','krobbie2o@slashdot.org'),(98,'Dorri Kubala','75 Roth Place','487-430-6916','dkubala2p@parallels.com'),(99,'Radcliffe Tolputt','410 Lakewood Hill','245-447-2563','rtolputt2q@youku.com'),(100,'Hobey Ruoss','50 Kensington Crossing','626-775-1241','hruoss2r@ovh.net');
/*!40000 ALTER TABLE `hrd` ENABLE KEYS */;
UNLOCK TABLES;

--
-- Table structure for table `materi_ajar`
--

DROP TABLE IF EXISTS `materi_ajar`;
/*!40101 SET @saved_cs_client     = @@character_set_client */;
/*!40101 SET character_set_client = utf8 */;
CREATE TABLE `materi_ajar` (
  `link_halaman` varchar(3000) NOT NULL,
  `judul_materi` varchar(50) DEFAULT NULL,
  `tugas_harian` varchar(50) DEFAULT NULL,
  PRIMARY KEY (`link_halaman`),
  CONSTRAINT `materi_ajar_ibfk_1` FOREIGN KEY (`link_halaman`) REFERENCES `blog` (`link_halaman`)
) ENGINE=InnoDB DEFAULT CHARSET=latin1;
/*!40101 SET character_set_client = @saved_cs_client */;

--
-- Dumping data for table `materi_ajar`
--

LOCK TABLES `materi_ajar` WRITE;
/*!40000 ALTER TABLE `materi_ajar` DISABLE KEYS */;
INSERT INTO `materi_ajar` (`link_halaman`, `judul_materi`, `tugas_harian`) VALUES ('http://about.com/justo/maecenas/rhoncus.png?ut=libero&odio=convallis&cras=eget&mi=eleifend&pede=luctus&malesuada=ultricies&in=eu&imperdiet=nibh&et=quisque&commodo=id&vulputate=justo&justo=sit&in=amet&blandit=sapien&ultrices=dignissim&enim=vestibulum&lorem=vestibulum&ipsum=ante&dolor=ipsum&sit=primis&amet=in&consectetuer=faucibus&adipiscing=orci&elit=luctus&proin=et&interdum=ultrices&mauris=posuere&non=cubilia&ligula=curae&pellentesque=nulla&ultrices=dapibus&phasellus=dolor&id=vel&sapien=est&in=donec&sapien=odio&iaculis=justo&congue=sollicitudin&vivamus=ut&metus=suscipit&arcu=a&adipiscing=feugiat&molestie=et&hendrerit=eros&at=vestibulum&vulputate=ac&vitae=est&nisl=lacinia','Open XML','FringillaRhoncus.tiff'),('http://addthis.com/condimentum.jsp?suspendisse=orci&ornare=nullam&consequat=molestie&lectus=nibh&in=in&est=lectus&risus=pellentesque&auctor=at&sed=nulla&tristique=suspendisse&in=potenti&tempus=cras&sit=in&amet=purus&sem=eu&fusce=magna&consequat=vulputate&nulla=luctus&nisl=cum&nunc=sociis&nisl=natoque&duis=penatibus&bibendum=et&felis=magnis&sed=dis&interdum=parturient&venenatis=montes&turpis=nascetur&enim=ridiculus&blandit=mus&mi=vivamus&in=vestibulum&porttitor=sagittis&pede=sapien&justo=cum&eu=sociis&massa=natoque&donec=penatibus&dapibus=et&duis=magnis&at=dis&velit=parturient&eu=montes&est=nascetur&congue=ridiculus&elementum=mus&in=etiam&hac=vel&habitasse=augue&platea=vestibulum&dictumst=rutrum&morbi=rutrum&vestibulum=neque&velit=aenean&id=auctor&pretium=gravida&iaculis=sem&diam=praesent&erat=id&fermentum=massa&justo=id&nec=nisl&condimentum=venenatis&neque=lacinia&sapien=aenean&placerat=sit&ante=amet','Early-stage Startups','AmetTurpisElementum.jpeg'),('http://altervista.org/eu/tincidunt/in.aspx?rutrum=nulla&at=suspendisse&lorem=potenti&integer=cras&tincidunt=in&ante=purus&vel=eu&ipsum=magna&praesent=vulputate&blandit=luctus&lacinia=cum&erat=sociis&vestibulum=natoque&sed=penatibus&magna=et&at=magnis&nunc=dis&commodo=parturient&placerat=montes&praesent=nascetur&blandit=ridiculus&nam=mus&nulla=vivamus&integer=vestibulum&pede=sagittis&justo=sapien&lacinia=cum&eget=sociis&tincidunt=natoque&eget=penatibus&tempus=et&vel=magnis&pede=dis&morbi=parturient','HSP','OdioJustoSollicitudin.tiff'),('http://angelfire.com/est.jpg?quam=ultrices&sapien=posuere&varius=cubilia&ut=curae&blandit=nulla&non=dapibus&interdum=dolor&in=vel&ante=est&vestibulum=donec&ante=odio&ipsum=justo&primis=sollicitudin&in=ut&faucibus=suscipit&orci=a&luctus=feugiat&et=et&ultrices=eros&posuere=vestibulum&cubilia=ac&curae=est&duis=lacinia&faucibus=nisi&accumsan=venenatis&odio=tristique&curabitur=fusce&convallis=congue&duis=diam&consequat=id&dui=ornare&nec=imperdiet&nisi=sapien&volutpat=urna&eleifend=pretium&donec=nisl&ut=ut&dolor=volutpat&morbi=sapien&vel=arcu&lectus=sed&in=augue&quam=aliquam&fringilla=erat&rhoncus=volutpat&mauris=in&enim=congue&leo=etiam&rhoncus=justo&sed=etiam&vestibulum=pretium&sit=iaculis&amet=justo&cursus=in&id=hac&turpis=habitasse&integer=platea&aliquet=dictumst&massa=etiam&id=faucibus&lobortis=cursus&convallis=urna&tortor=ut&risus=tellus&dapibus=nulla&augue=ut&vel=erat&accumsan=id&tellus=mauris&nisi=vulputate&eu=elementum&orci=nullam&mauris=varius&lacinia=nulla&sapien=facilisi&quis=cras&libero=non&nullam=velit&sit=nec&amet=nisi','SSRS','EtiamFaucibusCursus.tiff'),('http://arizona.edu/at/nibh/in.html?tempor=enim&convallis=leo&nulla=rhoncus&neque=sed&libero=vestibulum&convallis=sit&eget=amet&eleifend=cursus&luctus=id&ultricies=turpis&eu=integer&nibh=aliquet&quisque=massa&id=id&justo=lobortis&sit=convallis&amet=tortor&sapien=risus&dignissim=dapibus&vestibulum=augue&vestibulum=vel&ante=accumsan&ipsum=tellus&primis=nisi&in=eu&faucibus=orci&orci=mauris&luctus=lacinia&et=sapien&ultrices=quis&posuere=libero&cubilia=nullam&curae=sit&nulla=amet&dapibus=turpis&dolor=elementum&vel=ligula&est=vehicula&donec=consequat&odio=morbi&justo=a&sollicitudin=ipsum&ut=integer&suscipit=a&a=nibh&feugiat=in&et=quis&eros=justo&vestibulum=maecenas&ac=rhoncus&est=aliquam&lacinia=lacus&nisi=morbi&venenatis=quis&tristique=tortor','GSM','QuamTurpisAdipiscing.xls'),('http://arizona.edu/morbi/a/ipsum/integer/a/nibh/in.html?dolor=pharetra&vel=magna&est=vestibulum&donec=aliquet&odio=ultrices&justo=erat&sollicitudin=tortor&ut=sollicitudin&suscipit=mi&a=sit&feugiat=amet&et=lobortis&eros=sapien&vestibulum=sapien&ac=non&est=mi&lacinia=integer&nisi=ac&venenatis=neque&tristique=duis&fusce=bibendum&congue=morbi&diam=non&id=quam&ornare=nec&imperdiet=dui&sapien=luctus&urna=rutrum&pretium=nulla&nisl=tellus&ut=in&volutpat=sagittis&sapien=dui&arcu=vel&sed=nisl&augue=duis&aliquam=ac&erat=nibh&volutpat=fusce&in=lacus&congue=purus&etiam=aliquet&justo=at&etiam=feugiat&pretium=non&iaculis=pretium&justo=quis&in=lectus&hac=suspendisse&habitasse=potenti&platea=in&dictumst=eleifend&etiam=quam&faucibus=a&cursus=odio&urna=in&ut=hac&tellus=habitasse&nulla=platea&ut=dictumst&erat=maecenas&id=ut&mauris=massa&vulputate=quis&elementum=augue&nullam=luctus&varius=tincidunt&nulla=nulla&facilisi=mollis&cras=molestie&non=lorem&velit=quisque','CVA','TinciduntNullaMollis.jpeg'),('http://baidu.com/sollicitudin/vitae/consectetuer/eget/rutrum/at/lorem.json?morbi=id&vestibulum=lobortis&velit=convallis','HVAC Controls','DonecDapibus.avi'),('http://bbb.org/congue/risus.aspx?sapien=orci&iaculis=luctus&congue=et&vivamus=ultrices&metus=posuere&arcu=cubilia&adipiscing=curae&molestie=nulla&hendrerit=dapibus&at=dolor&vulputate=vel&vitae=est&nisl=donec&aenean=odio&lectus=justo&pellentesque=sollicitudin&eget=ut&nunc=suscipit&donec=a&quis=feugiat&orci=et&eget=eros&orci=vestibulum&vehicula=ac&condimentum=est&curabitur=lacinia&in=nisi&libero=venenatis&ut=tristique&massa=fusce&volutpat=congue&convallis=diam&morbi=id&odio=ornare&odio=imperdiet&elementum=sapien&eu=urna&interdum=pretium&eu=nisl&tincidunt=ut&in=volutpat&leo=sapien&maecenas=arcu&pulvinar=sed&lobortis=augue&est=aliquam&phasellus=erat&sit=volutpat&amet=in&erat=congue&nulla=etiam&tempus=justo&vivamus=etiam&in=pretium&felis=iaculis&eu=justo&sapien=in&cursus=hac&vestibulum=habitasse&proin=platea&eu=dictumst&mi=etiam&nulla=faucibus&ac=cursus&enim=urna&in=ut','Alarm Systems','Metus.tiff'),('http://blogger.com/ipsum/dolor/sit.png?odio=consequat&condimentum=lectus&id=in&luctus=est&nec=risus&molestie=auctor&sed=sed&justo=tristique&pellentesque=in&viverra=tempus&pede=sit&ac=amet&diam=sem&cras=fusce&pellentesque=consequat&volutpat=nulla&dui=nisl&maecenas=nunc&tristique=nisl&est=duis&et=bibendum&tempus=felis&semper=sed&est=interdum&quam=venenatis&pharetra=turpis&magna=enim&ac=blandit&consequat=mi&metus=in&sapien=porttitor&ut=pede&nunc=justo&vestibulum=eu&ante=massa&ipsum=donec&primis=dapibus&in=duis&faucibus=at&orci=velit&luctus=eu&et=est&ultrices=congue&posuere=elementum&cubilia=in&curae=hac&mauris=habitasse&viverra=platea&diam=dictumst&vitae=morbi&quam=vestibulum&suspendisse=velit&potenti=id&nullam=pretium&porttitor=iaculis&lacus=diam&at=erat&turpis=fermentum','FEM analysis','ConsectetuerAdipiscing.avi'),('http://blogger.com/risus/dapibus/augue/vel/accumsan/tellus.png?quis=lobortis&augue=convallis&luctus=tortor&tincidunt=risus&nulla=dapibus&mollis=augue&molestie=vel&lorem=accumsan&quisque=tellus&ut=nisi&erat=eu&curabitur=orci&gravida=mauris&nisi=lacinia&at=sapien&nibh=quis&in=libero&hac=nullam&habitasse=sit&platea=amet&dictumst=turpis&aliquam=elementum&augue=ligula&quam=vehicula&sollicitudin=consequat&vitae=morbi&consectetuer=a&eget=ipsum&rutrum=integer&at=a&lorem=nibh&integer=in&tincidunt=quis&ante=justo&vel=maecenas&ipsum=rhoncus&praesent=aliquam&blandit=lacus&lacinia=morbi&erat=quis&vestibulum=tortor&sed=id&magna=nulla&at=ultrices&nunc=aliquet&commodo=maecenas&placerat=leo&praesent=odio&blandit=condimentum&nam=id&nulla=luctus','FDM','GravidaSemPraesent.avi'),('http://buzzfeed.com/purus/eu/magna/vulputate.jsp?justo=amet&etiam=sapien&pretium=dignissim&iaculis=vestibulum&justo=vestibulum&in=ante&hac=ipsum&habitasse=primis&platea=in&dictumst=faucibus&etiam=orci&faucibus=luctus&cursus=et&urna=ultrices&ut=posuere&tellus=cubilia&nulla=curae&ut=nulla','Youth Entrepreneurship','Adipiscing.png'),('http://cocolog-nifty.com/scelerisque/mauris/sit/amet.png?vulputate=eros&elementum=vestibulum&nullam=ac&varius=est&nulla=lacinia&facilisi=nisi&cras=venenatis&non=tristique&velit=fusce&nec=congue&nisi=diam&vulputate=id&nonummy=ornare&maecenas=imperdiet&tincidunt=sapien&lacus=urna&at=pretium&velit=nisl&vivamus=ut&vel=volutpat&nulla=sapien&eget=arcu&eros=sed&elementum=augue&pellentesque=aliquam&quisque=erat&porta=volutpat&volutpat=in&erat=congue&quisque=etiam&erat=justo&eros=etiam&viverra=pretium&eget=iaculis&congue=justo&eget=in&semper=hac&rutrum=habitasse&nulla=platea&nunc=dictumst&purus=etiam&phasellus=faucibus&in=cursus&felis=urna&donec=ut&semper=tellus&sapien=nulla&a=ut&libero=erat&nam=id&dui=mauris&proin=vulputate&leo=elementum&odio=nullam&porttitor=varius&id=nulla&consequat=facilisi&in=cras&consequat=non&ut=velit&nulla=nec&sed=nisi&accumsan=vulputate&felis=nonummy&ut=maecenas&at=tincidunt&dolor=lacus&quis=at&odio=velit&consequat=vivamus&varius=vel&integer=nulla&ac=eget&leo=eros&pellentesque=elementum&ultrices=pellentesque&mattis=quisque&odio=porta&donec=volutpat&vitae=erat&nisi=quisque&nam=erat&ultrices=eros&libero=viverra&non=eget&mattis=congue&pulvinar=eget','DNA ligation','ParturientMontes.mp3'),('http://csmonitor.com/ut/massa/quis/augue/luctus/tincidunt.xml?vivamus=mauris&metus=vulputate&arcu=elementum&adipiscing=nullam&molestie=varius&hendrerit=nulla&at=facilisi&vulputate=cras&vitae=non&nisl=velit&aenean=nec&lectus=nisi&pellentesque=vulputate&eget=nonummy&nunc=maecenas&donec=tincidunt&quis=lacus&orci=at&eget=velit&orci=vivamus&vehicula=vel&condimentum=nulla&curabitur=eget&in=eros&libero=elementum&ut=pellentesque&massa=quisque&volutpat=porta&convallis=volutpat&morbi=erat&odio=quisque&odio=erat&elementum=eros&eu=viverra&interdum=eget&eu=congue&tincidunt=eget&in=semper&leo=rutrum&maecenas=nulla&pulvinar=nunc&lobortis=purus&est=phasellus&phasellus=in&sit=felis&amet=donec&erat=semper&nulla=sapien&tempus=a&vivamus=libero&in=nam&felis=dui&eu=proin&sapien=leo&cursus=odio&vestibulum=porttitor&proin=id&eu=consequat&mi=in&nulla=consequat&ac=ut&enim=nulla&in=sed&tempor=accumsan&turpis=felis&nec=ut&euismod=at&scelerisque=dolor&quam=quis&turpis=odio&adipiscing=consequat&lorem=varius&vitae=integer&mattis=ac&nibh=leo&ligula=pellentesque&nec=ultrices&sem=mattis&duis=odio&aliquam=donec&convallis=vitae&nunc=nisi&proin=nam&at=ultrices&turpis=libero&a=non&pede=mattis&posuere=pulvinar&nonummy=nulla&integer=pede','Wine Tasting','Nulla.mp3'),('http://dyndns.org/elementum/in/hac.html?lorem=praesent&ipsum=id&dolor=massa&sit=id&amet=nisl&consectetuer=venenatis&adipiscing=lacinia&elit=aenean&proin=sit&risus=amet&praesent=justo&lectus=morbi&vestibulum=ut&quam=odio&sapien=cras&varius=mi&ut=pede&blandit=malesuada&non=in&interdum=imperdiet&in=et&ante=commodo&vestibulum=vulputate&ante=justo&ipsum=in&primis=blandit&in=ultrices&faucibus=enim&orci=lorem&luctus=ipsum&et=dolor&ultrices=sit&posuere=amet&cubilia=consectetuer&curae=adipiscing&duis=elit&faucibus=proin&accumsan=interdum&odio=mauris&curabitur=non&convallis=ligula&duis=pellentesque&consequat=ultrices&dui=phasellus&nec=id&nisi=sapien&volutpat=in&eleifend=sapien&donec=iaculis&ut=congue&dolor=vivamus&morbi=metus&vel=arcu&lectus=adipiscing&in=molestie&quam=hendrerit&fringilla=at&rhoncus=vulputate&mauris=vitae&enim=nisl&leo=aenean&rhoncus=lectus&sed=pellentesque&vestibulum=eget&sit=nunc&amet=donec&cursus=quis&id=orci','CV','UltricesPosuereCubilia.ppt'),('http://ebay.com/id/luctus/nec/molestie/sed/justo/pellentesque.jsp?vestibulum=proin&proin=at&eu=turpis&mi=a&nulla=pede&ac=posuere&enim=nonummy&in=integer&tempor=non&turpis=velit&nec=donec&euismod=diam&scelerisque=neque&quam=vestibulum&turpis=eget&adipiscing=vulputate&lorem=ut&vitae=ultrices&mattis=vel&nibh=augue&ligula=vestibulum&nec=ante&sem=ipsum&duis=primis&aliquam=in&convallis=faucibus&nunc=orci&proin=luctus&at=et&turpis=ultrices&a=posuere&pede=cubilia&posuere=curae&nonummy=donec&integer=pharetra&non=magna&velit=vestibulum&donec=aliquet&diam=ultrices&neque=erat&vestibulum=tortor&eget=sollicitudin&vulputate=mi&ut=sit&ultrices=amet&vel=lobortis&augue=sapien&vestibulum=sapien&ante=non&ipsum=mi&primis=integer&in=ac&faucibus=neque&orci=duis&luctus=bibendum&et=morbi&ultrices=non&posuere=quam','XenClient','RhoncusDuiVel.png'),('http://ebay.com/volutpat/quam/pede/lobortis.png?vitae=tincidunt&ipsum=ante&aliquam=vel&non=ipsum&mauris=praesent&morbi=blandit&non=lacinia&lectus=erat&aliquam=vestibulum&sit=sed&amet=magna&diam=at&in=nunc&magna=commodo&bibendum=placerat&imperdiet=praesent&nullam=blandit&orci=nam&pede=nulla&venenatis=integer&non=pede&sodales=justo&sed=lacinia&tincidunt=eget&eu=tincidunt&felis=eget&fusce=tempus&posuere=vel&felis=pede&sed=morbi&lacus=porttitor&morbi=lorem&sem=id&mauris=ligula&laoreet=suspendisse&ut=ornare&rhoncus=consequat&aliquet=lectus&pulvinar=in&sed=est&nisl=risus&nunc=auctor&rhoncus=sed&dui=tristique&vel=in&sem=tempus&sed=sit&sagittis=amet&nam=sem&congue=fusce&risus=consequat&semper=nulla&porta=nisl&volutpat=nunc&quam=nisl&pede=duis','Fashion','Vel.tiff'),('http://ed.gov/sit/amet/turpis/elementum/ligula/vehicula.js?dictumst=ligula&etiam=vehicula&faucibus=consequat&cursus=morbi&urna=a&ut=ipsum&tellus=integer&nulla=a&ut=nibh&erat=in&id=quis&mauris=justo&vulputate=maecenas&elementum=rhoncus&nullam=aliquam&varius=lacus&nulla=morbi&facilisi=quis','Inspection','VivamusIn.gif'),('http://flavors.me/venenatis/turpis/enim/blandit/mi/in.js?vel=posuere&nulla=cubilia&eget=curae&eros=donec&elementum=pharetra&pellentesque=magna&quisque=vestibulum&porta=aliquet&volutpat=ultrices&erat=erat&quisque=tortor&erat=sollicitudin&eros=mi&viverra=sit&eget=amet&congue=lobortis&eget=sapien&semper=sapien&rutrum=non&nulla=mi&nunc=integer&purus=ac&phasellus=neque&in=duis&felis=bibendum&donec=morbi&semper=non&sapien=quam&a=nec&libero=dui&nam=luctus&dui=rutrum&proin=nulla&leo=tellus&odio=in&porttitor=sagittis&id=dui&consequat=vel&in=nisl&consequat=duis&ut=ac&nulla=nibh&sed=fusce&accumsan=lacus&felis=purus&ut=aliquet&at=at&dolor=feugiat&quis=non&odio=pretium&consequat=quis&varius=lectus&integer=suspendisse&ac=potenti&leo=in&pellentesque=eleifend&ultrices=quam&mattis=a&odio=odio&donec=in&vitae=hac&nisi=habitasse&nam=platea&ultrices=dictumst&libero=maecenas&non=ut&mattis=massa&pulvinar=quis&nulla=augue&pede=luctus&ullamcorper=tincidunt&augue=nulla&a=mollis&suscipit=molestie&nulla=lorem&elit=quisque&ac=ut&nulla=erat&sed=curabitur&vel=gravida&enim=nisi&sit=at&amet=nibh','SMT Kingdom','Enim.mp3'),('http://freewebs.com/quis/odio/consequat.jpg?massa=volutpat&id=dui&nisl=maecenas&venenatis=tristique&lacinia=est&aenean=et&sit=tempus&amet=semper&justo=est&morbi=quam&ut=pharetra&odio=magna&cras=ac&mi=consequat&pede=metus&malesuada=sapien&in=ut&imperdiet=nunc&et=vestibulum&commodo=ante&vulputate=ipsum&justo=primis&in=in&blandit=faucibus&ultrices=orci&enim=luctus','Style Guides','Congue.jpeg'),('http://ftc.gov/platea/dictumst/morbi.html?mauris=id&laoreet=turpis&ut=integer&rhoncus=aliquet&aliquet=massa&pulvinar=id&sed=lobortis&nisl=convallis&nunc=tortor&rhoncus=risus&dui=dapibus&vel=augue','EFQM Excellence Model','ConvallisNulla.doc'),('http://goo.gl/dictumst/morbi/vestibulum/velit/id/pretium/iaculis.json?sit=cras&amet=non&eleifend=velit&pede=nec&libero=nisi&quis=vulputate&orci=nonummy&nullam=maecenas&molestie=tincidunt&nibh=lacus&in=at','Outsourcing','MiIntegerAc.ppt'),('http://goo.ne.jp/ut.html?ut=vel&suscipit=lectus&a=in&feugiat=quam&et=fringilla&eros=rhoncus&vestibulum=mauris&ac=enim&est=leo&lacinia=rhoncus&nisi=sed','Experion PKS','IaculisDiam.xls'),('http://google.com.au/nibh/ligula/nec/sem/duis.js?suscipit=nisi&a=venenatis&feugiat=tristique&et=fusce&eros=congue&vestibulum=diam&ac=id&est=ornare&lacinia=imperdiet','Dhcpd','InLibero.xls'),('http://google.com/quam/sapien.jpg?blandit=sem&ultrices=praesent&enim=id&lorem=massa&ipsum=id&dolor=nisl&sit=venenatis&amet=lacinia&consectetuer=aenean&adipiscing=sit&elit=amet','IBM AIX','LiberoNamDui.ppt'),('http://google.pl/phasellus.aspx?hendrerit=vel&at=accumsan&vulputate=tellus&vitae=nisi&nisl=eu&aenean=orci&lectus=mauris&pellentesque=lacinia&eget=sapien&nunc=quis&donec=libero&quis=nullam&orci=sit&eget=amet&orci=turpis&vehicula=elementum&condimentum=ligula&curabitur=vehicula&in=consequat&libero=morbi&ut=a&massa=ipsum&volutpat=integer&convallis=a&morbi=nibh&odio=in&odio=quis&elementum=justo&eu=maecenas&interdum=rhoncus&eu=aliquam&tincidunt=lacus&in=morbi&leo=quis&maecenas=tortor&pulvinar=id&lobortis=nulla&est=ultrices&phasellus=aliquet&sit=maecenas&amet=leo&erat=odio&nulla=condimentum&tempus=id&vivamus=luctus&in=nec&felis=molestie&eu=sed&sapien=justo&cursus=pellentesque&vestibulum=viverra&proin=pede&eu=ac&mi=diam&nulla=cras&ac=pellentesque&enim=volutpat&in=dui&tempor=maecenas&turpis=tristique&nec=est&euismod=et&scelerisque=tempus&quam=semper&turpis=est&adipiscing=quam&lorem=pharetra&vitae=magna&mattis=ac&nibh=consequat&ligula=metus&nec=sapien&sem=ut&duis=nunc&aliquam=vestibulum&convallis=ante&nunc=ipsum&proin=primis&at=in&turpis=faucibus&a=orci','NNMi','Duis.mov'),('http://harvard.edu/mi/pede/malesuada.xml?eros=nibh&vestibulum=in&ac=quis&est=justo&lacinia=maecenas&nisi=rhoncus&venenatis=aliquam&tristique=lacus&fusce=morbi&congue=quis&diam=tortor&id=id&ornare=nulla&imperdiet=ultrices&sapien=aliquet&urna=maecenas&pretium=leo&nisl=odio&ut=condimentum&volutpat=id&sapien=luctus&arcu=nec&sed=molestie&augue=sed&aliquam=justo&erat=pellentesque&volutpat=viverra&in=pede&congue=ac&etiam=diam&justo=cras&etiam=pellentesque&pretium=volutpat&iaculis=dui&justo=maecenas&in=tristique&hac=est&habitasse=et&platea=tempus&dictumst=semper&etiam=est&faucibus=quam&cursus=pharetra&urna=magna&ut=ac&tellus=consequat&nulla=metus&ut=sapien&erat=ut&id=nunc&mauris=vestibulum&vulputate=ante&elementum=ipsum&nullam=primis&varius=in&nulla=faucibus&facilisi=orci&cras=luctus&non=et&velit=ultrices&nec=posuere&nisi=cubilia&vulputate=curae&nonummy=mauris&maecenas=viverra&tincidunt=diam&lacus=vitae&at=quam&velit=suspendisse&vivamus=potenti&vel=nullam&nulla=porttitor&eget=lacus&eros=at&elementum=turpis&pellentesque=donec&quisque=posuere&porta=metus&volutpat=vitae&erat=ipsum&quisque=aliquam&erat=non&eros=mauris&viverra=morbi&eget=non&congue=lectus&eget=aliquam&semper=sit&rutrum=amet&nulla=diam&nunc=in&purus=magna&phasellus=bibendum&in=imperdiet&felis=nullam&donec=orci&semper=pede&sapien=venenatis&a=non&libero=sodales','Tax Law','Nec.mp3'),('http://howstuffworks.com/dui/proin/leo.json?potenti=elementum&nullam=nullam&porttitor=varius&lacus=nulla&at=facilisi&turpis=cras&donec=non&posuere=velit&metus=nec&vitae=nisi&ipsum=vulputate&aliquam=nonummy&non=maecenas&mauris=tincidunt&morbi=lacus&non=at&lectus=velit&aliquam=vivamus&sit=vel&amet=nulla&diam=eget&in=eros&magna=elementum&bibendum=pellentesque&imperdiet=quisque&nullam=porta&orci=volutpat&pede=erat&venenatis=quisque&non=erat&sodales=eros&sed=viverra&tincidunt=eget&eu=congue&felis=eget&fusce=semper&posuere=rutrum&felis=nulla&sed=nunc&lacus=purus&morbi=phasellus&sem=in&mauris=felis&laoreet=donec&ut=semper&rhoncus=sapien&aliquet=a&pulvinar=libero&sed=nam&nisl=dui&nunc=proin&rhoncus=leo&dui=odio&vel=porttitor&sem=id&sed=consequat','Yamaha M7CL','Orci.ppt'),('http://jalbum.net/scelerisque/quam/turpis/adipiscing/lorem/vitae/mattis.jpg?libero=risus&ut=praesent&massa=lectus&volutpat=vestibulum&convallis=quam&morbi=sapien&odio=varius&odio=ut&elementum=blandit&eu=non&interdum=interdum&eu=in&tincidunt=ante&in=vestibulum&leo=ante&maecenas=ipsum&pulvinar=primis&lobortis=in&est=faucibus','Motivational Interviewing','ImperdietNullamOrci.doc'),('http://japanpost.jp/magna/at/nunc/commodo/placerat.aspx?pulvinar=eleifend&lobortis=donec&est=ut&phasellus=dolor&sit=morbi&amet=vel&erat=lectus&nulla=in&tempus=quam&vivamus=fringilla&in=rhoncus&felis=mauris&eu=enim&sapien=leo&cursus=rhoncus&vestibulum=sed&proin=vestibulum&eu=sit&mi=amet&nulla=cursus&ac=id&enim=turpis&in=integer&tempor=aliquet&turpis=massa&nec=id&euismod=lobortis&scelerisque=convallis&quam=tortor&turpis=risus&adipiscing=dapibus&lorem=augue&vitae=vel&mattis=accumsan&nibh=tellus&ligula=nisi&nec=eu&sem=orci&duis=mauris&aliquam=lacinia&convallis=sapien&nunc=quis&proin=libero&at=nullam&turpis=sit&a=amet&pede=turpis&posuere=elementum&nonummy=ligula&integer=vehicula&non=consequat&velit=morbi&donec=a&diam=ipsum&neque=integer&vestibulum=a&eget=nibh&vulputate=in&ut=quis&ultrices=justo&vel=maecenas&augue=rhoncus&vestibulum=aliquam&ante=lacus&ipsum=morbi&primis=quis&in=tortor&faucibus=id&orci=nulla&luctus=ultrices&et=aliquet&ultrices=maecenas&posuere=leo&cubilia=odio&curae=condimentum&donec=id&pharetra=luctus&magna=nec&vestibulum=molestie&aliquet=sed&ultrices=justo&erat=pellentesque&tortor=viverra&sollicitudin=pede&mi=ac&sit=diam&amet=cras&lobortis=pellentesque&sapien=volutpat&sapien=dui&non=maecenas&mi=tristique&integer=est','Oxides','MaecenasTristiqueEst.mp3'),('http://mozilla.com/vitae/ipsum.json?nulla=tempus&neque=vel&libero=pede&convallis=morbi&eget=porttitor&eleifend=lorem&luctus=id&ultricies=ligula&eu=suspendisse&nibh=ornare&quisque=consequat&id=lectus&justo=in&sit=est&amet=risus&sapien=auctor&dignissim=sed&vestibulum=tristique&vestibulum=in&ante=tempus','PSD','IdNullaUltrices.png'),('http://netscape.com/molestie/hendrerit/at/vulputate.png?pede=molestie&lobortis=sed&ligula=justo&sit=pellentesque&amet=viverra&eleifend=pede&pede=ac&libero=diam&quis=cras&orci=pellentesque&nullam=volutpat&molestie=dui&nibh=maecenas&in=tristique&lectus=est&pellentesque=et&at=tempus&nulla=semper&suspendisse=est&potenti=quam&cras=pharetra&in=magna&purus=ac&eu=consequat&magna=metus&vulputate=sapien&luctus=ut&cum=nunc&sociis=vestibulum&natoque=ante&penatibus=ipsum&et=primis&magnis=in&dis=faucibus&parturient=orci&montes=luctus&nascetur=et&ridiculus=ultrices&mus=posuere&vivamus=cubilia&vestibulum=curae&sagittis=mauris&sapien=viverra&cum=diam&sociis=vitae&natoque=quam&penatibus=suspendisse&et=potenti&magnis=nullam&dis=porttitor&parturient=lacus&montes=at&nascetur=turpis&ridiculus=donec&mus=posuere&etiam=metus&vel=vitae&augue=ipsum&vestibulum=aliquam&rutrum=non&rutrum=mauris&neque=morbi&aenean=non&auctor=lectus&gravida=aliquam&sem=sit&praesent=amet&id=diam&massa=in&id=magna&nisl=bibendum&venenatis=imperdiet&lacinia=nullam&aenean=orci&sit=pede&amet=venenatis&justo=non&morbi=sodales&ut=sed&odio=tincidunt&cras=eu&mi=felis&pede=fusce&malesuada=posuere&in=felis&imperdiet=sed&et=lacus&commodo=morbi&vulputate=sem&justo=mauris&in=laoreet&blandit=ut&ultrices=rhoncus&enim=aliquet&lorem=pulvinar&ipsum=sed&dolor=nisl&sit=nunc&amet=rhoncus&consectetuer=dui','CCP','Vivamus.jpeg'),('http://netvibes.com/in/lacus.html?pede=enim&morbi=lorem&porttitor=ipsum&lorem=dolor&id=sit&ligula=amet&suspendisse=consectetuer&ornare=adipiscing&consequat=elit&lectus=proin&in=interdum&est=mauris&risus=non&auctor=ligula&sed=pellentesque&tristique=ultrices&in=phasellus&tempus=id&sit=sapien&amet=in&sem=sapien&fusce=iaculis&consequat=congue&nulla=vivamus&nisl=metus&nunc=arcu&nisl=adipiscing&duis=molestie&bibendum=hendrerit&felis=at&sed=vulputate&interdum=vitae&venenatis=nisl&turpis=aenean&enim=lectus&blandit=pellentesque&mi=eget&in=nunc&porttitor=donec&pede=quis&justo=orci&eu=eget&massa=orci&donec=vehicula&dapibus=condimentum&duis=curabitur&at=in&velit=libero&eu=ut&est=massa&congue=volutpat&elementum=convallis&in=morbi&hac=odio&habitasse=odio&platea=elementum&dictumst=eu&morbi=interdum&vestibulum=eu&velit=tincidunt&id=in&pretium=leo','MDA','FeugiatEtEros.mp3'),('http://nifty.com/et/magnis/dis/parturient/montes.html?aliquam=leo&erat=odio&volutpat=condimentum&in=id&congue=luctus&etiam=nec&justo=molestie&etiam=sed&pretium=justo&iaculis=pellentesque&justo=viverra&in=pede&hac=ac&habitasse=diam&platea=cras&dictumst=pellentesque&etiam=volutpat&faucibus=dui&cursus=maecenas&urna=tristique&ut=est&tellus=et&nulla=tempus&ut=semper&erat=est','Gyrokinesis','At.ppt'),('http://nyu.edu/sapien/iaculis/congue.json?pede=dolor&posuere=morbi&nonummy=vel&integer=lectus&non=in&velit=quam&donec=fringilla&diam=rhoncus&neque=mauris&vestibulum=enim&eget=leo&vulputate=rhoncus&ut=sed&ultrices=vestibulum&vel=sit&augue=amet&vestibulum=cursus&ante=id&ipsum=turpis&primis=integer&in=aliquet&faucibus=massa&orci=id&luctus=lobortis&et=convallis&ultrices=tortor&posuere=risus&cubilia=dapibus&curae=augue&donec=vel&pharetra=accumsan&magna=tellus&vestibulum=nisi&aliquet=eu&ultrices=orci&erat=mauris&tortor=lacinia&sollicitudin=sapien&mi=quis&sit=libero&amet=nullam&lobortis=sit&sapien=amet&sapien=turpis&non=elementum&mi=ligula&integer=vehicula&ac=consequat&neque=morbi','Small Business Marketing','DonecDapibusDuis.avi'),('http://oaic.gov.au/turpis/eget/elit/sodales/scelerisque/mauris.png?condimentum=mauris&neque=morbi&sapien=non&placerat=lectus&ante=aliquam&nulla=sit&justo=amet&aliquam=diam&quis=in&turpis=magna&eget=bibendum&elit=imperdiet&sodales=nullam&scelerisque=orci&mauris=pede&sit=venenatis&amet=non&eros=sodales&suspendisse=sed&accumsan=tincidunt&tortor=eu&quis=felis&turpis=fusce&sed=posuere&ante=felis&vivamus=sed&tortor=lacus&duis=morbi&mattis=sem&egestas=mauris&metus=laoreet&aenean=ut&fermentum=rhoncus&donec=aliquet&ut=pulvinar&mauris=sed&eget=nisl&massa=nunc','Jiu-Jitsu','Pellentesque.mp3'),('http://oakley.com/quam/pede/lobortis/ligula/sit/amet/eleifend.html?at=vivamus&nibh=tortor&in=duis&hac=mattis&habitasse=egestas&platea=metus&dictumst=aenean&aliquam=fermentum&augue=donec&quam=ut&sollicitudin=mauris&vitae=eget&consectetuer=massa&eget=tempor&rutrum=convallis&at=nulla&lorem=neque&integer=libero&tincidunt=convallis&ante=eget&vel=eleifend&ipsum=luctus&praesent=ultricies&blandit=eu&lacinia=nibh&erat=quisque&vestibulum=id&sed=justo&magna=sit&at=amet&nunc=sapien&commodo=dignissim&placerat=vestibulum&praesent=vestibulum&blandit=ante&nam=ipsum&nulla=primis&integer=in&pede=faucibus&justo=orci&lacinia=luctus&eget=et&tincidunt=ultrices&eget=posuere&tempus=cubilia&vel=curae&pede=nulla&morbi=dapibus&porttitor=dolor&lorem=vel&id=est&ligula=donec&suspendisse=odio&ornare=justo&consequat=sollicitudin&lectus=ut&in=suscipit&est=a&risus=feugiat&auctor=et&sed=eros&tristique=vestibulum&in=ac&tempus=est&sit=lacinia&amet=nisi&sem=venenatis&fusce=tristique&consequat=fusce&nulla=congue&nisl=diam&nunc=id&nisl=ornare','VRF','Nulla.xls'),('http://parallels.com/posuere/metus/vitae/ipsum/aliquam/non.png?a=consequat&nibh=in&in=consequat&quis=ut&justo=nulla&maecenas=sed&rhoncus=accumsan&aliquam=felis&lacus=ut&morbi=at&quis=dolor&tortor=quis','Lubricants','TurpisIntegerAliquet.mpeg'),('http://phoca.cz/eget/eleifend/luctus/ultricies.json?nulla=parturient&tellus=montes&in=nascetur&sagittis=ridiculus&dui=mus&vel=vivamus&nisl=vestibulum&duis=sagittis&ac=sapien&nibh=cum&fusce=sociis&lacus=natoque&purus=penatibus&aliquet=et&at=magnis&feugiat=dis&non=parturient&pretium=montes&quis=nascetur&lectus=ridiculus&suspendisse=mus&potenti=etiam&in=vel&eleifend=augue&quam=vestibulum&a=rutrum&odio=rutrum&in=neque&hac=aenean&habitasse=auctor&platea=gravida&dictumst=sem&maecenas=praesent&ut=id&massa=massa&quis=id&augue=nisl&luctus=venenatis&tincidunt=lacinia&nulla=aenean&mollis=sit&molestie=amet&lorem=justo&quisque=morbi&ut=ut&erat=odio&curabitur=cras&gravida=mi&nisi=pede&at=malesuada&nibh=in&in=imperdiet&hac=et&habitasse=commodo&platea=vulputate&dictumst=justo&aliquam=in&augue=blandit&quam=ultrices&sollicitudin=enim&vitae=lorem&consectetuer=ipsum&eget=dolor&rutrum=sit&at=amet&lorem=consectetuer&integer=adipiscing&tincidunt=elit&ante=proin&vel=interdum&ipsum=mauris&praesent=non&blandit=ligula&lacinia=pellentesque&erat=ultrices&vestibulum=phasellus&sed=id&magna=sapien&at=in&nunc=sapien&commodo=iaculis&placerat=congue&praesent=vivamus&blandit=metus&nam=arcu&nulla=adipiscing&integer=molestie&pede=hendrerit&justo=at&lacinia=vulputate&eget=vitae&tincidunt=nisl&eget=aenean&tempus=lectus&vel=pellentesque&pede=eget&morbi=nunc&porttitor=donec&lorem=quis&id=orci','Kindergarten','Est.png'),('http://quantcast.com/amet/cursus/id/turpis.xml?eget=sed&tempus=vestibulum&vel=sit&pede=amet&morbi=cursus&porttitor=id&lorem=turpis&id=integer&ligula=aliquet&suspendisse=massa&ornare=id&consequat=lobortis&lectus=convallis&in=tortor&est=risus&risus=dapibus&auctor=augue&sed=vel&tristique=accumsan&in=tellus&tempus=nisi&sit=eu&amet=orci&sem=mauris&fusce=lacinia&consequat=sapien&nulla=quis&nisl=libero&nunc=nullam&nisl=sit&duis=amet&bibendum=turpis&felis=elementum&sed=ligula&interdum=vehicula&venenatis=consequat&turpis=morbi&enim=a&blandit=ipsum&mi=integer&in=a&porttitor=nibh&pede=in&justo=quis&eu=justo&massa=maecenas&donec=rhoncus&dapibus=aliquam&duis=lacus&at=morbi&velit=quis&eu=tortor&est=id&congue=nulla&elementum=ultrices&in=aliquet&hac=maecenas&habitasse=leo&platea=odio&dictumst=condimentum&morbi=id&vestibulum=luctus&velit=nec&id=molestie&pretium=sed&iaculis=justo&diam=pellentesque&erat=viverra&fermentum=pede&justo=ac&nec=diam&condimentum=cras&neque=pellentesque&sapien=volutpat&placerat=dui&ante=maecenas&nulla=tristique&justo=est&aliquam=et&quis=tempus&turpis=semper&eget=est&elit=quam&sodales=pharetra&scelerisque=magna&mauris=ac&sit=consequat&amet=metus&eros=sapien','FM','LaoreetUtRhoncus.mp3'),('http://shinystat.com/non/ligula/pellentesque/ultrices/phasellus/id.xml?mattis=maecenas&egestas=pulvinar&metus=lobortis&aenean=est&fermentum=phasellus&donec=sit&ut=amet&mauris=erat&eget=nulla&massa=tempus&tempor=vivamus&convallis=in&nulla=felis&neque=eu&libero=sapien&convallis=cursus&eget=vestibulum&eleifend=proin&luctus=eu&ultricies=mi&eu=nulla&nibh=ac&quisque=enim&id=in&justo=tempor&sit=turpis&amet=nec&sapien=euismod&dignissim=scelerisque&vestibulum=quam&vestibulum=turpis&ante=adipiscing&ipsum=lorem&primis=vitae&in=mattis&faucibus=nibh&orci=ligula&luctus=nec&et=sem&ultrices=duis&posuere=aliquam&cubilia=convallis&curae=nunc&nulla=proin&dapibus=at&dolor=turpis&vel=a&est=pede&donec=posuere&odio=nonummy&justo=integer&sollicitudin=non&ut=velit&suscipit=donec&a=diam&feugiat=neque&et=vestibulum&eros=eget&vestibulum=vulputate&ac=ut&est=ultrices&lacinia=vel&nisi=augue&venenatis=vestibulum&tristique=ante&fusce=ipsum','Electrical Design','TellusIn.png'),('http://shutterfly.com/ipsum/primis/in/faucibus/orci/luctus/et.xml?eu=nulla&mi=mollis&nulla=molestie&ac=lorem&enim=quisque&in=ut&tempor=erat&turpis=curabitur&nec=gravida&euismod=nisi&scelerisque=at&quam=nibh&turpis=in&adipiscing=hac&lorem=habitasse&vitae=platea&mattis=dictumst&nibh=aliquam&ligula=augue&nec=quam&sem=sollicitudin&duis=vitae&aliquam=consectetuer&convallis=eget&nunc=rutrum&proin=at&at=lorem&turpis=integer&a=tincidunt&pede=ante&posuere=vel&nonummy=ipsum&integer=praesent&non=blandit&velit=lacinia&donec=erat&diam=vestibulum&neque=sed&vestibulum=magna&eget=at&vulputate=nunc&ut=commodo&ultrices=placerat&vel=praesent&augue=blandit&vestibulum=nam&ante=nulla&ipsum=integer&primis=pede&in=justo&faucibus=lacinia&orci=eget&luctus=tincidunt&et=eget&ultrices=tempus','Zultys','LacusMorbi.txt'),('http://skyrock.com/augue/aliquam/erat/volutpat/in/congue.xml?pharetra=lacinia&magna=aenean&ac=sit&consequat=amet&metus=justo&sapien=morbi&ut=ut&nunc=odio&vestibulum=cras&ante=mi&ipsum=pede&primis=malesuada&in=in&faucibus=imperdiet&orci=et&luctus=commodo&et=vulputate&ultrices=justo&posuere=in&cubilia=blandit&curae=ultrices&mauris=enim&viverra=lorem&diam=ipsum&vitae=dolor&quam=sit&suspendisse=amet&potenti=consectetuer&nullam=adipiscing&porttitor=elit&lacus=proin&at=interdum&turpis=mauris&donec=non&posuere=ligula&metus=pellentesque&vitae=ultrices&ipsum=phasellus&aliquam=id&non=sapien&mauris=in&morbi=sapien&non=iaculis&lectus=congue','Federal Government','IpsumAc.avi'),('http://skyrock.com/in/blandit/ultrices.png?nisl=volutpat&duis=convallis&bibendum=morbi&felis=odio&sed=odio&interdum=elementum&venenatis=eu&turpis=interdum&enim=eu&blandit=tincidunt&mi=in&in=leo&porttitor=maecenas&pede=pulvinar&justo=lobortis&eu=est&massa=phasellus&donec=sit&dapibus=amet&duis=erat&at=nulla&velit=tempus&eu=vivamus&est=in&congue=felis&elementum=eu&in=sapien&hac=cursus&habitasse=vestibulum&platea=proin&dictumst=eu&morbi=mi&vestibulum=nulla&velit=ac&id=enim&pretium=in&iaculis=tempor&diam=turpis','Music Education','QuisqueUt.xls'),('http://skyrock.com/lacus.jpg?elit=orci&proin=mauris&risus=lacinia&praesent=sapien&lectus=quis&vestibulum=libero&quam=nullam&sapien=sit&varius=amet&ut=turpis&blandit=elementum&non=ligula&interdum=vehicula&in=consequat&ante=morbi&vestibulum=a&ante=ipsum&ipsum=integer&primis=a&in=nibh&faucibus=in&orci=quis&luctus=justo&et=maecenas&ultrices=rhoncus&posuere=aliquam&cubilia=lacus&curae=morbi&duis=quis&faucibus=tortor&accumsan=id&odio=nulla&curabitur=ultrices&convallis=aliquet&duis=maecenas&consequat=leo&dui=odio&nec=condimentum&nisi=id&volutpat=luctus&eleifend=nec&donec=molestie&ut=sed&dolor=justo&morbi=pellentesque&vel=viverra&lectus=pede&in=ac&quam=diam&fringilla=cras&rhoncus=pellentesque&mauris=volutpat&enim=dui&leo=maecenas&rhoncus=tristique&sed=est&vestibulum=et&sit=tempus&amet=semper&cursus=est&id=quam','Human Anatomy','Posuere.xls'),('http://spiegel.de/praesent/blandit/lacinia/erat/vestibulum/sed.html?ac=morbi&neque=ut&duis=odio&bibendum=cras&morbi=mi&non=pede&quam=malesuada&nec=in&dui=imperdiet&luctus=et&rutrum=commodo&nulla=vulputate&tellus=justo&in=in&sagittis=blandit&dui=ultrices&vel=enim&nisl=lorem&duis=ipsum&ac=dolor&nibh=sit&fusce=amet&lacus=consectetuer&purus=adipiscing&aliquet=elit&at=proin&feugiat=interdum&non=mauris&pretium=non&quis=ligula&lectus=pellentesque&suspendisse=ultrices&potenti=phasellus','Zenworks','VolutpatSapien.xls'),('http://springer.com/luctus/cum/sociis.aspx?ut=blandit&rhoncus=mi&aliquet=in&pulvinar=porttitor&sed=pede&nisl=justo&nunc=eu&rhoncus=massa&dui=donec&vel=dapibus&sem=duis&sed=at&sagittis=velit&nam=eu&congue=est&risus=congue&semper=elementum&porta=in&volutpat=hac&quam=habitasse&pede=platea&lobortis=dictumst&ligula=morbi&sit=vestibulum&amet=velit&eleifend=id&pede=pretium&libero=iaculis&quis=diam','Statistics','RhoncusSedVestibulum.avi'),('http://stumbleupon.com/ipsum/primis/in.aspx?ante=tortor&ipsum=sollicitudin&primis=mi&in=sit&faucibus=amet&orci=lobortis&luctus=sapien&et=sapien&ultrices=non&posuere=mi&cubilia=integer&curae=ac&donec=neque&pharetra=duis&magna=bibendum&vestibulum=morbi&aliquet=non&ultrices=quam&erat=nec&tortor=dui&sollicitudin=luctus&mi=rutrum&sit=nulla&amet=tellus&lobortis=in&sapien=sagittis&sapien=dui&non=vel&mi=nisl&integer=duis&ac=ac&neque=nibh&duis=fusce&bibendum=lacus','IQMS','SapienSapienNon.jpeg'),('http://technorati.com/et/magnis/dis/parturient.jsp?id=id&massa=ornare&id=imperdiet&nisl=sapien&venenatis=urna&lacinia=pretium&aenean=nisl&sit=ut&amet=volutpat&justo=sapien&morbi=arcu&ut=sed&odio=augue&cras=aliquam&mi=erat&pede=volutpat&malesuada=in&in=congue&imperdiet=etiam&et=justo&commodo=etiam&vulputate=pretium&justo=iaculis&in=justo&blandit=in&ultrices=hac&enim=habitasse&lorem=platea&ipsum=dictumst&dolor=etiam&sit=faucibus&amet=cursus&consectetuer=urna&adipiscing=ut&elit=tellus&proin=nulla&interdum=ut&mauris=erat&non=id&ligula=mauris&pellentesque=vulputate&ultrices=elementum&phasellus=nullam&id=varius&sapien=nulla&in=facilisi&sapien=cras&iaculis=non&congue=velit&vivamus=nec&metus=nisi&arcu=vulputate&adipiscing=nonummy&molestie=maecenas&hendrerit=tincidunt','Olive Oil','Molestie.ppt'),('http://themeforest.net/hac/habitasse/platea/dictumst/etiam.png?nisi=dolor&venenatis=morbi&tristique=vel','Gas','NullamPorttitorLacus.ppt'),('http://timesonline.co.uk/tellus/nulla/ut/erat/id/mauris.js?sit=volutpat&amet=erat&consectetuer=quisque&adipiscing=erat','Microsoft Excel','NullaUtErat.tiff'),('http://toplist.cz/varius.xml?massa=diam&donec=cras&dapibus=pellentesque&duis=volutpat&at=dui&velit=maecenas&eu=tristique&est=est&congue=et&elementum=tempus&in=semper&hac=est&habitasse=quam&platea=pharetra&dictumst=magna&morbi=ac&vestibulum=consequat&velit=metus&id=sapien&pretium=ut&iaculis=nunc&diam=vestibulum&erat=ante&fermentum=ipsum&justo=primis&nec=in&condimentum=faucibus&neque=orci&sapien=luctus&placerat=et&ante=ultrices&nulla=posuere&justo=cubilia&aliquam=curae&quis=mauris&turpis=viverra&eget=diam&elit=vitae&sodales=quam&scelerisque=suspendisse&mauris=potenti&sit=nullam&amet=porttitor&eros=lacus&suspendisse=at&accumsan=turpis&tortor=donec&quis=posuere&turpis=metus&sed=vitae&ante=ipsum&vivamus=aliquam&tortor=non&duis=mauris&mattis=morbi&egestas=non&metus=lectus&aenean=aliquam&fermentum=sit&donec=amet&ut=diam&mauris=in&eget=magna&massa=bibendum&tempor=imperdiet&convallis=nullam&nulla=orci&neque=pede','CFIA','Turpis.avi'),('http://tripod.com/pulvinar.aspx?proin=donec&at=posuere&turpis=metus&a=vitae&pede=ipsum&posuere=aliquam&nonummy=non&integer=mauris&non=morbi&velit=non&donec=lectus&diam=aliquam&neque=sit&vestibulum=amet&eget=diam&vulputate=in&ut=magna&ultrices=bibendum&vel=imperdiet&augue=nullam&vestibulum=orci&ante=pede&ipsum=venenatis&primis=non&in=sodales&faucibus=sed&orci=tincidunt&luctus=eu&et=felis&ultrices=fusce&posuere=posuere&cubilia=felis&curae=sed&donec=lacus&pharetra=morbi&magna=sem&vestibulum=mauris&aliquet=laoreet&ultrices=ut&erat=rhoncus&tortor=aliquet&sollicitudin=pulvinar&mi=sed&sit=nisl&amet=nunc&lobortis=rhoncus&sapien=dui&sapien=vel&non=sem&mi=sed&integer=sagittis&ac=nam&neque=congue&duis=risus&bibendum=semper&morbi=porta&non=volutpat&quam=quam&nec=pede&dui=lobortis&luctus=ligula&rutrum=sit&nulla=amet&tellus=eleifend&in=pede&sagittis=libero&dui=quis&vel=orci&nisl=nullam&duis=molestie&ac=nibh&nibh=in&fusce=lectus&lacus=pellentesque&purus=at&aliquet=nulla&at=suspendisse&feugiat=potenti','WDF','Orci.txt'),('http://ucla.edu/purus/sit.jsp?sapien=metus&iaculis=vitae&congue=ipsum&vivamus=aliquam&metus=non&arcu=mauris&adipiscing=morbi&molestie=non&hendrerit=lectus&at=aliquam&vulputate=sit&vitae=amet&nisl=diam&aenean=in&lectus=magna&pellentesque=bibendum&eget=imperdiet&nunc=nullam&donec=orci&quis=pede&orci=venenatis&eget=non&orci=sodales&vehicula=sed&condimentum=tincidunt&curabitur=eu&in=felis&libero=fusce&ut=posuere&massa=felis&volutpat=sed&convallis=lacus&morbi=morbi&odio=sem&odio=mauris&elementum=laoreet&eu=ut&interdum=rhoncus&eu=aliquet&tincidunt=pulvinar&in=sed&leo=nisl&maecenas=nunc&pulvinar=rhoncus&lobortis=dui&est=vel&phasellus=sem&sit=sed&amet=sagittis&erat=nam&nulla=congue&tempus=risus&vivamus=semper&in=porta&felis=volutpat&eu=quam&sapien=pede&cursus=lobortis&vestibulum=ligula&proin=sit&eu=amet&mi=eleifend&nulla=pede&ac=libero&enim=quis&in=orci&tempor=nullam&turpis=molestie&nec=nibh&euismod=in&scelerisque=lectus&quam=pellentesque','Security','SedInterdum.doc'),('http://unesco.org/risus/praesent/lectus.json?nam=amet&congue=sem&risus=fusce&semper=consequat&porta=nulla&volutpat=nisl&quam=nunc&pede=nisl&lobortis=duis&ligula=bibendum&sit=felis&amet=sed&eleifend=interdum&pede=venenatis&libero=turpis&quis=enim&orci=blandit&nullam=mi&molestie=in&nibh=porttitor&in=pede&lectus=justo&pellentesque=eu&at=massa&nulla=donec&suspendisse=dapibus&potenti=duis&cras=at&in=velit&purus=eu&eu=est&magna=congue&vulputate=elementum&luctus=in&cum=hac&sociis=habitasse&natoque=platea&penatibus=dictumst&et=morbi&magnis=vestibulum&dis=velit&parturient=id&montes=pretium&nascetur=iaculis&ridiculus=diam&mus=erat&vivamus=fermentum&vestibulum=justo&sagittis=nec&sapien=condimentum&cum=neque&sociis=sapien&natoque=placerat&penatibus=ante&et=nulla&magnis=justo&dis=aliquam&parturient=quis&montes=turpis&nascetur=eget&ridiculus=elit&mus=sodales&etiam=scelerisque&vel=mauris&augue=sit&vestibulum=amet&rutrum=eros&rutrum=suspendisse&neque=accumsan&aenean=tortor&auctor=quis&gravida=turpis&sem=sed&praesent=ante&id=vivamus&massa=tortor&id=duis&nisl=mattis&venenatis=egestas&lacinia=metus&aenean=aenean&sit=fermentum&amet=donec&justo=ut&morbi=mauris&ut=eget&odio=massa&cras=tempor&mi=convallis&pede=nulla&malesuada=neque&in=libero&imperdiet=convallis&et=eget','VNA','TurpisA.ppt'),('http://upenn.edu/hac/habitasse.jpg?aenean=nisl&sit=duis&amet=ac&justo=nibh&morbi=fusce&ut=lacus&odio=purus&cras=aliquet&mi=at&pede=feugiat&malesuada=non&in=pretium&imperdiet=quis&et=lectus&commodo=suspendisse&vulputate=potenti&justo=in&in=eleifend&blandit=quam&ultrices=a&enim=odio&lorem=in&ipsum=hac&dolor=habitasse&sit=platea&amet=dictumst&consectetuer=maecenas&adipiscing=ut&elit=massa&proin=quis&interdum=augue&mauris=luctus&non=tincidunt&ligula=nulla&pellentesque=mollis&ultrices=molestie&phasellus=lorem&id=quisque&sapien=ut&in=erat&sapien=curabitur','RIP','Amet.xls'),('http://usa.gov/pede/libero/quis/orci/nullam/molestie/nibh.jpg?dolor=sapien&sit=arcu&amet=sed&consectetuer=augue&adipiscing=aliquam&elit=erat&proin=volutpat&interdum=in&mauris=congue&non=etiam&ligula=justo&pellentesque=etiam&ultrices=pretium&phasellus=iaculis&id=justo&sapien=in&in=hac&sapien=habitasse&iaculis=platea&congue=dictumst&vivamus=etiam&metus=faucibus&arcu=cursus&adipiscing=urna&molestie=ut&hendrerit=tellus&at=nulla&vulputate=ut&vitae=erat&nisl=id&aenean=mauris&lectus=vulputate&pellentesque=elementum&eget=nullam&nunc=varius&donec=nulla&quis=facilisi&orci=cras&eget=non&orci=velit&vehicula=nec&condimentum=nisi&curabitur=vulputate&in=nonummy&libero=maecenas&ut=tincidunt&massa=lacus&volutpat=at&convallis=velit&morbi=vivamus&odio=vel&odio=nulla&elementum=eget&eu=eros&interdum=elementum&eu=pellentesque&tincidunt=quisque&in=porta&leo=volutpat&maecenas=erat&pulvinar=quisque&lobortis=erat','UEFI','MagnaAtNunc.avi'),('http://usgs.gov/eu/felis/fusce/posuere/felis/sed/lacus.png?lorem=ante&id=ipsum&ligula=primis&suspendisse=in&ornare=faucibus&consequat=orci&lectus=luctus&in=et&est=ultrices&risus=posuere&auctor=cubilia&sed=curae&tristique=duis&in=faucibus&tempus=accumsan&sit=odio&amet=curabitur&sem=convallis&fusce=duis&consequat=consequat&nulla=dui&nisl=nec&nunc=nisi&nisl=volutpat&duis=eleifend&bibendum=donec&felis=ut&sed=dolor&interdum=morbi&venenatis=vel&turpis=lectus&enim=in&blandit=quam&mi=fringilla&in=rhoncus&porttitor=mauris&pede=enim&justo=leo&eu=rhoncus&massa=sed&donec=vestibulum&dapibus=sit&duis=amet&at=cursus&velit=id&eu=turpis&est=integer&congue=aliquet&elementum=massa&in=id&hac=lobortis&habitasse=convallis&platea=tortor&dictumst=risus&morbi=dapibus&vestibulum=augue&velit=vel&id=accumsan&pretium=tellus&iaculis=nisi&diam=eu&erat=orci','PPDS','NuncPurus.xls'),('http://vimeo.com/quis/turpis/eget/elit.xml?dictumst=orci&etiam=pede&faucibus=venenatis&cursus=non&urna=sodales&ut=sed&tellus=tincidunt&nulla=eu&ut=felis&erat=fusce&id=posuere&mauris=felis&vulputate=sed&elementum=lacus&nullam=morbi&varius=sem&nulla=mauris&facilisi=laoreet&cras=ut&non=rhoncus&velit=aliquet&nec=pulvinar&nisi=sed&vulputate=nisl&nonummy=nunc&maecenas=rhoncus&tincidunt=dui&lacus=vel&at=sem&velit=sed&vivamus=sagittis&vel=nam&nulla=congue&eget=risus&eros=semper&elementum=porta&pellentesque=volutpat&quisque=quam&porta=pede&volutpat=lobortis&erat=ligula&quisque=sit&erat=amet&eros=eleifend&viverra=pede&eget=libero&congue=quis&eget=orci&semper=nullam&rutrum=molestie&nulla=nibh&nunc=in&purus=lectus&phasellus=pellentesque&in=at&felis=nulla&donec=suspendisse&semper=potenti&sapien=cras&a=in&libero=purus&nam=eu&dui=magna&proin=vulputate&leo=luctus&odio=cum&porttitor=sociis&id=natoque&consequat=penatibus&in=et&consequat=magnis&ut=dis&nulla=parturient&sed=montes&accumsan=nascetur&felis=ridiculus&ut=mus&at=vivamus&dolor=vestibulum&quis=sagittis&odio=sapien&consequat=cum&varius=sociis&integer=natoque&ac=penatibus&leo=et&pellentesque=magnis&ultrices=dis&mattis=parturient&odio=montes&donec=nascetur&vitae=ridiculus','FSI','Metus.xls'),('http://vinaora.com/diam/vitae.json?etiam=in&faucibus=sapien&cursus=iaculis&urna=congue&ut=vivamus&tellus=metus&nulla=arcu&ut=adipiscing&erat=molestie&id=hendrerit&mauris=at&vulputate=vulputate&elementum=vitae&nullam=nisl&varius=aenean&nulla=lectus&facilisi=pellentesque&cras=eget&non=nunc&velit=donec&nec=quis&nisi=orci&vulputate=eget&nonummy=orci&maecenas=vehicula&tincidunt=condimentum&lacus=curabitur&at=in&velit=libero&vivamus=ut&vel=massa&nulla=volutpat&eget=convallis&eros=morbi&elementum=odio&pellentesque=odio&quisque=elementum&porta=eu&volutpat=interdum&erat=eu&quisque=tincidunt&erat=in&eros=leo&viverra=maecenas&eget=pulvinar&congue=lobortis&eget=est&semper=phasellus&rutrum=sit&nulla=amet&nunc=erat&purus=nulla&phasellus=tempus&in=vivamus&felis=in&donec=felis&semper=eu&sapien=sapien&a=cursus&libero=vestibulum&nam=proin&dui=eu&proin=mi&leo=nulla&odio=ac&porttitor=enim&id=in&consequat=tempor&in=turpis&consequat=nec&ut=euismod&nulla=scelerisque&sed=quam&accumsan=turpis&felis=adipiscing&ut=lorem&at=vitae&dolor=mattis&quis=nibh&odio=ligula&consequat=nec&varius=sem&integer=duis&ac=aliquam&leo=convallis&pellentesque=nunc&ultrices=proin&mattis=at&odio=turpis&donec=a&vitae=pede&nisi=posuere&nam=nonummy&ultrices=integer','DFMA','NuncPurus.jpeg'),('http://virginia.edu/vitae/mattis/nibh/ligula.png?maecenas=et&ut=ultrices&massa=posuere&quis=cubilia&augue=curae&luctus=nulla&tincidunt=dapibus&nulla=dolor&mollis=vel&molestie=est&lorem=donec&quisque=odio&ut=justo&erat=sollicitudin&curabitur=ut&gravida=suscipit&nisi=a&at=feugiat&nibh=et&in=eros&hac=vestibulum&habitasse=ac&platea=est&dictumst=lacinia&aliquam=nisi&augue=venenatis&quam=tristique&sollicitudin=fusce&vitae=congue&consectetuer=diam&eget=id&rutrum=ornare&at=imperdiet&lorem=sapien&integer=urna&tincidunt=pretium&ante=nisl&vel=ut&ipsum=volutpat&praesent=sapien&blandit=arcu&lacinia=sed&erat=augue&vestibulum=aliquam&sed=erat&magna=volutpat&at=in&nunc=congue&commodo=etiam&placerat=justo&praesent=etiam&blandit=pretium&nam=iaculis&nulla=justo','Appraisals','LacusAtTurpis.xls'),('http://vistaprint.com/consequat/varius/integer/ac/leo.jpg?lectus=sollicitudin&pellentesque=vitae&eget=consectetuer&nunc=eget&donec=rutrum&quis=at&orci=lorem&eget=integer&orci=tincidunt&vehicula=ante&condimentum=vel&curabitur=ipsum&in=praesent&libero=blandit&ut=lacinia&massa=erat&volutpat=vestibulum&convallis=sed&morbi=magna&odio=at&odio=nunc&elementum=commodo&eu=placerat&interdum=praesent&eu=blandit&tincidunt=nam&in=nulla&leo=integer&maecenas=pede&pulvinar=justo&lobortis=lacinia&est=eget&phasellus=tincidunt&sit=eget','Attendance Management','NullaSuscipitLigula.mp3'),('http://vkontakte.ru/id/luctus/nec/molestie.xml?rhoncus=non&aliquam=velit&lacus=donec&morbi=diam&quis=neque&tortor=vestibulum&id=eget&nulla=vulputate&ultrices=ut&aliquet=ultrices&maecenas=vel&leo=augue&odio=vestibulum&condimentum=ante&id=ipsum&luctus=primis&nec=in&molestie=faucibus&sed=orci&justo=luctus&pellentesque=et&viverra=ultrices&pede=posuere&ac=cubilia&diam=curae&cras=donec&pellentesque=pharetra&volutpat=magna&dui=vestibulum&maecenas=aliquet&tristique=ultrices&est=erat&et=tortor&tempus=sollicitudin&semper=mi&est=sit&quam=amet&pharetra=lobortis&magna=sapien&ac=sapien&consequat=non&metus=mi&sapien=integer&ut=ac&nunc=neque&vestibulum=duis&ante=bibendum&ipsum=morbi&primis=non&in=quam&faucibus=nec&orci=dui&luctus=luctus&et=rutrum&ultrices=nulla&posuere=tellus&cubilia=in&curae=sagittis&mauris=dui&viverra=vel&diam=nisl&vitae=duis&quam=ac&suspendisse=nibh&potenti=fusce&nullam=lacus&porttitor=purus&lacus=aliquet&at=at&turpis=feugiat&donec=non&posuere=pretium&metus=quis&vitae=lectus&ipsum=suspendisse&aliquam=potenti&non=in&mauris=eleifend&morbi=quam&non=a&lectus=odio&aliquam=in&sit=hac&amet=habitasse&diam=platea&in=dictumst&magna=maecenas','Situational Awareness','FusceLacus.mpeg'),('http://washington.edu/volutpat/dui.html?mi=non&in=lectus&porttitor=aliquam&pede=sit&justo=amet&eu=diam&massa=in&donec=magna&dapibus=bibendum&duis=imperdiet&at=nullam&velit=orci&eu=pede&est=venenatis&congue=non&elementum=sodales&in=sed&hac=tincidunt&habitasse=eu&platea=felis&dictumst=fusce&morbi=posuere&vestibulum=felis&velit=sed&id=lacus&pretium=morbi&iaculis=sem&diam=mauris&erat=laoreet&fermentum=ut&justo=rhoncus&nec=aliquet&condimentum=pulvinar&neque=sed&sapien=nisl&placerat=nunc&ante=rhoncus&nulla=dui&justo=vel&aliquam=sem&quis=sed&turpis=sagittis&eget=nam&elit=congue&sodales=risus&scelerisque=semper&mauris=porta&sit=volutpat&amet=quam&eros=pede&suspendisse=lobortis&accumsan=ligula&tortor=sit&quis=amet&turpis=eleifend&sed=pede&ante=libero&vivamus=quis&tortor=orci&duis=nullam&mattis=molestie&egestas=nibh&metus=in&aenean=lectus&fermentum=pellentesque&donec=at&ut=nulla&mauris=suspendisse&eget=potenti&massa=cras&tempor=in&convallis=purus&nulla=eu&neque=magna&libero=vulputate&convallis=luctus&eget=cum&eleifend=sociis&luctus=natoque&ultricies=penatibus&eu=et&nibh=magnis&quisque=dis&id=parturient&justo=montes&sit=nascetur&amet=ridiculus&sapien=mus&dignissim=vivamus&vestibulum=vestibulum&vestibulum=sagittis&ante=sapien&ipsum=cum&primis=sociis&in=natoque&faucibus=penatibus&orci=et','OCLC Connexion','Vestibulum.xls'),('http://weather.com/rutrum/at/lorem/integer.js?a=imperdiet&nibh=nullam&in=orci&quis=pede&justo=venenatis&maecenas=non&rhoncus=sodales&aliquam=sed&lacus=tincidunt&morbi=eu&quis=felis&tortor=fusce&id=posuere&nulla=felis&ultrices=sed&aliquet=lacus&maecenas=morbi&leo=sem&odio=mauris&condimentum=laoreet&id=ut&luctus=rhoncus&nec=aliquet&molestie=pulvinar&sed=sed&justo=nisl&pellentesque=nunc&viverra=rhoncus&pede=dui&ac=vel&diam=sem&cras=sed&pellentesque=sagittis&volutpat=nam&dui=congue&maecenas=risus&tristique=semper&est=porta&et=volutpat&tempus=quam&semper=pede&est=lobortis&quam=ligula&pharetra=sit&magna=amet&ac=eleifend&consequat=pede&metus=libero&sapien=quis','ZoomText','Congue.xls'),('http://weibo.com/ultrices.aspx?odio=lacinia&odio=aenean&elementum=sit&eu=amet&interdum=justo&eu=morbi&tincidunt=ut&in=odio&leo=cras&maecenas=mi&pulvinar=pede&lobortis=malesuada&est=in&phasellus=imperdiet&sit=et&amet=commodo&erat=vulputate&nulla=justo&tempus=in&vivamus=blandit&in=ultrices&felis=enim&eu=lorem&sapien=ipsum&cursus=dolor&vestibulum=sit&proin=amet&eu=consectetuer&mi=adipiscing&nulla=elit&ac=proin&enim=interdum&in=mauris&tempor=non&turpis=ligula&nec=pellentesque&euismod=ultrices&scelerisque=phasellus&quam=id&turpis=sapien&adipiscing=in&lorem=sapien&vitae=iaculis&mattis=congue','VMware','InImperdietEt.ppt'),('http://wired.com/sed/vel/enim/sit/amet.jsp?faucibus=odio&orci=curabitur&luctus=convallis&et=duis&ultrices=consequat&posuere=dui&cubilia=nec&curae=nisi&nulla=volutpat&dapibus=eleifend&dolor=donec&vel=ut&est=dolor&donec=morbi&odio=vel','IVD','ScelerisqueQuamTurpis.xls'),('http://yahoo.co.jp/lobortis/vel/dapibus/at/diam/nam.aspx?luctus=posuere&et=felis&ultrices=sed&posuere=lacus&cubilia=morbi&curae=sem&donec=mauris&pharetra=laoreet&magna=ut&vestibulum=rhoncus&aliquet=aliquet&ultrices=pulvinar&erat=sed&tortor=nisl&sollicitudin=nunc&mi=rhoncus&sit=dui&amet=vel&lobortis=sem&sapien=sed&sapien=sagittis&non=nam&mi=congue&integer=risus&ac=semper&neque=porta&duis=volutpat&bibendum=quam&morbi=pede&non=lobortis&quam=ligula&nec=sit&dui=amet&luctus=eleifend&rutrum=pede','MHRA','AtVelit.ppt'),('http://zimbio.com/elementum/ligula/vehicula/consequat/morbi.html?lacus=vestibulum&at=proin&velit=eu&vivamus=mi&vel=nulla&nulla=ac&eget=enim&eros=in&elementum=tempor&pellentesque=turpis&quisque=nec&porta=euismod&volutpat=scelerisque&erat=quam&quisque=turpis&erat=adipiscing&eros=lorem&viverra=vitae&eget=mattis&congue=nibh&eget=ligula&semper=nec&rutrum=sem&nulla=duis&nunc=aliquam&purus=convallis&phasellus=nunc&in=proin&felis=at&donec=turpis&semper=a&sapien=pede&a=posuere&libero=nonummy&nam=integer&dui=non&proin=velit&leo=donec&odio=diam&porttitor=neque&id=vestibulum&consequat=eget&in=vulputate&consequat=ut&ut=ultrices&nulla=vel&sed=augue&accumsan=vestibulum&felis=ante&ut=ipsum&at=primis&dolor=in&quis=faucibus&odio=orci&consequat=luctus&varius=et&integer=ultrices&ac=posuere&leo=cubilia&pellentesque=curae&ultrices=donec&mattis=pharetra&odio=magna&donec=vestibulum&vitae=aliquet&nisi=ultrices&nam=erat&ultrices=tortor&libero=sollicitudin&non=mi&mattis=sit&pulvinar=amet&nulla=lobortis&pede=sapien&ullamcorper=sapien&augue=non&a=mi&suscipit=integer&nulla=ac&elit=neque&ac=duis&nulla=bibendum&sed=morbi&vel=non&enim=quam&sit=nec&amet=dui&nunc=luctus&viverra=rutrum&dapibus=nulla&nulla=tellus&suscipit=in&ligula=sagittis&in=dui&lacus=vel&curabitur=nisl','mLearning','AtNulla.xls'),('https://a8.net/ridiculus.jsp?quisque=eget&ut=tempus&erat=vel&curabitur=pede&gravida=morbi&nisi=porttitor','CXF','OrciMauris.mp3'),('https://a8.net/sapien/iaculis/congue/vivamus.aspx?orci=faucibus&vehicula=orci&condimentum=luctus&curabitur=et&in=ultrices&libero=posuere&ut=cubilia&massa=curae&volutpat=duis&convallis=faucibus&morbi=accumsan&odio=odio&odio=curabitur&elementum=convallis&eu=duis&interdum=consequat&eu=dui&tincidunt=nec&in=nisi&leo=volutpat&maecenas=eleifend&pulvinar=donec&lobortis=ut&est=dolor&phasellus=morbi&sit=vel&amet=lectus&erat=in&nulla=quam&tempus=fringilla&vivamus=rhoncus&in=mauris&felis=enim&eu=leo&sapien=rhoncus&cursus=sed&vestibulum=vestibulum&proin=sit&eu=amet&mi=cursus&nulla=id&ac=turpis&enim=integer&in=aliquet&tempor=massa&turpis=id&nec=lobortis&euismod=convallis&scelerisque=tortor&quam=risus&turpis=dapibus&adipiscing=augue&lorem=vel&vitae=accumsan&mattis=tellus&nibh=nisi&ligula=eu&nec=orci&sem=mauris&duis=lacinia&aliquam=sapien&convallis=quis&nunc=libero&proin=nullam&at=sit&turpis=amet&a=turpis&pede=elementum&posuere=ligula&nonummy=vehicula&integer=consequat&non=morbi&velit=a&donec=ipsum&diam=integer&neque=a&vestibulum=nibh&eget=in&vulputate=quis&ut=justo&ultrices=maecenas&vel=rhoncus&augue=aliquam&vestibulum=lacus&ante=morbi&ipsum=quis&primis=tortor&in=id&faucibus=nulla','Visual SVN','TellusSemperInterdum.mp3'),('https://abc.net.au/quam/pede/lobortis/ligula/sit/amet.js?morbi=nam&odio=nulla','CSPro','Congue.txt'),('https://accuweather.com/cum/sociis/natoque/penatibus.png?consequat=viverra&ut=dapibus&nulla=nulla&sed=suscipit&accumsan=ligula&felis=in&ut=lacus&at=curabitur&dolor=at&quis=ipsum&odio=ac&consequat=tellus&varius=semper&integer=interdum&ac=mauris&leo=ullamcorper&pellentesque=purus&ultrices=sit&mattis=amet&odio=nulla&donec=quisque&vitae=arcu&nisi=libero&nam=rutrum&ultrices=ac&libero=lobortis&non=vel&mattis=dapibus&pulvinar=at&nulla=diam&pede=nam','Underground Mining','ElitProinInterdum.avi'),('https://alexa.com/consectetuer/adipiscing/elit/proin/risus/praesent/lectus.jpg?vestibulum=nullam&velit=molestie&id=nibh&pretium=in&iaculis=lectus&diam=pellentesque&erat=at&fermentum=nulla&justo=suspendisse&nec=potenti&condimentum=cras&neque=in&sapien=purus&placerat=eu&ante=magna&nulla=vulputate&justo=luctus&aliquam=cum&quis=sociis&turpis=natoque&eget=penatibus&elit=et&sodales=magnis&scelerisque=dis&mauris=parturient&sit=montes&amet=nascetur&eros=ridiculus&suspendisse=mus&accumsan=vivamus&tortor=vestibulum&quis=sagittis&turpis=sapien&sed=cum&ante=sociis&vivamus=natoque&tortor=penatibus&duis=et&mattis=magnis&egestas=dis&metus=parturient&aenean=montes&fermentum=nascetur&donec=ridiculus&ut=mus&mauris=etiam&eget=vel&massa=augue&tempor=vestibulum&convallis=rutrum&nulla=rutrum&neque=neque&libero=aenean&convallis=auctor&eget=gravida&eleifend=sem&luctus=praesent&ultricies=id&eu=massa&nibh=id&quisque=nisl&id=venenatis&justo=lacinia&sit=aenean&amet=sit&sapien=amet&dignissim=justo&vestibulum=morbi&vestibulum=ut&ante=odio&ipsum=cras&primis=mi&in=pede&faucibus=malesuada&orci=in&luctus=imperdiet&et=et&ultrices=commodo&posuere=vulputate&cubilia=justo&curae=in&nulla=blandit&dapibus=ultrices&dolor=enim&vel=lorem&est=ipsum&donec=dolor&odio=sit&justo=amet&sollicitudin=consectetuer&ut=adipiscing&suscipit=elit&a=proin&feugiat=interdum&et=mauris&eros=non&vestibulum=ligula&ac=pellentesque&est=ultrices&lacinia=phasellus','Invoicing','Suspendisse.ppt'),('https://archive.org/vehicula/condimentum/curabitur/in/libero/ut.json?nibh=in&in=felis&quis=donec&justo=semper&maecenas=sapien&rhoncus=a&aliquam=libero&lacus=nam&morbi=dui&quis=proin&tortor=leo&id=odio&nulla=porttitor&ultrices=id&aliquet=consequat&maecenas=in&leo=consequat&odio=ut&condimentum=nulla&id=sed&luctus=accumsan&nec=felis&molestie=ut&sed=at&justo=dolor&pellentesque=quis&viverra=odio&pede=consequat&ac=varius&diam=integer&cras=ac&pellentesque=leo&volutpat=pellentesque&dui=ultrices&maecenas=mattis&tristique=odio&est=donec&et=vitae&tempus=nisi&semper=nam&est=ultrices&quam=libero&pharetra=non&magna=mattis&ac=pulvinar&consequat=nulla&metus=pede&sapien=ullamcorper&ut=augue&nunc=a&vestibulum=suscipit&ante=nulla&ipsum=elit&primis=ac&in=nulla&faucibus=sed&orci=vel&luctus=enim&et=sit&ultrices=amet&posuere=nunc&cubilia=viverra&curae=dapibus&mauris=nulla&viverra=suscipit&diam=ligula','FMS','EgetCongue.png'),('https://auda.org.au/suscipit/nulla/elit/ac/nulla.js?nunc=purus&proin=phasellus&at=in&turpis=felis&a=donec&pede=semper&posuere=sapien&nonummy=a&integer=libero&non=nam&velit=dui&donec=proin&diam=leo&neque=odio&vestibulum=porttitor&eget=id&vulputate=consequat&ut=in&ultrices=consequat&vel=ut&augue=nulla&vestibulum=sed&ante=accumsan&ipsum=felis&primis=ut&in=at&faucibus=dolor&orci=quis&luctus=odio&et=consequat&ultrices=varius&posuere=integer&cubilia=ac&curae=leo&donec=pellentesque&pharetra=ultrices&magna=mattis&vestibulum=odio&aliquet=donec&ultrices=vitae&erat=nisi&tortor=nam&sollicitudin=ultrices&mi=libero&sit=non&amet=mattis&lobortis=pulvinar&sapien=nulla&sapien=pede&non=ullamcorper&mi=augue&integer=a&ac=suscipit&neque=nulla&duis=elit&bibendum=ac&morbi=nulla&non=sed&quam=vel&nec=enim&dui=sit','Bands','Blandit.xls'),('https://barnesandnoble.com/orci/luctus.png?massa=suspendisse&tempor=accumsan&convallis=tortor&nulla=quis&neque=turpis&libero=sed&convallis=ante&eget=vivamus&eleifend=tortor&luctus=duis&ultricies=mattis&eu=egestas&nibh=metus&quisque=aenean&id=fermentum&justo=donec&sit=ut&amet=mauris&sapien=eget&dignissim=massa&vestibulum=tempor&vestibulum=convallis&ante=nulla&ipsum=neque&primis=libero&in=convallis&faucibus=eget&orci=eleifend&luctus=luctus&et=ultricies&ultrices=eu','Psychotherapy','InterdumEu.xls'),('https://blogger.com/pede/lobortis/ligula/sit/amet/eleifend.png?in=viverra&quis=eget&justo=congue&maecenas=eget&rhoncus=semper&aliquam=rutrum&lacus=nulla&morbi=nunc&quis=purus&tortor=phasellus&id=in&nulla=felis&ultrices=donec&aliquet=semper&maecenas=sapien&leo=a&odio=libero&condimentum=nam&id=dui&luctus=proin&nec=leo&molestie=odio&sed=porttitor&justo=id&pellentesque=consequat&viverra=in&pede=consequat&ac=ut&diam=nulla&cras=sed&pellentesque=accumsan&volutpat=felis&dui=ut&maecenas=at&tristique=dolor&est=quis&et=odio&tempus=consequat&semper=varius&est=integer&quam=ac&pharetra=leo&magna=pellentesque&ac=ultrices&consequat=mattis&metus=odio&sapien=donec&ut=vitae&nunc=nisi&vestibulum=nam&ante=ultrices&ipsum=libero&primis=non&in=mattis&faucibus=pulvinar&orci=nulla&luctus=pede&et=ullamcorper&ultrices=augue&posuere=a&cubilia=suscipit&curae=nulla&mauris=elit&viverra=ac&diam=nulla&vitae=sed&quam=vel&suspendisse=enim&potenti=sit&nullam=amet&porttitor=nunc&lacus=viverra&at=dapibus&turpis=nulla&donec=suscipit&posuere=ligula&metus=in&vitae=lacus&ipsum=curabitur&aliquam=at&non=ipsum&mauris=ac&morbi=tellus&non=semper&lectus=interdum&aliquam=mauris&sit=ullamcorper&amet=purus&diam=sit&in=amet&magna=nulla&bibendum=quisque&imperdiet=arcu','Qigong','RhoncusAliquam.xls'),('https://bloglines.com/donec/vitae/nisi.jpg?nisl=eget&duis=elit&bibendum=sodales&felis=scelerisque&sed=mauris&interdum=sit&venenatis=amet&turpis=eros&enim=suspendisse','TNS Media Intelligence','Lectus.ppt'),('https://cargocollective.com/in.aspx?aliquam=a&erat=pede&volutpat=posuere&in=nonummy&congue=integer&etiam=non&justo=velit&etiam=donec&pretium=diam&iaculis=neque&justo=vestibulum&in=eget&hac=vulputate&habitasse=ut&platea=ultrices&dictumst=vel&etiam=augue&faucibus=vestibulum&cursus=ante&urna=ipsum&ut=primis&tellus=in&nulla=faucibus&ut=orci&erat=luctus&id=et&mauris=ultrices&vulputate=posuere&elementum=cubilia&nullam=curae&varius=donec&nulla=pharetra&facilisi=magna&cras=vestibulum&non=aliquet&velit=ultrices&nec=erat&nisi=tortor&vulputate=sollicitudin&nonummy=mi&maecenas=sit&tincidunt=amet&lacus=lobortis&at=sapien&velit=sapien&vivamus=non&vel=mi&nulla=integer&eget=ac&eros=neque&elementum=duis&pellentesque=bibendum&quisque=morbi&porta=non&volutpat=quam&erat=nec&quisque=dui&erat=luctus&eros=rutrum&viverra=nulla&eget=tellus&congue=in&eget=sagittis&semper=dui&rutrum=vel&nulla=nisl&nunc=duis&purus=ac&phasellus=nibh&in=fusce&felis=lacus&donec=purus&semper=aliquet&sapien=at&a=feugiat&libero=non&nam=pretium&dui=quis&proin=lectus&leo=suspendisse&odio=potenti&porttitor=in&id=eleifend&consequat=quam&in=a&consequat=odio&ut=in&nulla=hac','HLASM','FelisSed.mp3'),('https://clickbank.net/quam.png?et=augue&ultrices=luctus&posuere=tincidunt&cubilia=nulla&curae=mollis&nulla=molestie&dapibus=lorem&dolor=quisque&vel=ut&est=erat&donec=curabitur&odio=gravida&justo=nisi&sollicitudin=at&ut=nibh&suscipit=in&a=hac&feugiat=habitasse&et=platea&eros=dictumst&vestibulum=aliquam&ac=augue&est=quam&lacinia=sollicitudin&nisi=vitae&venenatis=consectetuer&tristique=eget&fusce=rutrum&congue=at&diam=lorem&id=integer&ornare=tincidunt&imperdiet=ante&sapien=vel&urna=ipsum&pretium=praesent&nisl=blandit&ut=lacinia&volutpat=erat&sapien=vestibulum&arcu=sed&sed=magna&augue=at&aliquam=nunc&erat=commodo&volutpat=placerat&in=praesent&congue=blandit&etiam=nam&justo=nulla&etiam=integer&pretium=pede&iaculis=justo&justo=lacinia&in=eget&hac=tincidunt&habitasse=eget&platea=tempus&dictumst=vel&etiam=pede&faucibus=morbi&cursus=porttitor&urna=lorem&ut=id&tellus=ligula&nulla=suspendisse','JPAS','IdTurpis.ppt'),('https://cnet.com/duis/bibendum/morbi/non.js?amet=convallis&eleifend=nunc&pede=proin&libero=at&quis=turpis&orci=a&nullam=pede&molestie=posuere&nibh=nonummy&in=integer&lectus=non&pellentesque=velit&at=donec&nulla=diam&suspendisse=neque&potenti=vestibulum&cras=eget&in=vulputate&purus=ut&eu=ultrices&magna=vel&vulputate=augue&luctus=vestibulum&cum=ante&sociis=ipsum&natoque=primis&penatibus=in&et=faucibus&magnis=orci&dis=luctus&parturient=et&montes=ultrices&nascetur=posuere&ridiculus=cubilia&mus=curae&vivamus=donec&vestibulum=pharetra&sagittis=magna&sapien=vestibulum&cum=aliquet&sociis=ultrices&natoque=erat&penatibus=tortor&et=sollicitudin&magnis=mi&dis=sit&parturient=amet&montes=lobortis&nascetur=sapien&ridiculus=sapien&mus=non&etiam=mi&vel=integer&augue=ac&vestibulum=neque&rutrum=duis&rutrum=bibendum&neque=morbi&aenean=non&auctor=quam&gravida=nec&sem=dui&praesent=luctus&id=rutrum&massa=nulla&id=tellus&nisl=in&venenatis=sagittis&lacinia=dui&aenean=vel&sit=nisl&amet=duis&justo=ac&morbi=nibh&ut=fusce&odio=lacus&cras=purus&mi=aliquet&pede=at&malesuada=feugiat&in=non&imperdiet=pretium&et=quis&commodo=lectus&vulputate=suspendisse&justo=potenti&in=in&blandit=eleifend&ultrices=quam&enim=a&lorem=odio','DFSORT','UltricesEratTortor.pdf'),('https://dailymail.co.uk/risus/semper/porta/volutpat/quam/pede.json?ut=justo&erat=nec&curabitur=condimentum&gravida=neque&nisi=sapien&at=placerat&nibh=ante&in=nulla&hac=justo&habitasse=aliquam&platea=quis&dictumst=turpis&aliquam=eget&augue=elit&quam=sodales&sollicitudin=scelerisque&vitae=mauris&consectetuer=sit&eget=amet&rutrum=eros&at=suspendisse&lorem=accumsan&integer=tortor&tincidunt=quis&ante=turpis&vel=sed&ipsum=ante&praesent=vivamus&blandit=tortor&lacinia=duis&erat=mattis&vestibulum=egestas&sed=metus&magna=aenean&at=fermentum&nunc=donec&commodo=ut&placerat=mauris&praesent=eget&blandit=massa&nam=tempor&nulla=convallis&integer=nulla&pede=neque&justo=libero&lacinia=convallis&eget=eget&tincidunt=eleifend&eget=luctus&tempus=ultricies&vel=eu&pede=nibh&morbi=quisque&porttitor=id&lorem=justo&id=sit&ligula=amet&suspendisse=sapien&ornare=dignissim&consequat=vestibulum&lectus=vestibulum&in=ante&est=ipsum&risus=primis&auctor=in&sed=faucibus&tristique=orci&in=luctus&tempus=et&sit=ultrices&amet=posuere','JBPM','SitAmet.mov'),('https://drupal.org/cursus/vestibulum/proin/eu/mi.png?suspendisse=tempus&potenti=semper&nullam=est&porttitor=quam&lacus=pharetra&at=magna&turpis=ac&donec=consequat&posuere=metus&metus=sapien&vitae=ut&ipsum=nunc&aliquam=vestibulum&non=ante&mauris=ipsum&morbi=primis&non=in&lectus=faucibus&aliquam=orci&sit=luctus&amet=et&diam=ultrices&in=posuere&magna=cubilia&bibendum=curae&imperdiet=mauris&nullam=viverra&orci=diam&pede=vitae&venenatis=quam&non=suspendisse&sodales=potenti&sed=nullam&tincidunt=porttitor&eu=lacus&felis=at&fusce=turpis&posuere=donec&felis=posuere&sed=metus&lacus=vitae&morbi=ipsum&sem=aliquam&mauris=non&laoreet=mauris&ut=morbi&rhoncus=non&aliquet=lectus&pulvinar=aliquam&sed=sit&nisl=amet&nunc=diam&rhoncus=in&dui=magna&vel=bibendum&sem=imperdiet&sed=nullam&sagittis=orci&nam=pede&congue=venenatis&risus=non&semper=sodales&porta=sed&volutpat=tincidunt&quam=eu&pede=felis&lobortis=fusce&ligula=posuere&sit=felis&amet=sed&eleifend=lacus&pede=morbi&libero=sem&quis=mauris&orci=laoreet&nullam=ut&molestie=rhoncus&nibh=aliquet&in=pulvinar','Video','SedAugueAliquam.avi'),('https://e-recht24.de/sed.json?praesent=etiam&blandit=justo&lacinia=etiam&erat=pretium&vestibulum=iaculis&sed=justo&magna=in&at=hac&nunc=habitasse&commodo=platea&placerat=dictumst&praesent=etiam&blandit=faucibus&nam=cursus&nulla=urna&integer=ut&pede=tellus&justo=nulla&lacinia=ut&eget=erat&tincidunt=id&eget=mauris&tempus=vulputate&vel=elementum&pede=nullam&morbi=varius&porttitor=nulla&lorem=facilisi&id=cras&ligula=non&suspendisse=velit&ornare=nec&consequat=nisi&lectus=vulputate&in=nonummy&est=maecenas&risus=tincidunt&auctor=lacus&sed=at&tristique=velit','Architecture','SuspendisseAccumsan.avi'),('https://engadget.com/ante/vel/ipsum/praesent/blandit.jpg?id=rutrum&mauris=nulla&vulputate=tellus&elementum=in&nullam=sagittis&varius=dui&nulla=vel&facilisi=nisl&cras=duis&non=ac&velit=nibh&nec=fusce&nisi=lacus&vulputate=purus&nonummy=aliquet&maecenas=at&tincidunt=feugiat&lacus=non&at=pretium&velit=quis&vivamus=lectus&vel=suspendisse&nulla=potenti&eget=in&eros=eleifend&elementum=quam&pellentesque=a&quisque=odio&porta=in&volutpat=hac&erat=habitasse&quisque=platea&erat=dictumst&eros=maecenas&viverra=ut&eget=massa&congue=quis&eget=augue&semper=luctus&rutrum=tincidunt&nulla=nulla&nunc=mollis&purus=molestie&phasellus=lorem&in=quisque&felis=ut&donec=erat&semper=curabitur&sapien=gravida&a=nisi&libero=at&nam=nibh&dui=in&proin=hac&leo=habitasse&odio=platea&porttitor=dictumst&id=aliquam&consequat=augue&in=quam&consequat=sollicitudin&ut=vitae&nulla=consectetuer&sed=eget&accumsan=rutrum&felis=at&ut=lorem&at=integer&dolor=tincidunt&quis=ante&odio=vel&consequat=ipsum&varius=praesent&integer=blandit&ac=lacinia&leo=erat&pellentesque=vestibulum&ultrices=sed&mattis=magna&odio=at&donec=nunc&vitae=commodo&nisi=placerat&nam=praesent&ultrices=blandit&libero=nam&non=nulla&mattis=integer&pulvinar=pede','User Interface','DonecDapibus.mp3'),('https://exblog.jp/dignissim.json?felis=ut&donec=suscipit&semper=a&sapien=feugiat&a=et&libero=eros&nam=vestibulum&dui=ac&proin=est&leo=lacinia&odio=nisi&porttitor=venenatis&id=tristique&consequat=fusce','Aquatics','AliquamNon.xls'),('https://facebook.com/donec/quis/orci/eget/orci/vehicula/condimentum.html?eu=nullam&magna=varius&vulputate=nulla&luctus=facilisi&cum=cras&sociis=non&natoque=velit&penatibus=nec&et=nisi&magnis=vulputate&dis=nonummy&parturient=maecenas&montes=tincidunt&nascetur=lacus&ridiculus=at&mus=velit&vivamus=vivamus&vestibulum=vel&sagittis=nulla&sapien=eget&cum=eros&sociis=elementum&natoque=pellentesque&penatibus=quisque&et=porta&magnis=volutpat&dis=erat&parturient=quisque&montes=erat&nascetur=eros&ridiculus=viverra&mus=eget&etiam=congue&vel=eget&augue=semper&vestibulum=rutrum&rutrum=nulla&rutrum=nunc&neque=purus&aenean=phasellus&auctor=in&gravida=felis&sem=donec&praesent=semper&id=sapien&massa=a&id=libero&nisl=nam&venenatis=dui&lacinia=proin&aenean=leo&sit=odio&amet=porttitor&justo=id&morbi=consequat&ut=in&odio=consequat&cras=ut&mi=nulla&pede=sed&malesuada=accumsan&in=felis&imperdiet=ut&et=at&commodo=dolor&vulputate=quis&justo=odio&in=consequat&blandit=varius&ultrices=integer&enim=ac&lorem=leo&ipsum=pellentesque&dolor=ultrices&sit=mattis&amet=odio&consectetuer=donec&adipiscing=vitae&elit=nisi&proin=nam&interdum=ultrices','HLA','MassaDonec.avi'),('https://foxnews.com/habitasse/platea/dictumst/morbi/vestibulum/velit/id.json?odio=non&cras=mi&mi=integer&pede=ac&malesuada=neque&in=duis&imperdiet=bibendum&et=morbi&commodo=non&vulputate=quam&justo=nec&in=dui&blandit=luctus&ultrices=rutrum&enim=nulla&lorem=tellus&ipsum=in&dolor=sagittis&sit=dui&amet=vel&consectetuer=nisl&adipiscing=duis&elit=ac&proin=nibh&interdum=fusce&mauris=lacus&non=purus&ligula=aliquet&pellentesque=at&ultrices=feugiat&phasellus=non&id=pretium&sapien=quis&in=lectus&sapien=suspendisse&iaculis=potenti&congue=in&vivamus=eleifend&metus=quam&arcu=a&adipiscing=odio&molestie=in&hendrerit=hac&at=habitasse&vulputate=platea&vitae=dictumst&nisl=maecenas&aenean=ut&lectus=massa&pellentesque=quis&eget=augue&nunc=luctus&donec=tincidunt&quis=nulla&orci=mollis&eget=molestie&orci=lorem&vehicula=quisque&condimentum=ut&curabitur=erat&in=curabitur&libero=gravida&ut=nisi&massa=at&volutpat=nibh&convallis=in&morbi=hac&odio=habitasse&odio=platea&elementum=dictumst&eu=aliquam&interdum=augue&eu=quam&tincidunt=sollicitudin&in=vitae&leo=consectetuer&maecenas=eget&pulvinar=rutrum&lobortis=at&est=lorem&phasellus=integer&sit=tincidunt&amet=ante&erat=vel','FTTH','VitaeNisiNam.doc'),('https://free.fr/odio/elementum.html?rutrum=suspendisse&at=ornare&lorem=consequat&integer=lectus&tincidunt=in&ante=est&vel=risus&ipsum=auctor&praesent=sed&blandit=tristique&lacinia=in&erat=tempus&vestibulum=sit&sed=amet&magna=sem&at=fusce&nunc=consequat&commodo=nulla&placerat=nisl&praesent=nunc&blandit=nisl&nam=duis&nulla=bibendum&integer=felis&pede=sed&justo=interdum&lacinia=venenatis&eget=turpis&tincidunt=enim&eget=blandit&tempus=mi&vel=in&pede=porttitor&morbi=pede&porttitor=justo','Hazard Analysis','Vehicula.mpeg'),('https://ftc.gov/cursus/id/turpis/integer/aliquet/massa/id.json?amet=magna&erat=vulputate&nulla=luctus&tempus=cum&vivamus=sociis&in=natoque&felis=penatibus&eu=et&sapien=magnis&cursus=dis&vestibulum=parturient&proin=montes&eu=nascetur&mi=ridiculus&nulla=mus&ac=vivamus&enim=vestibulum&in=sagittis&tempor=sapien&turpis=cum&nec=sociis&euismod=natoque&scelerisque=penatibus&quam=et&turpis=magnis&adipiscing=dis&lorem=parturient&vitae=montes&mattis=nascetur&nibh=ridiculus&ligula=mus&nec=etiam&sem=vel&duis=augue&aliquam=vestibulum&convallis=rutrum&nunc=rutrum&proin=neque&at=aenean&turpis=auctor&a=gravida&pede=sem&posuere=praesent&nonummy=id&integer=massa&non=id&velit=nisl','VMware VTSP','SemMaurisLaoreet.xls'),('https://ftc.gov/lobortis/vel.jpg?nam=aenean&nulla=auctor&integer=gravida&pede=sem&justo=praesent&lacinia=id&eget=massa&tincidunt=id&eget=nisl&tempus=venenatis&vel=lacinia&pede=aenean&morbi=sit&porttitor=amet&lorem=justo&id=morbi&ligula=ut&suspendisse=odio','JGrasp','SitAmetEros.ppt'),('https://g.co/in/faucibus/orci/luctus/et.html?nullam=cras&porttitor=mi&lacus=pede&at=malesuada&turpis=in&donec=imperdiet&posuere=et&metus=commodo&vitae=vulputate&ipsum=justo&aliquam=in&non=blandit&mauris=ultrices&morbi=enim&non=lorem&lectus=ipsum&aliquam=dolor&sit=sit&amet=amet&diam=consectetuer&in=adipiscing&magna=elit&bibendum=proin&imperdiet=interdum&nullam=mauris&orci=non&pede=ligula&venenatis=pellentesque&non=ultrices&sodales=phasellus&sed=id&tincidunt=sapien&eu=in&felis=sapien&fusce=iaculis&posuere=congue&felis=vivamus&sed=metus','Xenu','QuisTortor.gif'),('https://gmpg.org/consequat/nulla.json?vulputate=neque&nonummy=sapien&maecenas=placerat&tincidunt=ante&lacus=nulla&at=justo&velit=aliquam&vivamus=quis&vel=turpis&nulla=eget&eget=elit&eros=sodales&elementum=scelerisque&pellentesque=mauris&quisque=sit&porta=amet&volutpat=eros&erat=suspendisse&quisque=accumsan&erat=tortor&eros=quis&viverra=turpis&eget=sed&congue=ante&eget=vivamus&semper=tortor&rutrum=duis&nulla=mattis&nunc=egestas&purus=metus&phasellus=aenean&in=fermentum&felis=donec&donec=ut&semper=mauris&sapien=eget&a=massa','FTO analysis','IdJustoSit.gif'),('https://google.fr/purus/sit/amet/nulla/quisque.json?interdum=sapien&in=in&ante=sapien&vestibulum=iaculis&ante=congue&ipsum=vivamus&primis=metus&in=arcu&faucibus=adipiscing&orci=molestie&luctus=hendrerit&et=at&ultrices=vulputate&posuere=vitae&cubilia=nisl&curae=aenean&duis=lectus&faucibus=pellentesque&accumsan=eget&odio=nunc&curabitur=donec&convallis=quis&duis=orci&consequat=eget&dui=orci&nec=vehicula&nisi=condimentum&volutpat=curabitur&eleifend=in&donec=libero&ut=ut&dolor=massa&morbi=volutpat&vel=convallis&lectus=morbi&in=odio&quam=odio&fringilla=elementum&rhoncus=eu&mauris=interdum&enim=eu&leo=tincidunt&rhoncus=in&sed=leo&vestibulum=maecenas&sit=pulvinar&amet=lobortis&cursus=est&id=phasellus&turpis=sit&integer=amet&aliquet=erat&massa=nulla&id=tempus&lobortis=vivamus&convallis=in&tortor=felis&risus=eu&dapibus=sapien&augue=cursus&vel=vestibulum&accumsan=proin&tellus=eu&nisi=mi&eu=nulla&orci=ac&mauris=enim&lacinia=in&sapien=tempor&quis=turpis&libero=nec&nullam=euismod&sit=scelerisque&amet=quam&turpis=turpis&elementum=adipiscing&ligula=lorem&vehicula=vitae&consequat=mattis&morbi=nibh&a=ligula&ipsum=nec&integer=sem&a=duis&nibh=aliquam&in=convallis','Data Warehousing','UtRhoncus.mpeg'),('https://harvard.edu/maecenas/tincidunt/lacus/at.js?suspendisse=nulla&potenti=sed&in=accumsan&eleifend=felis&quam=ut&a=at&odio=dolor&in=quis&hac=odio&habitasse=consequat&platea=varius&dictumst=integer&maecenas=ac&ut=leo&massa=pellentesque&quis=ultrices&augue=mattis&luctus=odio&tincidunt=donec&nulla=vitae&mollis=nisi&molestie=nam&lorem=ultrices&quisque=libero&ut=non&erat=mattis&curabitur=pulvinar&gravida=nulla&nisi=pede&at=ullamcorper&nibh=augue&in=a&hac=suscipit&habitasse=nulla&platea=elit&dictumst=ac&aliquam=nulla&augue=sed&quam=vel&sollicitudin=enim&vitae=sit&consectetuer=amet&eget=nunc&rutrum=viverra&at=dapibus&lorem=nulla&integer=suscipit&tincidunt=ligula&ante=in&vel=lacus&ipsum=curabitur&praesent=at&blandit=ipsum&lacinia=ac&erat=tellus&vestibulum=semper&sed=interdum&magna=mauris&at=ullamcorper&nunc=purus&commodo=sit&placerat=amet&praesent=nulla&blandit=quisque&nam=arcu&nulla=libero&integer=rutrum&pede=ac&justo=lobortis&lacinia=vel','PMCS','LoremIpsumDolor.jpeg'),('https://infoseek.co.jp/lectus/in/quam/fringilla/rhoncus/mauris/enim.jpg?dictumst=id&morbi=nisl&vestibulum=venenatis&velit=lacinia&id=aenean&pretium=sit&iaculis=amet&diam=justo&erat=morbi&fermentum=ut&justo=odio&nec=cras&condimentum=mi&neque=pede&sapien=malesuada&placerat=in&ante=imperdiet&nulla=et&justo=commodo&aliquam=vulputate&quis=justo&turpis=in&eget=blandit&elit=ultrices&sodales=enim&scelerisque=lorem&mauris=ipsum&sit=dolor&amet=sit&eros=amet&suspendisse=consectetuer&accumsan=adipiscing&tortor=elit&quis=proin&turpis=interdum&sed=mauris&ante=non&vivamus=ligula&tortor=pellentesque&duis=ultrices&mattis=phasellus&egestas=id&metus=sapien&aenean=in&fermentum=sapien&donec=iaculis&ut=congue&mauris=vivamus&eget=metus&massa=arcu&tempor=adipiscing','Jazz Dance','MaurisVulputate.avi'),('https://instagram.com/integer/ac/neque.jsp?ut=consequat&rhoncus=nulla&aliquet=nisl&pulvinar=nunc&sed=nisl&nisl=duis&nunc=bibendum&rhoncus=felis&dui=sed&vel=interdum&sem=venenatis&sed=turpis&sagittis=enim&nam=blandit&congue=mi&risus=in&semper=porttitor&porta=pede&volutpat=justo&quam=eu','Bylined Articles','Primis.xls'),('https://is.gd/nulla/ultrices.jpg?justo=vestibulum&aliquam=proin&quis=eu&turpis=mi&eget=nulla&elit=ac&sodales=enim&scelerisque=in&mauris=tempor&sit=turpis&amet=nec&eros=euismod&suspendisse=scelerisque&accumsan=quam&tortor=turpis&quis=adipiscing&turpis=lorem&sed=vitae&ante=mattis&vivamus=nibh&tortor=ligula&duis=nec&mattis=sem&egestas=duis&metus=aliquam&aenean=convallis&fermentum=nunc&donec=proin&ut=at&mauris=turpis&eget=a&massa=pede&tempor=posuere&convallis=nonummy&nulla=integer&neque=non&libero=velit&convallis=donec&eget=diam&eleifend=neque&luctus=vestibulum&ultricies=eget&eu=vulputate&nibh=ut&quisque=ultrices&id=vel&justo=augue&sit=vestibulum&amet=ante&sapien=ipsum&dignissim=primis&vestibulum=in&vestibulum=faucibus&ante=orci&ipsum=luctus&primis=et&in=ultrices&faucibus=posuere&orci=cubilia&luctus=curae&et=donec&ultrices=pharetra&posuere=magna&cubilia=vestibulum&curae=aliquet&nulla=ultrices&dapibus=erat&dolor=tortor&vel=sollicitudin&est=mi','Vlookup','VelLectusIn.doc'),('https://issuu.com/quam/pede/lobortis/ligula.jpg?amet=praesent&cursus=lectus&id=vestibulum&turpis=quam&integer=sapien&aliquet=varius&massa=ut&id=blandit&lobortis=non&convallis=interdum&tortor=in&risus=ante&dapibus=vestibulum&augue=ante&vel=ipsum&accumsan=primis&tellus=in&nisi=faucibus&eu=orci&orci=luctus&mauris=et&lacinia=ultrices&sapien=posuere&quis=cubilia&libero=curae&nullam=duis&sit=faucibus&amet=accumsan&turpis=odio&elementum=curabitur&ligula=convallis&vehicula=duis&consequat=consequat&morbi=dui&a=nec&ipsum=nisi&integer=volutpat&a=eleifend&nibh=donec&in=ut&quis=dolor&justo=morbi&maecenas=vel&rhoncus=lectus&aliquam=in&lacus=quam&morbi=fringilla&quis=rhoncus&tortor=mauris&id=enim&nulla=leo&ultrices=rhoncus&aliquet=sed&maecenas=vestibulum&leo=sit&odio=amet&condimentum=cursus&id=id&luctus=turpis&nec=integer&molestie=aliquet&sed=massa&justo=id&pellentesque=lobortis&viverra=convallis&pede=tortor&ac=risus&diam=dapibus&cras=augue&pellentesque=vel&volutpat=accumsan&dui=tellus&maecenas=nisi&tristique=eu&est=orci&et=mauris&tempus=lacinia&semper=sapien&est=quis&quam=libero&pharetra=nullam&magna=sit&ac=amet&consequat=turpis&metus=elementum&sapien=ligula&ut=vehicula&nunc=consequat&vestibulum=morbi&ante=a&ipsum=ipsum&primis=integer&in=a&faucibus=nibh&orci=in&luctus=quis&et=justo','JavaBeans','EtMagnis.pdf'),('https://istockphoto.com/sollicitudin/vitae/consectetuer/eget/rutrum/at.jpg?quam=turpis&a=sed&odio=ante&in=vivamus&hac=tortor&habitasse=duis&platea=mattis&dictumst=egestas&maecenas=metus&ut=aenean&massa=fermentum&quis=donec&augue=ut&luctus=mauris&tincidunt=eget&nulla=massa&mollis=tempor&molestie=convallis&lorem=nulla&quisque=neque&ut=libero&erat=convallis&curabitur=eget&gravida=eleifend&nisi=luctus&at=ultricies&nibh=eu&in=nibh&hac=quisque&habitasse=id&platea=justo&dictumst=sit&aliquam=amet&augue=sapien&quam=dignissim&sollicitudin=vestibulum&vitae=vestibulum&consectetuer=ante&eget=ipsum&rutrum=primis&at=in&lorem=faucibus&integer=orci&tincidunt=luctus&ante=et&vel=ultrices&ipsum=posuere&praesent=cubilia&blandit=curae&lacinia=nulla&erat=dapibus&vestibulum=dolor&sed=vel&magna=est&at=donec&nunc=odio&commodo=justo&placerat=sollicitudin&praesent=ut&blandit=suscipit&nam=a&nulla=feugiat&integer=et&pede=eros&justo=vestibulum&lacinia=ac&eget=est&tincidunt=lacinia&eget=nisi&tempus=venenatis&vel=tristique&pede=fusce','Window Displays','Proin.pdf'),('https://java.com/eget/massa/tempor/convallis/nulla/neque/libero.html?pede=aenean&venenatis=fermentum&non=donec&sodales=ut&sed=mauris&tincidunt=eget&eu=massa&felis=tempor&fusce=convallis&posuere=nulla&felis=neque&sed=libero&lacus=convallis&morbi=eget&sem=eleifend&mauris=luctus&laoreet=ultricies&ut=eu&rhoncus=nibh&aliquet=quisque&pulvinar=id&sed=justo&nisl=sit&nunc=amet&rhoncus=sapien&dui=dignissim&vel=vestibulum&sem=vestibulum&sed=ante&sagittis=ipsum&nam=primis&congue=in&risus=faucibus&semper=orci&porta=luctus&volutpat=et&quam=ultrices&pede=posuere&lobortis=cubilia&ligula=curae&sit=nulla&amet=dapibus&eleifend=dolor&pede=vel&libero=est&quis=donec&orci=odio&nullam=justo&molestie=sollicitudin&nibh=ut&in=suscipit&lectus=a&pellentesque=feugiat&at=et&nulla=eros&suspendisse=vestibulum&potenti=ac&cras=est&in=lacinia&purus=nisi&eu=venenatis&magna=tristique&vulputate=fusce&luctus=congue&cum=diam&sociis=id&natoque=ornare&penatibus=imperdiet&et=sapien&magnis=urna&dis=pretium&parturient=nisl&montes=ut&nascetur=volutpat&ridiculus=sapien&mus=arcu','Easily Adaptable','VolutpatQuamPede.pdf'),('https://mayoclinic.com/neque/libero/convallis/eget.aspx?quam=pede&sapien=ullamcorper&varius=augue&ut=a&blandit=suscipit&non=nulla&interdum=elit&in=ac','Kodak','SedVestibulum.jpeg'),('https://mlb.com/luctus.xml?quis=nulla&orci=suspendisse&eget=potenti&orci=cras&vehicula=in&condimentum=purus&curabitur=eu&in=magna&libero=vulputate&ut=luctus&massa=cum&volutpat=sociis&convallis=natoque&morbi=penatibus&odio=et&odio=magnis&elementum=dis&eu=parturient&interdum=montes&eu=nascetur&tincidunt=ridiculus&in=mus&leo=vivamus&maecenas=vestibulum&pulvinar=sagittis&lobortis=sapien&est=cum&phasellus=sociis&sit=natoque&amet=penatibus&erat=et&nulla=magnis&tempus=dis&vivamus=parturient&in=montes&felis=nascetur&eu=ridiculus&sapien=mus&cursus=etiam&vestibulum=vel&proin=augue&eu=vestibulum&mi=rutrum&nulla=rutrum&ac=neque&enim=aenean&in=auctor&tempor=gravida&turpis=sem&nec=praesent&euismod=id&scelerisque=massa&quam=id&turpis=nisl&adipiscing=venenatis&lorem=lacinia&vitae=aenean&mattis=sit&nibh=amet&ligula=justo&nec=morbi&sem=ut&duis=odio&aliquam=cras&convallis=mi&nunc=pede&proin=malesuada&at=in&turpis=imperdiet&a=et&pede=commodo','Radio Promotions','DonecDiam.mp3'),('https://msu.edu/diam/in/magna/bibendum/imperdiet.json?integer=id&aliquet=ligula&massa=suspendisse&id=ornare&lobortis=consequat&convallis=lectus&tortor=in&risus=est&dapibus=risus&augue=auctor&vel=sed&accumsan=tristique&tellus=in&nisi=tempus&eu=sit&orci=amet&mauris=sem&lacinia=fusce&sapien=consequat&quis=nulla&libero=nisl&nullam=nunc&sit=nisl&amet=duis&turpis=bibendum&elementum=felis&ligula=sed&vehicula=interdum&consequat=venenatis&morbi=turpis&a=enim&ipsum=blandit&integer=mi&a=in&nibh=porttitor&in=pede&quis=justo&justo=eu','Reverse Logistics','Odio.avi'),('https://nature.com/id/consequat/in.xml?sodales=sapien&scelerisque=in&mauris=sapien&sit=iaculis&amet=congue&eros=vivamus&suspendisse=metus&accumsan=arcu&tortor=adipiscing&quis=molestie&turpis=hendrerit&sed=at&ante=vulputate&vivamus=vitae&tortor=nisl&duis=aenean&mattis=lectus&egestas=pellentesque&metus=eget&aenean=nunc&fermentum=donec&donec=quis&ut=orci&mauris=eget&eget=orci&massa=vehicula&tempor=condimentum&convallis=curabitur&nulla=in&neque=libero&libero=ut&convallis=massa&eget=volutpat&eleifend=convallis&luctus=morbi&ultricies=odio&eu=odio&nibh=elementum&quisque=eu&id=interdum&justo=eu&sit=tincidunt&amet=in&sapien=leo&dignissim=maecenas&vestibulum=pulvinar&vestibulum=lobortis&ante=est&ipsum=phasellus&primis=sit&in=amet&faucibus=erat&orci=nulla&luctus=tempus&et=vivamus&ultrices=in&posuere=felis&cubilia=eu&curae=sapien&nulla=cursus&dapibus=vestibulum&dolor=proin&vel=eu&est=mi&donec=nulla&odio=ac&justo=enim&sollicitudin=in&ut=tempor&suscipit=turpis&a=nec&feugiat=euismod&et=scelerisque&eros=quam&vestibulum=turpis&ac=adipiscing&est=lorem&lacinia=vitae&nisi=mattis&venenatis=nibh&tristique=ligula&fusce=nec&congue=sem&diam=duis&id=aliquam&ornare=convallis&imperdiet=nunc&sapien=proin&urna=at&pretium=turpis&nisl=a&ut=pede&volutpat=posuere&sapien=nonummy&arcu=integer&sed=non&augue=velit&aliquam=donec&erat=diam&volutpat=neque','Djbdns','PretiumIaculis.png'),('https://nba.com/condimentum/id.aspx?mauris=augue&morbi=a&non=suscipit&lectus=nulla&aliquam=elit&sit=ac&amet=nulla&diam=sed&in=vel&magna=enim&bibendum=sit&imperdiet=amet&nullam=nunc&orci=viverra&pede=dapibus&venenatis=nulla&non=suscipit&sodales=ligula&sed=in&tincidunt=lacus&eu=curabitur&felis=at&fusce=ipsum&posuere=ac&felis=tellus&sed=semper&lacus=interdum&morbi=mauris&sem=ullamcorper&mauris=purus&laoreet=sit&ut=amet&rhoncus=nulla&aliquet=quisque&pulvinar=arcu&sed=libero&nisl=rutrum&nunc=ac&rhoncus=lobortis&dui=vel&vel=dapibus&sem=at&sed=diam&sagittis=nam&nam=tristique&congue=tortor','Management Consulting','Ligula.png'),('https://newsvine.com/consectetuer/eget/rutrum/at/lorem/integer/tincidunt.json?nulla=at&tempus=nunc&vivamus=commodo&in=placerat&felis=praesent&eu=blandit&sapien=nam&cursus=nulla&vestibulum=integer&proin=pede&eu=justo&mi=lacinia&nulla=eget&ac=tincidunt&enim=eget&in=tempus&tempor=vel&turpis=pede&nec=morbi&euismod=porttitor&scelerisque=lorem&quam=id&turpis=ligula&adipiscing=suspendisse&lorem=ornare&vitae=consequat&mattis=lectus&nibh=in&ligula=est&nec=risus&sem=auctor&duis=sed&aliquam=tristique&convallis=in&nunc=tempus&proin=sit&at=amet&turpis=sem&a=fusce&pede=consequat&posuere=nulla&nonummy=nisl&integer=nunc&non=nisl&velit=duis&donec=bibendum&diam=felis&neque=sed','Team Leadership','Eget.avi'),('https://nsw.gov.au/bibendum/morbi/non/quam/nec/dui.html?vel=lacinia&nisl=eget&duis=tincidunt&ac=eget&nibh=tempus&fusce=vel&lacus=pede&purus=morbi&aliquet=porttitor&at=lorem&feugiat=id&non=ligula&pretium=suspendisse&quis=ornare&lectus=consequat&suspendisse=lectus&potenti=in&in=est&eleifend=risus&quam=auctor&a=sed&odio=tristique&in=in&hac=tempus&habitasse=sit&platea=amet&dictumst=sem&maecenas=fusce&ut=consequat&massa=nulla&quis=nisl&augue=nunc&luctus=nisl&tincidunt=duis&nulla=bibendum&mollis=felis&molestie=sed&lorem=interdum&quisque=venenatis&ut=turpis&erat=enim&curabitur=blandit&gravida=mi&nisi=in&at=porttitor&nibh=pede&in=justo&hac=eu&habitasse=massa&platea=donec&dictumst=dapibus&aliquam=duis&augue=at&quam=velit&sollicitudin=eu&vitae=est&consectetuer=congue&eget=elementum&rutrum=in&at=hac&lorem=habitasse&integer=platea&tincidunt=dictumst&ante=morbi&vel=vestibulum&ipsum=velit&praesent=id&blandit=pretium&lacinia=iaculis&erat=diam&vestibulum=erat&sed=fermentum&magna=justo&at=nec&nunc=condimentum&commodo=neque&placerat=sapien&praesent=placerat&blandit=ante&nam=nulla&nulla=justo&integer=aliquam','Hardware Diagnostics','Vestibulum.png'),('https://nydailynews.com/vestibulum/ante/ipsum/primis/in/faucibus.jsp?nulla=ut&integer=tellus&pede=nulla&justo=ut&lacinia=erat&eget=id&tincidunt=mauris&eget=vulputate&tempus=elementum&vel=nullam&pede=varius&morbi=nulla&porttitor=facilisi&lorem=cras&id=non&ligula=velit&suspendisse=nec&ornare=nisi&consequat=vulputate&lectus=nonummy&in=maecenas&est=tincidunt&risus=lacus&auctor=at&sed=velit&tristique=vivamus&in=vel&tempus=nulla&sit=eget&amet=eros&sem=elementum','PMIS','Ipsum.mp3'),('https://odnoklassniki.ru/neque/vestibulum/eget/vulputate.png?quis=non&odio=interdum&consequat=in&varius=ante&integer=vestibulum&ac=ante&leo=ipsum&pellentesque=primis&ultrices=in&mattis=faucibus&odio=orci&donec=luctus&vitae=et&nisi=ultrices&nam=posuere&ultrices=cubilia&libero=curae&non=duis&mattis=faucibus&pulvinar=accumsan&nulla=odio&pede=curabitur&ullamcorper=convallis&augue=duis&a=consequat&suscipit=dui&nulla=nec&elit=nisi&ac=volutpat&nulla=eleifend&sed=donec&vel=ut&enim=dolor&sit=morbi&amet=vel&nunc=lectus&viverra=in&dapibus=quam&nulla=fringilla&suscipit=rhoncus&ligula=mauris&in=enim&lacus=leo&curabitur=rhoncus&at=sed&ipsum=vestibulum&ac=sit&tellus=amet&semper=cursus&interdum=id&mauris=turpis&ullamcorper=integer&purus=aliquet&sit=massa&amet=id&nulla=lobortis&quisque=convallis&arcu=tortor&libero=risus&rutrum=dapibus&ac=augue&lobortis=vel&vel=accumsan&dapibus=tellus','VLSI','PosuereCubilia.jpeg'),('https://oracle.com/turpis/nec/euismod/scelerisque/quam/turpis.jsp?ut=diam&mauris=id&eget=ornare&massa=imperdiet&tempor=sapien&convallis=urna&nulla=pretium&neque=nisl&libero=ut&convallis=volutpat&eget=sapien&eleifend=arcu&luctus=sed&ultricies=augue&eu=aliquam&nibh=erat&quisque=volutpat&id=in&justo=congue&sit=etiam&amet=justo&sapien=etiam&dignissim=pretium&vestibulum=iaculis&vestibulum=justo&ante=in&ipsum=hac&primis=habitasse&in=platea&faucibus=dictumst&orci=etiam&luctus=faucibus&et=cursus&ultrices=urna&posuere=ut&cubilia=tellus&curae=nulla&nulla=ut&dapibus=erat&dolor=id&vel=mauris&est=vulputate&donec=elementum&odio=nullam&justo=varius&sollicitudin=nulla&ut=facilisi&suscipit=cras&a=non&feugiat=velit&et=nec&eros=nisi&vestibulum=vulputate&ac=nonummy&est=maecenas&lacinia=tincidunt&nisi=lacus&venenatis=at&tristique=velit&fusce=vivamus&congue=vel&diam=nulla&id=eget&ornare=eros&imperdiet=elementum&sapien=pellentesque&urna=quisque&pretium=porta&nisl=volutpat&ut=erat&volutpat=quisque&sapien=erat&arcu=eros&sed=viverra&augue=eget','Protein Purification','PosuereCubilia.xls'),('https://qq.com/amet/sem/fusce.html?ipsum=nulla&dolor=suscipit&sit=ligula&amet=in&consectetuer=lacus&adipiscing=curabitur&elit=at&proin=ipsum&interdum=ac&mauris=tellus&non=semper&ligula=interdum&pellentesque=mauris&ultrices=ullamcorper&phasellus=purus&id=sit&sapien=amet&in=nulla&sapien=quisque&iaculis=arcu&congue=libero&vivamus=rutrum&metus=ac&arcu=lobortis&adipiscing=vel&molestie=dapibus&hendrerit=at&at=diam&vulputate=nam&vitae=tristique&nisl=tortor&aenean=eu','Lubricants','VelitEuEst.xls'),('https://rakuten.co.jp/nisl/duis.jpg?libero=montes&quis=nascetur&orci=ridiculus&nullam=mus&molestie=vivamus&nibh=vestibulum&in=sagittis&lectus=sapien&pellentesque=cum&at=sociis&nulla=natoque&suspendisse=penatibus&potenti=et&cras=magnis&in=dis&purus=parturient&eu=montes&magna=nascetur&vulputate=ridiculus&luctus=mus&cum=etiam&sociis=vel&natoque=augue&penatibus=vestibulum&et=rutrum&magnis=rutrum&dis=neque&parturient=aenean&montes=auctor&nascetur=gravida&ridiculus=sem','NYMEX','InFaucibus.xls'),('https://scribd.com/sed/vel.json?nullam=nunc&varius=donec&nulla=quis&facilisi=orci&cras=eget&non=orci&velit=vehicula&nec=condimentum&nisi=curabitur&vulputate=in&nonummy=libero&maecenas=ut&tincidunt=massa&lacus=volutpat&at=convallis&velit=morbi&vivamus=odio&vel=odio&nulla=elementum&eget=eu&eros=interdum&elementum=eu&pellentesque=tincidunt&quisque=in&porta=leo&volutpat=maecenas&erat=pulvinar&quisque=lobortis&erat=est&eros=phasellus&viverra=sit&eget=amet&congue=erat&eget=nulla&semper=tempus&rutrum=vivamus&nulla=in&nunc=felis&purus=eu&phasellus=sapien&in=cursus&felis=vestibulum&donec=proin&semper=eu&sapien=mi&a=nulla&libero=ac&nam=enim&dui=in&proin=tempor&leo=turpis&odio=nec&porttitor=euismod&id=scelerisque&consequat=quam&in=turpis&consequat=adipiscing&ut=lorem&nulla=vitae&sed=mattis&accumsan=nibh&felis=ligula&ut=nec&at=sem&dolor=duis&quis=aliquam&odio=convallis&consequat=nunc&varius=proin&integer=at&ac=turpis&leo=a&pellentesque=pede&ultrices=posuere&mattis=nonummy&odio=integer&donec=non&vitae=velit&nisi=donec&nam=diam&ultrices=neque&libero=vestibulum&non=eget&mattis=vulputate&pulvinar=ut&nulla=ultrices&pede=vel&ullamcorper=augue','Time &amp',NULL),('https://seesaa.net/elementum.xml?pede=urna&ullamcorper=ut&augue=tellus&a=nulla&suscipit=ut&nulla=erat&elit=id&ac=mauris&nulla=vulputate&sed=elementum&vel=nullam&enim=varius&sit=nulla&amet=facilisi&nunc=cras','FDA','CongueDiamId.mp3'),('https://shutterfly.com/pede/morbi/porttitor/lorem/id/ligula.json?in=nibh&felis=in&eu=lectus&sapien=pellentesque&cursus=at&vestibulum=nulla&proin=suspendisse&eu=potenti&mi=cras&nulla=in&ac=purus&enim=eu&in=magna&tempor=vulputate&turpis=luctus&nec=cum&euismod=sociis&scelerisque=natoque&quam=penatibus&turpis=et&adipiscing=magnis&lorem=dis&vitae=parturient&mattis=montes&nibh=nascetur&ligula=ridiculus&nec=mus&sem=vivamus&duis=vestibulum','PMP','BlanditNonInterdum.avi'),('https://sourceforge.net/mi/in/porttitor/pede.json?velit=neque&vivamus=aenean&vel=auctor&nulla=gravida&eget=sem&eros=praesent&elementum=id&pellentesque=massa&quisque=id&porta=nisl&volutpat=venenatis&erat=lacinia&quisque=aenean&erat=sit&eros=amet&viverra=justo&eget=morbi&congue=ut&eget=odio&semper=cras&rutrum=mi&nulla=pede&nunc=malesuada&purus=in&phasellus=imperdiet&in=et&felis=commodo&donec=vulputate&semper=justo&sapien=in&a=blandit&libero=ultrices&nam=enim&dui=lorem&proin=ipsum&leo=dolor&odio=sit&porttitor=amet&id=consectetuer&consequat=adipiscing&in=elit&consequat=proin&ut=interdum&nulla=mauris&sed=non&accumsan=ligula&felis=pellentesque&ut=ultrices&at=phasellus&dolor=id&quis=sapien&odio=in&consequat=sapien&varius=iaculis&integer=congue&ac=vivamus&leo=metus&pellentesque=arcu&ultrices=adipiscing&mattis=molestie&odio=hendrerit&donec=at&vitae=vulputate&nisi=vitae&nam=nisl&ultrices=aenean&libero=lectus&non=pellentesque&mattis=eget&pulvinar=nunc','Silverlight','MolestieHendreritAt.avi'),('https://timesonline.co.uk/commodo.html?mauris=vestibulum&vulputate=eget&elementum=vulputate&nullam=ut&varius=ultrices&nulla=vel&facilisi=augue&cras=vestibulum&non=ante&velit=ipsum&nec=primis&nisi=in&vulputate=faucibus&nonummy=orci&maecenas=luctus&tincidunt=et&lacus=ultrices&at=posuere&velit=cubilia&vivamus=curae&vel=donec&nulla=pharetra&eget=magna&eros=vestibulum&elementum=aliquet&pellentesque=ultrices&quisque=erat&porta=tortor&volutpat=sollicitudin&erat=mi&quisque=sit&erat=amet&eros=lobortis&viverra=sapien&eget=sapien&congue=non&eget=mi','GIS Application','EstRisus.txt'),('https://tripadvisor.com/dis.png?sem=scelerisque&duis=quam&aliquam=turpis&convallis=adipiscing&nunc=lorem&proin=vitae&at=mattis&turpis=nibh&a=ligula&pede=nec&posuere=sem&nonummy=duis&integer=aliquam&non=convallis&velit=nunc&donec=proin&diam=at&neque=turpis&vestibulum=a&eget=pede&vulputate=posuere&ut=nonummy&ultrices=integer&vel=non&augue=velit&vestibulum=donec&ante=diam&ipsum=neque&primis=vestibulum&in=eget&faucibus=vulputate','Xsigo','PraesentBlanditNam.mp3'),('https://uiuc.edu/rhoncus/sed/vestibulum/sit.jsp?rhoncus=eget&dui=elit&vel=sodales&sem=scelerisque&sed=mauris&sagittis=sit&nam=amet&congue=eros&risus=suspendisse&semper=accumsan&porta=tortor&volutpat=quis&quam=turpis&pede=sed&lobortis=ante&ligula=vivamus&sit=tortor&amet=duis&eleifend=mattis&pede=egestas&libero=metus&quis=aenean&orci=fermentum&nullam=donec&molestie=ut&nibh=mauris&in=eget&lectus=massa&pellentesque=tempor&at=convallis&nulla=nulla&suspendisse=neque&potenti=libero&cras=convallis&in=eget&purus=eleifend&eu=luctus&magna=ultricies&vulputate=eu&luctus=nibh&cum=quisque&sociis=id&natoque=justo&penatibus=sit&et=amet&magnis=sapien&dis=dignissim&parturient=vestibulum&montes=vestibulum&nascetur=ante&ridiculus=ipsum&mus=primis&vivamus=in&vestibulum=faucibus&sagittis=orci&sapien=luctus&cum=et&sociis=ultrices&natoque=posuere&penatibus=cubilia&et=curae&magnis=nulla&dis=dapibus&parturient=dolor&montes=vel&nascetur=est&ridiculus=donec&mus=odio&etiam=justo&vel=sollicitudin&augue=ut&vestibulum=suscipit&rutrum=a&rutrum=feugiat&neque=et&aenean=eros&auctor=vestibulum&gravida=ac&sem=est&praesent=lacinia&id=nisi&massa=venenatis&id=tristique&nisl=fusce&venenatis=congue','SAP','MolestieLorem.mp3'),('https://webnode.com/sit/amet/turpis.jpg?molestie=odio&nibh=donec&in=vitae&lectus=nisi&pellentesque=nam&at=ultrices&nulla=libero&suspendisse=non&potenti=mattis&cras=pulvinar&in=nulla&purus=pede&eu=ullamcorper&magna=augue&vulputate=a&luctus=suscipit&cum=nulla&sociis=elit&natoque=ac&penatibus=nulla&et=sed&magnis=vel&dis=enim&parturient=sit&montes=amet&nascetur=nunc&ridiculus=viverra&mus=dapibus&vivamus=nulla','Volunteer Recruiting','LeoRhoncusSed.tiff'),('https://weibo.com/aliquet/ultrices/erat/tortor/sollicitudin/mi.jpg?nascetur=viverra&ridiculus=diam&mus=vitae&etiam=quam&vel=suspendisse&augue=potenti&vestibulum=nullam&rutrum=porttitor&rutrum=lacus&neque=at&aenean=turpis&auctor=donec&gravida=posuere&sem=metus&praesent=vitae&id=ipsum&massa=aliquam&id=non&nisl=mauris&venenatis=morbi&lacinia=non&aenean=lectus&sit=aliquam&amet=sit&justo=amet&morbi=diam&ut=in&odio=magna&cras=bibendum&mi=imperdiet&pede=nullam&malesuada=orci&in=pede&imperdiet=venenatis&et=non&commodo=sodales&vulputate=sed&justo=tincidunt&in=eu&blandit=felis&ultrices=fusce&enim=posuere&lorem=felis&ipsum=sed&dolor=lacus&sit=morbi&amet=sem&consectetuer=mauris','Oil &amp',NULL),('https://weibo.com/hac/habitasse/platea/dictumst.json?rutrum=lorem&nulla=id&nunc=ligula&purus=suspendisse&phasellus=ornare&in=consequat&felis=lectus&donec=in&semper=est&sapien=risus&a=auctor&libero=sed&nam=tristique&dui=in&proin=tempus&leo=sit&odio=amet&porttitor=sem&id=fusce&consequat=consequat&in=nulla&consequat=nisl&ut=nunc&nulla=nisl&sed=duis&accumsan=bibendum&felis=felis&ut=sed&at=interdum&dolor=venenatis&quis=turpis&odio=enim&consequat=blandit&varius=mi&integer=in&ac=porttitor&leo=pede&pellentesque=justo&ultrices=eu&mattis=massa&odio=donec&donec=dapibus','Copywriting','NonummyMaecenasTincidunt.mp3'),('https://wufoo.com/libero/convallis/eget/eleifend/luctus/ultricies.js?blandit=imperdiet&mi=sapien&in=urna&porttitor=pretium&pede=nisl&justo=ut&eu=volutpat&massa=sapien&donec=arcu&dapibus=sed&duis=augue','VLSI CAD','RhoncusMaurisEnim.xls'),('https://xing.com/tristique/est/et.json?scelerisque=lorem&quam=id&turpis=ligula&adipiscing=suspendisse&lorem=ornare&vitae=consequat&mattis=lectus&nibh=in&ligula=est&nec=risus&sem=auctor&duis=sed&aliquam=tristique&convallis=in&nunc=tempus&proin=sit&at=amet&turpis=sem&a=fusce&pede=consequat&posuere=nulla&nonummy=nisl&integer=nunc&non=nisl&velit=duis&donec=bibendum&diam=felis&neque=sed&vestibulum=interdum&eget=venenatis&vulputate=turpis&ut=enim&ultrices=blandit&vel=mi&augue=in&vestibulum=porttitor&ante=pede&ipsum=justo&primis=eu&in=massa&faucibus=donec&orci=dapibus&luctus=duis&et=at&ultrices=velit&posuere=eu&cubilia=est&curae=congue','Final Cut Pro','ArcuSedAugue.jpeg');
/*!40000 ALTER TABLE `materi_ajar` ENABLE KEYS */;
UNLOCK TABLES;

--
-- Table structure for table `member`
--

DROP TABLE IF EXISTS `member`;
/*!40101 SET @saved_cs_client     = @@character_set_client */;
/*!40101 SET character_set_client = utf8 */;
CREATE TABLE `member` (
  `id_member` int(11) NOT NULL,
  `name` varchar(50) DEFAULT NULL,
  `address` varchar(50) DEFAULT NULL,
  `photo` varchar(100) DEFAULT NULL,
  `preferensi_kerja` varchar(50) DEFAULT NULL,
  `phone_number` varchar(25) DEFAULT NULL,
  `email` varchar(50) DEFAULT NULL,
  PRIMARY KEY (`id_member`)
) ENGINE=InnoDB DEFAULT CHARSET=latin1;
/*!40101 SET character_set_client = @saved_cs_client */;

--
-- Dumping data for table `member`
--

LOCK TABLES `member` WRITE;
/*!40000 ALTER TABLE `member` DISABLE KEYS */;
INSERT INTO `member` (`id_member`, `name`, `address`, `photo`, `preferensi_kerja`, `phone_number`, `email`) VALUES (1,'Shelton Hamlyn','8 Rowland Parkway','http://dummyimage.com/210x210.jpg/5fa2dd/ffffff','VP Product Management','902-937-3801','shamlyn0@npr.org'),(2,'Lana Havard','0 Homewood Trail','http://dummyimage.com/221x137.jpg/5fa2dd/ffffff','Senior Sales Associate','677-827-3415','lhavard1@cloudflare.com'),(3,'Gawen Trout','4444 Rutledge Park','http://dummyimage.com/248x236.jpg/5fa2dd/ffffff','Chemical Engineer','390-281-2199','gtrout2@kickstarter.com'),(4,'Vassili Bogaert','643 Logan Hill','http://dummyimage.com/125x217.png/cc0000/ffffff','Business Systems Development Analyst','297-856-2237','vbogaert3@yolasite.com'),(5,'Cass Busby','003 Messerschmidt Drive','http://dummyimage.com/196x156.jpg/5fa2dd/ffffff','VP Marketing','142-173-1336','cbusby4@state.gov'),(6,'Lowrance Dounbare','6944 Loftsgordon Point','http://dummyimage.com/153x201.jpg/5fa2dd/ffffff','Internal Auditor','650-590-8064','ldounbare5@mtv.com'),(7,'Lazare Jovovic','10713 Sloan Junction','http://dummyimage.com/228x205.png/cc0000/ffffff','Senior Editor','603-692-4112','ljovovic6@java.com'),(8,'Terrijo De Nisco','3735 Hayes Hill','http://dummyimage.com/111x163.jpg/dddddd/000000','Recruiter','511-102-8514','tde7@buzzfeed.com'),(9,'Baird Chantler','953 Ridgeview Circle','http://dummyimage.com/232x184.jpg/dddddd/000000','Desktop Support Technician','865-640-4513','bchantler8@pcworld.com'),(10,'Lane Zorzini','5 Farragut Lane','http://dummyimage.com/112x143.jpg/5fa2dd/ffffff','Librarian','838-963-5012','lzorzini9@blogtalkradio.com'),(11,'Otis Rosenschein','22293 Ronald Regan Circle','http://dummyimage.com/218x216.png/5fa2dd/ffffff','Statistician I','703-975-5978','orosenscheina@networkadvertising.org'),(12,'Deena Knapton','414 Florence Park','http://dummyimage.com/221x239.png/5fa2dd/ffffff','Product Engineer','789-893-9053','dknaptonb@nyu.edu'),(13,'Harri Bryan','5 Ilene Trail','http://dummyimage.com/134x238.bmp/ff4444/ffffff','Nuclear Power Engineer','883-274-9047','hbryanc@senate.gov'),(14,'Lucius Scowcraft','3 Oriole Lane','http://dummyimage.com/204x148.jpg/5fa2dd/ffffff','Accounting Assistant II','739-924-3373','lscowcraftd@ebay.co.uk'),(15,'Fulton Vickarman','336 Summer Ridge Road','http://dummyimage.com/233x199.bmp/dddddd/000000','Research Associate','466-201-4734','fvickarmane@mit.edu'),(16,'Rodolph Samsworth','16762 Annamark Drive','http://dummyimage.com/249x141.jpg/5fa2dd/ffffff','VP Accounting','863-587-4433','rsamsworthf@ycombinator.com'),(17,'Karyn Thalmann','5 Talisman Hill','http://dummyimage.com/221x191.jpg/dddddd/000000','Marketing Assistant','968-842-4796','kthalmanng@goo.ne.jp'),(18,'Dawna Kirkup','02619 Merchant Trail','http://dummyimage.com/178x168.png/dddddd/000000','Registered Nurse','678-141-8894','dkirkuph@joomla.org'),(19,'Corey Bennough','3688 Sunnyside Parkway','http://dummyimage.com/145x165.png/ff4444/ffffff','Geologist I','831-187-9018','cbennoughi@smugmug.com'),(20,'Kyle Fivey','495 Muir Way','http://dummyimage.com/229x144.jpg/ff4444/ffffff','Financial Advisor','273-936-3426','kfiveyj@utexas.edu'),(21,'Ronald Chippin','08104 Starling Court','http://dummyimage.com/150x245.jpg/dddddd/000000','Environmental Tech','601-904-7542','rchippink@blogs.com'),(22,'Ian Ebbutt','21 Sundown Circle','http://dummyimage.com/181x195.bmp/cc0000/ffffff','Mechanical Systems Engineer','911-825-2849','iebbuttl@nydailynews.com'),(23,'Lauraine Aymes','33933 Golf Parkway','http://dummyimage.com/147x127.bmp/dddddd/000000','Research Associate','408-484-2172','laymesm@nyu.edu'),(24,'Kat Bruins','1393 Buena Vista Terrace','http://dummyimage.com/193x202.png/5fa2dd/ffffff','Librarian','367-668-9942','kbruinsn@lycos.com'),(25,'Nappie Scutchings','215 Transport Alley','http://dummyimage.com/112x197.bmp/5fa2dd/ffffff','VP Sales','746-431-9737','nscutchingso@redcross.org'),(26,'Imogen Cabrara','32216 8th Junction','http://dummyimage.com/228x124.png/ff4444/ffffff','Research Assistant I','463-776-9213','icabrarap@apache.org'),(27,'Baxy McInteer','3408 Paget Avenue','http://dummyimage.com/175x113.bmp/5fa2dd/ffffff','Human Resources Assistant III','989-456-4858','bmcinteerq@google.es'),(28,'Corina Welfair','7965 Bunker Hill Circle','http://dummyimage.com/172x125.jpg/cc0000/ffffff','Product Engineer','592-780-1282','cwelfairr@goo.ne.jp'),(29,'Tibold Kirwin','51 Maywood Alley','http://dummyimage.com/228x190.bmp/ff4444/ffffff','Recruiting Manager','443-106-9862','tkirwins@vkontakte.ru'),(30,'Jesus Dumelow','3846 Hagan Alley','http://dummyimage.com/106x126.jpg/dddddd/000000','Structural Analysis Engineer','826-492-2676','jdumelowt@youku.com'),(31,'Lyell Grieswood','5 Glacier Hill Road','http://dummyimage.com/196x170.bmp/cc0000/ffffff','Staff Scientist','689-735-5523','lgrieswoodu@amazon.com'),(32,'Reinaldos Dumbleton','82 North Parkway','http://dummyimage.com/138x171.jpg/ff4444/ffffff','Computer Systems Analyst II','706-641-2936','rdumbletonv@cbsnews.com'),(33,'Antonietta Ashlin','59673 Claremont Lane','http://dummyimage.com/234x127.bmp/cc0000/ffffff','Account Coordinator','765-369-2746','aashlinw@yellowpages.com'),(34,'Sidoney Lawther','4755 5th Circle','http://dummyimage.com/105x224.jpg/ff4444/ffffff','Internal Auditor','794-134-4841','slawtherx@answers.com'),(35,'Honey Chatband','60582 Sauthoff Trail','http://dummyimage.com/153x214.bmp/dddddd/000000','Chief Design Engineer','729-694-0438','hchatbandy@nymag.com'),(36,'Arel Wadwell','92 Karstens Park','http://dummyimage.com/151x152.bmp/5fa2dd/ffffff','VP Accounting','419-330-5264','awadwellz@princeton.edu'),(37,'Phillie MacFayden','42370 Lerdahl Court','http://dummyimage.com/192x165.png/cc0000/ffffff','General Manager','876-665-4176','pmacfayden10@sun.com'),(38,'Langston Quiddihy','9882 Red Cloud Junction','http://dummyimage.com/143x110.bmp/5fa2dd/ffffff','VP Marketing','406-596-4244','lquiddihy11@pbs.org'),(39,'Brandon Hegerty','6526 Northridge Way','http://dummyimage.com/135x132.bmp/dddddd/000000','Recruiter','641-939-6059','bhegerty12@google.ru'),(40,'Allys Coneybeare','8550 Walton Alley','http://dummyimage.com/100x189.bmp/ff4444/ffffff','Physical Therapy Assistant','890-340-8446','aconeybeare13@moonfruit.com'),(41,'Taddeusz Phlippsen','70485 Ludington Hill','http://dummyimage.com/134x109.jpg/cc0000/ffffff','Product Engineer','344-654-2268','tphlippsen14@cdbaby.com'),(42,'Marika O\'Reilly','46378 Riverside Point','http://dummyimage.com/227x118.bmp/dddddd/000000','Biostatistician IV','717-360-7212','moreilly15@nhs.uk'),(43,'Iormina Kermott','76 Scott Parkway','http://dummyimage.com/153x222.png/5fa2dd/ffffff','Geological Engineer','736-874-9235','ikermott16@indiegogo.com'),(44,'Sherry Buist','86227 Bobwhite Street','http://dummyimage.com/132x179.png/5fa2dd/ffffff','VP Product Management','981-616-0415','sbuist17@google.cn'),(45,'Teriann Poacher','4246 Mallory Crossing','http://dummyimage.com/249x239.jpg/cc0000/ffffff','Executive Secretary','185-683-1662','tpoacher18@fotki.com'),(46,'Melly Sandercock','505 Novick Place','http://dummyimage.com/186x189.jpg/ff4444/ffffff','Programmer Analyst II','900-315-8342','msandercock19@intel.com'),(47,'Sumner Jerrems','9 Ryan Pass','http://dummyimage.com/157x184.png/5fa2dd/ffffff','Civil Engineer','169-969-4895','sjerrems1a@godaddy.com'),(48,'Delmar Lapping','34248 Village Plaza','http://dummyimage.com/161x159.png/dddddd/000000','Occupational Therapist','985-442-8363','dlapping1b@youtu.be'),(49,'Timothea Ducker','343 Derek Circle','http://dummyimage.com/176x158.bmp/ff4444/ffffff','Environmental Tech','882-210-4269','tducker1c@eventbrite.com'),(50,'Beaufort Sargood','1517 Oakridge Junction','http://dummyimage.com/205x121.bmp/dddddd/000000','Staff Scientist','192-111-1400','bsargood1d@reference.com'),(51,'Sheela Grebner','01 Columbus Street','http://dummyimage.com/195x246.jpg/dddddd/000000','Statistician III','575-341-1447','sgrebner1e@photobucket.com'),(52,'Kaitlyn Fairfoull','796 Marquette Drive','http://dummyimage.com/146x125.bmp/ff4444/ffffff','Accountant I','538-509-4493','kfairfoull1f@toplist.cz'),(53,'Corella Gatheral','84 Donald Drive','http://dummyimage.com/199x192.bmp/ff4444/ffffff','Account Coordinator','795-585-1006','cgatheral1g@infoseek.co.jp'),(54,'Franciskus Waumsley','39 School Point','http://dummyimage.com/218x100.jpg/cc0000/ffffff','Engineer IV','892-105-2280','fwaumsley1h@cargocollective.com'),(55,'Maritsa Benbrick','926 Division Alley','http://dummyimage.com/233x103.png/cc0000/ffffff','Software Engineer IV','135-616-7349','mbenbrick1i@moonfruit.com'),(56,'Nowell Fieller','2 Hudson Parkway','http://dummyimage.com/120x236.jpg/ff4444/ffffff','Graphic Designer','227-131-7694','nfieller1j@dion.ne.jp'),(57,'Hercule Mars','8146 Mcguire Plaza','http://dummyimage.com/115x119.bmp/ff4444/ffffff','Assistant Professor','571-276-3471','hmars1k@kickstarter.com'),(58,'Torey Baylay','2 Scofield Hill','http://dummyimage.com/148x219.png/ff4444/ffffff','Design Engineer','875-552-8684','tbaylay1l@umich.edu'),(59,'Priscilla Calbert','92153 Elka Hill','http://dummyimage.com/202x208.png/ff4444/ffffff','Occupational Therapist','671-292-6029','pcalbert1m@t.co'),(60,'Corella Hinckesman','177 Victoria Park','http://dummyimage.com/140x230.bmp/cc0000/ffffff','Recruiter','822-315-4433','chinckesman1n@unicef.org'),(61,'Kessiah Hubball','2115 Vernon Way','http://dummyimage.com/236x175.png/ff4444/ffffff','Nurse','743-164-8782','khubball1o@nps.gov'),(62,'Corey Havesides','9013 Doe Crossing Lane','http://dummyimage.com/132x142.png/5fa2dd/ffffff','Geologist IV','668-568-3891','chavesides1p@elpais.com'),(63,'Nonnah Olfert','68 Kingsford Center','http://dummyimage.com/246x167.png/dddddd/000000','Account Executive','561-366-6789','nolfert1q@pen.io'),(64,'Klara Emilien','9 Buena Vista Point','http://dummyimage.com/100x228.png/dddddd/000000','Project Manager','763-900-7520','kemilien1r@upenn.edu'),(65,'El Heinssen','882 Truax Street','http://dummyimage.com/248x140.jpg/ff4444/ffffff','Senior Editor','116-210-5900','eheinssen1s@indiegogo.com'),(66,'Kaitlyn Haig','6 Maywood Lane','http://dummyimage.com/165x195.png/dddddd/000000','Quality Control Specialist','181-818-6596','khaig1t@histats.com'),(67,'Tobias Bonellie','0133 Lien Avenue','http://dummyimage.com/120x181.bmp/ff4444/ffffff','Budget/Accounting Analyst IV','445-605-9921','tbonellie1u@who.int'),(68,'Davy O\'Currigan','7835 Mcbride Lane','http://dummyimage.com/236x101.png/dddddd/000000','Teacher','567-503-3001','docurrigan1v@lycos.com'),(69,'Zackariah Bichard','59048 Bowman Terrace','http://dummyimage.com/154x242.bmp/ff4444/ffffff','Civil Engineer','969-908-6283','zbichard1w@mail.ru'),(70,'Jermain Yesenev','916 Schurz Park','http://dummyimage.com/235x101.png/cc0000/ffffff','Physical Therapy Assistant','642-902-6397','jyesenev1x@godaddy.com'),(71,'Alidia Dei','0 Schiller Parkway','http://dummyimage.com/209x207.bmp/cc0000/ffffff','Technical Writer','218-745-0688','adei1y@pagesperso-orange.fr'),(72,'Robinet Shortell','87 Butternut Terrace','http://dummyimage.com/103x118.png/cc0000/ffffff','Software Test Engineer IV','355-120-5662','rshortell1z@altervista.org'),(73,'Marris Gahagan','16 Algoma Court','http://dummyimage.com/246x103.bmp/cc0000/ffffff','Accountant IV','871-466-6992','mgahagan20@imageshack.us'),(74,'Rosalia Arno','21 Lien Road','http://dummyimage.com/200x187.jpg/cc0000/ffffff','General Manager','202-423-2660','rarno21@tripod.com'),(75,'Josee Reveland','9 Crest Line Place','http://dummyimage.com/136x213.bmp/cc0000/ffffff','Internal Auditor','902-754-6282','jreveland22@ycombinator.com'),(76,'Paul Sawnwy','21020 Sunnyside Parkway','http://dummyimage.com/250x202.jpg/ff4444/ffffff','Environmental Specialist','518-519-6575','psawnwy23@mlb.com'),(77,'Sheeree Boatswain','64833 North Avenue','http://dummyimage.com/202x228.png/cc0000/ffffff','Geological Engineer','712-911-3217','sboatswain24@pinterest.com'),(78,'Joceline Sutherby','4 Vahlen Place','http://dummyimage.com/186x226.png/dddddd/000000','Information Systems Manager','159-819-3188','jsutherby25@salon.com'),(79,'Gabrila Filyakov','22 Dovetail Terrace','http://dummyimage.com/182x133.jpg/ff4444/ffffff','GIS Technical Architect','716-156-5309','gfilyakov26@sphinn.com'),(80,'Kele Yewman','856 Arapahoe Road','http://dummyimage.com/167x234.png/cc0000/ffffff','VP Accounting','468-447-6948','kyewman27@goo.ne.jp'),(81,'Daniele Kundert','7 Shasta Circle','http://dummyimage.com/207x207.jpg/5fa2dd/ffffff','Clinical Specialist','878-251-8207','dkundert28@freewebs.com'),(82,'Kenyon Wieprecht','13271 Mendota Plaza','http://dummyimage.com/103x165.jpg/cc0000/ffffff','Accountant III','905-127-6174','kwieprecht29@mapquest.com'),(83,'Andria Kretchmer','04533 Lerdahl Park','http://dummyimage.com/235x159.png/5fa2dd/ffffff','Computer Systems Analyst I','189-450-4606','akretchmer2a@chronoengine.com'),(84,'Rickey Ellett','0 Golf Course Trail','http://dummyimage.com/197x187.jpg/ff4444/ffffff','Budget/Accounting Analyst I','748-530-5779','rellett2b@seesaa.net'),(85,'Mead Isoldi','1 John Wall Terrace','http://dummyimage.com/194x231.bmp/ff4444/ffffff','Environmental Specialist','929-708-1157','misoldi2c@cisco.com'),(86,'Rosetta Stillwell','46 Sloan Crossing','http://dummyimage.com/217x168.png/ff4444/ffffff','Web Designer II','626-884-6850','rstillwell2d@acquirethisname.com'),(87,'Earl Tinner','41 Blue Bill Park Park','http://dummyimage.com/234x129.jpg/ff4444/ffffff','Compensation Analyst','123-699-4402','etinner2e@intel.com'),(88,'Gina Trusler','331 Dapin Junction','http://dummyimage.com/113x108.jpg/ff4444/ffffff','Software Engineer III','135-274-8149','gtrusler2f@desdev.cn'),(89,'Krisha Swancock','3347 Meadow Ridge Plaza','http://dummyimage.com/206x246.jpg/cc0000/ffffff','Financial Analyst','288-369-2378','kswancock2g@npr.org'),(90,'Maddie Heggman','47 Dunning Drive','http://dummyimage.com/118x174.png/5fa2dd/ffffff','Executive Secretary','344-156-2712','mheggman2h@wikimedia.org'),(91,'Jenica Claybourn','5 Lillian Drive','http://dummyimage.com/248x218.bmp/ff4444/ffffff','Tax Accountant','216-631-2323','jclaybourn2i@ask.com'),(92,'Panchito Selesnick','42665 Forest Dale Hill','http://dummyimage.com/216x124.bmp/dddddd/000000','Pharmacist','980-181-9604','pselesnick2j@meetup.com'),(93,'Dierdre Frenzl','8480 Jenna Trail','http://dummyimage.com/206x160.bmp/cc0000/ffffff','Assistant Media Planner','548-926-9190','dfrenzl2k@utexas.edu'),(94,'Joelie Petracco','829 Crest Line Terrace','http://dummyimage.com/237x127.png/ff4444/ffffff','Food Chemist','172-130-8798','jpetracco2l@patch.com'),(95,'Ailbert Smullen','1100 West Avenue','http://dummyimage.com/236x194.bmp/5fa2dd/ffffff','Nuclear Power Engineer','349-459-0002','asmullen2m@dmoz.org'),(96,'Pavla Folini','9929 Beilfuss Park','http://dummyimage.com/182x152.jpg/dddddd/000000','Dental Hygienist','778-996-7388','pfolini2n@google.ca'),(97,'Ferguson Jerred','3786 Muir Crossing','http://dummyimage.com/166x196.jpg/ff4444/ffffff','Compensation Analyst','175-281-9091','fjerred2o@shutterfly.com'),(98,'Madelaine Poznanski','61 Lakewood Place','http://dummyimage.com/148x202.jpg/5fa2dd/ffffff','Financial Advisor','272-309-2310','mpoznanski2p@chicagotribune.com'),(99,'Gerhard des Remedios','9 Burning Wood Alley','http://dummyimage.com/162x214.jpg/cc0000/ffffff','Quality Control Specialist','355-330-8936','gdes2q@biglobe.ne.jp'),(100,'Christian Creeboe','97 Holmberg Plaza','http://dummyimage.com/107x193.jpg/ff4444/ffffff','Geological Engineer','460-203-2680','ccreeboe2r@google.ru');
/*!40000 ALTER TABLE `member` ENABLE KEYS */;
UNLOCK TABLES;

--
-- Table structure for table `member_languages`
--

DROP TABLE IF EXISTS `member_languages`;
/*!40101 SET @saved_cs_client     = @@character_set_client */;
/*!40101 SET character_set_client = utf8 */;
CREATE TABLE `member_languages` (
  `id_member` int(11) NOT NULL,
  `skill_languages` varchar(15) NOT NULL,
  PRIMARY KEY (`id_member`,`skill_languages`),
  CONSTRAINT `member_languages_ibfk_1` FOREIGN KEY (`id_member`) REFERENCES `member` (`id_member`)
) ENGINE=InnoDB DEFAULT CHARSET=latin1;
/*!40101 SET character_set_client = @saved_cs_client */;

--
-- Dumping data for table `member_languages`
--

LOCK TABLES `member_languages` WRITE;
/*!40000 ALTER TABLE `member_languages` DISABLE KEYS */;
INSERT INTO `member_languages` (`id_member`, `skill_languages`) VALUES (1,'C'),(1,'C++'),(2,'C++'),(2,'PHP'),(3,'C#'),(3,'JavaScript'),(4,'C'),(4,'Swift'),(5,'C++'),(5,'PHP'),(6,'JavaScript'),(6,'Swift'),(7,'C#'),(7,'Swift'),(8,'JavaScript'),(8,'PHP'),(9,'C#'),(9,'Java'),(10,'C++'),(10,'PHP'),(11,'C++'),(11,'PHP'),(12,'C++'),(12,'Haskell'),(13,'C'),(13,'Python'),(14,'Java'),(14,'PHP'),(15,'Haskell'),(15,'JavaScript'),(16,'C#'),(16,'Python'),(17,'Haskell'),(17,'Java'),(18,'C#'),(18,'Java'),(19,'Haskell'),(19,'Python'),(20,'C#'),(20,'C++'),(21,'C#'),(21,'Haskell'),(22,'C'),(22,'Python'),(23,'C'),(23,'C#'),(24,'C#'),(24,'Haskell'),(25,'C'),(25,'C++'),(26,'C#'),(26,'Swift'),(27,'JavaScript'),(27,'Swift'),(28,'C'),(28,'C#'),(29,'C'),(29,'C++'),(30,'JavaScript'),(30,'Swift'),(31,'Haskell'),(31,'Java'),(32,'Java'),(32,'JavaScript'),(33,'Java'),(33,'Swift'),(34,'Haskell'),(34,'Java'),(35,'JavaScript'),(35,'Python'),(36,'C++'),(36,'PHP'),(37,'C++'),(37,'Swift'),(38,'JavaScript'),(38,'Swift'),(39,'C#'),(39,'C++'),(40,'C'),(40,'Haskell'),(41,'C'),(41,'C#'),(42,'C'),(42,'Java'),(43,'C'),(43,'Java'),(44,'Java'),(44,'Swift'),(45,'C'),(45,'PHP'),(46,'C++'),(46,'Java'),(47,'Java'),(47,'Python'),(48,'Java'),(48,'PHP'),(49,'C#'),(49,'PHP'),(50,'C'),(50,'PHP'),(51,'C#'),(52,'C'),(53,'JavaScript'),(54,'Java'),(55,'JavaScript'),(56,'Swift'),(57,'C'),(58,'Java'),(59,'C#'),(60,'JavaScript'),(61,'JavaScript'),(62,'C'),(63,'C#'),(64,'PHP'),(65,'C++'),(66,'JavaScript'),(67,'PHP'),(68,'Python'),(69,'Haskell'),(70,'Java'),(71,'C'),(72,'Haskell'),(73,'Haskell'),(74,'C++'),(75,'C#'),(76,'Haskell'),(77,'C#'),(78,'Java'),(79,'PHP'),(80,'C++'),(81,'Swift'),(82,'C#'),(83,'Swift'),(84,'C++'),(85,'C#'),(86,'Python'),(87,'PHP'),(88,'JavaScript'),(89,'Java'),(90,'PHP'),(91,'Java'),(92,'Java'),(93,'Java'),(94,'Java'),(95,'Haskell'),(96,'JavaScript'),(97,'C#'),(98,'C'),(99,'Python'),(100,'Haskell');
/*!40000 ALTER TABLE `member_languages` ENABLE KEYS */;
UNLOCK TABLES;

--
-- Table structure for table `mengajar`
--

DROP TABLE IF EXISTS `mengajar`;
/*!40101 SET @saved_cs_client     = @@character_set_client */;
/*!40101 SET character_set_client = utf8 */;
CREATE TABLE `mengajar` (
  `nama_kelas` varchar(50) NOT NULL,
  `id_trainer` int(11) NOT NULL,
  PRIMARY KEY (`nama_kelas`,`id_trainer`),
  KEY `id_trainer` (`id_trainer`),
  CONSTRAINT `mengajar_ibfk_1` FOREIGN KEY (`nama_kelas`) REFERENCES `bootcamp_class` (`nama_kelas`),
  CONSTRAINT `mengajar_ibfk_2` FOREIGN KEY (`id_trainer`) REFERENCES `trainer` (`id_trainer`)
) ENGINE=InnoDB DEFAULT CHARSET=latin1;
/*!40101 SET character_set_client = @saved_cs_client */;

--
-- Dumping data for table `mengajar`
--

LOCK TABLES `mengajar` WRITE;
/*!40000 ALTER TABLE `mengajar` DISABLE KEYS */;
INSERT INTO `mengajar` (`nama_kelas`, `id_trainer`) VALUES ('Agile Dev Using Scrum',4),('Agile Dev Using Scrum',8),('Agile Dev Using Scrum',12),('Agile Dev Using Scrum',16),('Agile Dev Using Scrum',20),('Agile Dev Using Scrum',24),('Agile Dev Using Scrum',32),('Agile Dev Using Scrum',36),('Agile Dev Using Scrum',44),('Agile Dev Using Scrum',48),('Agile Dev Using Scrum',56),('Agile Dev Using Scrum',60),('Agile Dev Using Scrum',68),('Agile Dev Using Scrum',72),('Agile Dev Using Scrum',80),('Agile Dev Using Scrum',84),('Agile Dev Using Scrum',92),('Agile Dev Using Scrum',96),('Centos Web Server - Devops',4),('Centos Web Server - Devops',8),('Centos Web Server - Devops',12),('Centos Web Server - Devops',16),('Centos Web Server - Devops',20),('Centos Web Server - Devops',24),('Centos Web Server - Devops',28),('Centos Web Server - Devops',36),('Centos Web Server - Devops',40),('Centos Web Server - Devops',48),('Centos Web Server - Devops',52),('Centos Web Server - Devops',60),('Centos Web Server - Devops',64),('Centos Web Server - Devops',72),('Centos Web Server - Devops',76),('Centos Web Server - Devops',84),('Centos Web Server - Devops',88),('Centos Web Server - Devops',96),('Centos Web Server - Devops',100),('Desain Grafis',2),('Desain Grafis',6),('Desain Grafis',10),('Desain Grafis',14),('Desain Grafis',18),('Desain Grafis',22),('Desain Grafis',26),('Desain Grafis',34),('Desain Grafis',38),('Desain Grafis',46),('Desain Grafis',50),('Desain Grafis',58),('Desain Grafis',62),('Desain Grafis',70),('Desain Grafis',74),('Desain Grafis',82),('Desain Grafis',86),('Desain Grafis',94),('Desain Grafis',98),('Laravel Vue Crowdfunding',2),('Laravel Vue Crowdfunding',6),('Laravel Vue Crowdfunding',10),('Laravel Vue Crowdfunding',14),('Laravel Vue Crowdfunding',18),('Laravel Vue Crowdfunding',22),('Laravel Vue Crowdfunding',30),('Laravel Vue Crowdfunding',34),('Laravel Vue Crowdfunding',42),('Laravel Vue Crowdfunding',46),('Laravel Vue Crowdfunding',54),('Laravel Vue Crowdfunding',58),('Laravel Vue Crowdfunding',66),('Laravel Vue Crowdfunding',70),('Laravel Vue Crowdfunding',78),('Laravel Vue Crowdfunding',82),('Laravel Vue Crowdfunding',90),('Laravel Vue Crowdfunding',94),('Laravel Web Development',3),('Laravel Web Development',7),('Laravel Web Development',11),('Laravel Web Development',15),('Laravel Web Development',19),('Laravel Web Development',23),('Laravel Web Development',27),('Laravel Web Development',35),('Laravel Web Development',39),('Laravel Web Development',47),('Laravel Web Development',51),('Laravel Web Development',59),('Laravel Web Development',63),('Laravel Web Development',71),('Laravel Web Development',75),('Laravel Web Development',83),('Laravel Web Development',87),('Laravel Web Development',95),('Laravel Web Development',99),('Python - Data Science',2),('Python - Data Science',6),('Python - Data Science',10),('Python - Data Science',14),('Python - Data Science',18),('Python - Data Science',26),('Python - Data Science',30),('Python - Data Science',38),('Python - Data Science',42),('Python - Data Science',50),('Python - Data Science',54),('Python - Data Science',62),('Python - Data Science',66),('Python - Data Science',74),('Python - Data Science',78),('Python - Data Science',86),('Python - Data Science',90),('Python - Data Science',98),('Python Data Science Analisis Opini Publik',3),('Python Data Science Analisis Opini Publik',7),('Python Data Science Analisis Opini Publik',11),('Python Data Science Analisis Opini Publik',15),('Python Data Science Analisis Opini Publik',19),('Python Data Science Analisis Opini Publik',23),('Python Data Science Analisis Opini Publik',31),('Python Data Science Analisis Opini Publik',35),('Python Data Science Analisis Opini Publik',43),('Python Data Science Analisis Opini Publik',47),('Python Data Science Analisis Opini Publik',55),('Python Data Science Analisis Opini Publik',59),('Python Data Science Analisis Opini Publik',67),('Python Data Science Analisis Opini Publik',71),('Python Data Science Analisis Opini Publik',79),('Python Data Science Analisis Opini Publik',83),('Python Data Science Analisis Opini Publik',91),('Python Data Science Analisis Opini Publik',95),('React Js Web Frontend',1),('React Js Web Frontend',5),('React Js Web Frontend',9),('React Js Web Frontend',13),('React Js Web Frontend',17),('React Js Web Frontend',21),('React Js Web Frontend',25),('React Js Web Frontend',33),('React Js Web Frontend',37),('React Js Web Frontend',45),('React Js Web Frontend',49),('React Js Web Frontend',57),('React Js Web Frontend',61),('React Js Web Frontend',69),('React Js Web Frontend',73),('React Js Web Frontend',81),('React Js Web Frontend',85),('React Js Web Frontend',93),('React Js Web Frontend',97),('React Native Crowd Funding',1),('React Native Crowd Funding',5),('React Native Crowd Funding',9),('React Native Crowd Funding',13),('React Native Crowd Funding',17),('React Native Crowd Funding',21),('React Native Crowd Funding',29),('React Native Crowd Funding',33),('React Native Crowd Funding',41),('React Native Crowd Funding',45),('React Native Crowd Funding',53),('React Native Crowd Funding',57),('React Native Crowd Funding',65),('React Native Crowd Funding',69),('React Native Crowd Funding',77),('React Native Crowd Funding',81),('React Native Crowd Funding',89),('React Native Crowd Funding',93),('React Native Mobile Apps Development',3),('React Native Mobile Apps Development',7),('React Native Mobile Apps Development',11),('React Native Mobile Apps Development',15),('React Native Mobile Apps Development',19),('React Native Mobile Apps Development',27),('React Native Mobile Apps Development',31),('React Native Mobile Apps Development',39),('React Native Mobile Apps Development',43),('React Native Mobile Apps Development',51),('React Native Mobile Apps Development',55),('React Native Mobile Apps Development',63),('React Native Mobile Apps Development',67),('React Native Mobile Apps Development',75),('React Native Mobile Apps Development',79),('React Native Mobile Apps Development',87),('React Native Mobile Apps Development',91),('React Native Mobile Apps Development',99),('UI/UX',4),('UI/UX',8),('UI/UX',12),('UI/UX',16),('UI/UX',20),('UI/UX',28),('UI/UX',32),('UI/UX',40),('UI/UX',44),('UI/UX',52),('UI/UX',56),('UI/UX',64),('UI/UX',68),('UI/UX',76),('UI/UX',80),('UI/UX',88),('UI/UX',92),('UI/UX',100),('WordPress Development',1),('WordPress Development',5),('WordPress Development',9),('WordPress Development',13),('WordPress Development',17),('WordPress Development',25),('WordPress Development',29),('WordPress Development',37),('WordPress Development',41),('WordPress Development',49),('WordPress Development',53),('WordPress Development',61),('WordPress Development',65),('WordPress Development',73),('WordPress Development',77),('WordPress Development',85),('WordPress Development',89),('WordPress Development',97);
/*!40000 ALTER TABLE `mengajar` ENABLE KEYS */;
UNLOCK TABLES;

--
-- Table structure for table `mengikuti_kelas`
--

DROP TABLE IF EXISTS `mengikuti_kelas`;
/*!40101 SET @saved_cs_client     = @@character_set_client */;
/*!40101 SET character_set_client = utf8 */;
CREATE TABLE `mengikuti_kelas` (
  `id_member` int(11) NOT NULL,
  `nama_kelas` varchar(50) NOT NULL,
  `nilai_total` int(11) DEFAULT NULL,
  `sertifikat` int(11) DEFAULT NULL CHECK (`sertifikat` between 0 and 1),
  PRIMARY KEY (`id_member`,`nama_kelas`),
  KEY `nama_kelas` (`nama_kelas`),
  CONSTRAINT `mengikuti_kelas_ibfk_1` FOREIGN KEY (`id_member`) REFERENCES `member` (`id_member`),
  CONSTRAINT `mengikuti_kelas_ibfk_2` FOREIGN KEY (`nama_kelas`) REFERENCES `bootcamp_class` (`nama_kelas`)
) ENGINE=InnoDB DEFAULT CHARSET=latin1;
/*!40101 SET character_set_client = @saved_cs_client */;

--
-- Dumping data for table `mengikuti_kelas`
--

LOCK TABLES `mengikuti_kelas` WRITE;
/*!40000 ALTER TABLE `mengikuti_kelas` DISABLE KEYS */;
INSERT INTO `mengikuti_kelas` (`id_member`, `nama_kelas`, `nilai_total`, `sertifikat`) VALUES (1,'React Js Web Frontend',71,0),(1,'WordPress Development',22,1),(2,'Desain Grafis',4,1),(2,'Python - Data Science',41,0),(3,'Laravel Web Development',25,1),(3,'React Native Mobile Apps Development',90,1),(4,'Centos Web Server - Devops',55,1),(4,'UI/UX',28,0),(5,'React Native Crowd Funding',95,0),(5,'WordPress Development',94,1),(6,'Laravel Vue Crowdfunding',27,0),(6,'Python - Data Science',38,0),(7,'Python Data Science Analisis Opini Publik',98,1),(7,'React Native Mobile Apps Development',9,0),(8,'Agile Dev Using Scrum',87,1),(8,'UI/UX',75,0),(9,'React Js Web Frontend',22,0),(9,'React Native Crowd Funding',83,1),(10,'Desain Grafis',64,1),(10,'Laravel Vue Crowdfunding',19,1),(11,'Python Data Science Analisis Opini Publik',85,0),(12,'Agile Dev Using Scrum',98,0),(13,'React Js Web Frontend',91,0),(14,'Desain Grafis',60,1),(15,'Laravel Web Development',32,0),(16,'Centos Web Server - Devops',62,0),(17,'WordPress Development',75,1),(18,'Python - Data Science',32,0),(19,'React Native Mobile Apps Development',82,0),(20,'UI/UX',54,0),(21,'React Native Crowd Funding',50,1),(22,'Laravel Vue Crowdfunding',13,1),(23,'Python Data Science Analisis Opini Publik',96,0),(24,'Agile Dev Using Scrum',80,1),(25,'React Js Web Frontend',9,1),(26,'Desain Grafis',42,1),(27,'Laravel Web Development',43,0),(28,'Centos Web Server - Devops',91,0),(29,'WordPress Development',25,1),(30,'Python - Data Science',67,1),(31,'React Native Mobile Apps Development',17,1),(32,'UI/UX',19,1),(33,'React Native Crowd Funding',88,1),(34,'Laravel Vue Crowdfunding',66,0),(35,'Python Data Science Analisis Opini Publik',66,1),(36,'Agile Dev Using Scrum',26,1),(37,'React Js Web Frontend',23,0),(38,'Desain Grafis',98,0),(39,'Laravel Web Development',80,0),(40,'Centos Web Server - Devops',65,0),(41,'WordPress Development',59,0),(42,'Python - Data Science',61,0),(43,'React Native Mobile Apps Development',48,0),(44,'UI/UX',77,1),(45,'React Native Crowd Funding',17,0),(46,'Laravel Vue Crowdfunding',9,0),(47,'Python Data Science Analisis Opini Publik',22,0),(48,'Agile Dev Using Scrum',34,1),(49,'React Js Web Frontend',50,0),(50,'Desain Grafis',24,1),(51,'Laravel Web Development',88,0),(52,'Centos Web Server - Devops',35,0),(53,'WordPress Development',45,1),(54,'Python - Data Science',97,0),(55,'React Native Mobile Apps Development',83,0),(56,'UI/UX',59,1),(57,'React Native Crowd Funding',100,1),(58,'Laravel Vue Crowdfunding',38,1),(59,'Python Data Science Analisis Opini Publik',66,1),(60,'Agile Dev Using Scrum',87,1),(61,'React Js Web Frontend',88,1),(62,'Desain Grafis',32,1),(63,'Laravel Web Development',21,0),(64,'Centos Web Server - Devops',19,1),(65,'WordPress Development',33,0),(66,'Python - Data Science',89,1),(67,'React Native Mobile Apps Development',25,0),(68,'UI/UX',86,1),(69,'React Native Crowd Funding',38,0),(70,'Laravel Vue Crowdfunding',19,0),(71,'Python Data Science Analisis Opini Publik',45,0),(72,'Agile Dev Using Scrum',26,0),(73,'React Js Web Frontend',11,0),(74,'Desain Grafis',89,1),(75,'Laravel Web Development',55,0),(76,'Centos Web Server - Devops',25,1),(77,'WordPress Development',97,0),(78,'Python - Data Science',76,0),(79,'React Native Mobile Apps Development',23,1),(80,'UI/UX',25,1),(81,'React Native Crowd Funding',11,0),(82,'Laravel Vue Crowdfunding',61,0),(83,'Python Data Science Analisis Opini Publik',74,1),(84,'Agile Dev Using Scrum',31,0),(85,'React Js Web Frontend',28,1),(86,'Desain Grafis',12,0),(87,'Laravel Web Development',23,1),(88,'Centos Web Server - Devops',24,1),(89,'WordPress Development',2,1),(90,'Python - Data Science',95,0),(91,'React Native Mobile Apps Development',48,1),(92,'UI/UX',68,1),(93,'React Native Crowd Funding',72,1),(94,'Laravel Vue Crowdfunding',15,1),(95,'Python Data Science Analisis Opini Publik',85,0),(96,'Agile Dev Using Scrum',34,1),(97,'React Js Web Frontend',98,1),(98,'Desain Grafis',62,0),(99,'Laravel Web Development',58,1),(100,'Centos Web Server - Devops',57,0);
/*!40000 ALTER TABLE `mengikuti_kelas` ENABLE KEYS */;
UNLOCK TABLES;

--
-- Table structure for table `penilaian`
--

DROP TABLE IF EXISTS `penilaian`;
/*!40101 SET @saved_cs_client     = @@character_set_client */;
/*!40101 SET character_set_client = utf8 */;
CREATE TABLE `penilaian` (
  `nama_kelas` varchar(50) NOT NULL,
  `no_gelombang` int(11) NOT NULL,
  `tugas_akhir` varchar(50) DEFAULT NULL,
  `tugas` varchar(50) DEFAULT NULL,
  `kuis` varchar(50) DEFAULT NULL,
  `durasi` int(11) DEFAULT NULL,
  PRIMARY KEY (`nama_kelas`,`no_gelombang`),
  CONSTRAINT `penilaian_ibfk_1` FOREIGN KEY (`nama_kelas`) REFERENCES `bootcamp_class` (`nama_kelas`)
) ENGINE=InnoDB DEFAULT CHARSET=latin1;
/*!40101 SET character_set_client = @saved_cs_client */;

--
-- Dumping data for table `penilaian`
--

LOCK TABLES `penilaian` WRITE;
/*!40000 ALTER TABLE `penilaian` DISABLE KEYS */;
INSERT INTO `penilaian` (`nama_kelas`, `no_gelombang`, `tugas_akhir`, `tugas`, `kuis`, `durasi`) VALUES ('Agile Dev Using Scrum',1,'Windows XP','CMake','HDPE',28),('Agile Dev Using Scrum',2,'Construction Loans','ESRI','Customer Satisfaction',27),('Agile Dev Using Scrum',3,'UV-Vis-NIR','Lutron','IEC 61131-3',29),('Agile Dev Using Scrum',4,'DC-9','Euroclear','OTL',26),('Agile Dev Using Scrum',5,'Karl Fisher','VCO','Outpatient Orthopedics',28),('Agile Dev Using Scrum',6,'GPIB','Window Displays','EPiServer',25),('Agile Dev Using Scrum',7,'Urban Forestry','Community Outreach','Forecasting',26),('Agile Dev Using Scrum',8,'Allergic Rhinitis','OKI','Oligonucleotide Synthesis',27),('Agile Dev Using Scrum',9,'Emerging Markets','Pain Management','Wastewater Treatment',30),('Centos Web Server - Devops',1,'Engineering Management','Funding','Rock Climbing',30),('Centos Web Server - Devops',2,'JSA','VLR','RHIA',30),('Centos Web Server - Devops',3,'JAXB','PKI','Wellness Coaching',26),('Centos Web Server - Devops',4,'HSE Management Systems','Customer Retention','GPS Devices',30),('Centos Web Server - Devops',5,'NICET','Youth Engagement','Layout',29),('Centos Web Server - Devops',6,'Web 2.0','FDA GMP','Security Audits',29),('Centos Web Server - Devops',7,'VCL','Akka','Oil &amp; Gas Law',25),('Centos Web Server - Devops',8,'Farms','Cleaning Validation','OCP',26),('Centos Web Server - Devops',9,'Crisis Intervention','Boilers','Sports Psychology',26),('Desain Grafis',1,'Xplan','Music Publishing','CMTS',26),('Desain Grafis',2,'Broadcast','LS-DYNA','Foreign Trade Zone',27),('Desain Grafis',3,'eGaming','UART','Mechanical Engineering',28),('Desain Grafis',4,'Long-term Customer Relationships','Ecological Restoration','Kuka',27),('Desain Grafis',5,'Title Insurance','Brand Management','Zoning',30),('Desain Grafis',6,'Dunn &amp; Bradstreet','Access Control','Railway',28),('Desain Grafis',7,'RDBMS','Sound','Object Oriented Software',27),('Desain Grafis',8,'Pro Tools','jQuery','AKTA',28),('Desain Grafis',9,'XOG','Solaris Zones','CGL',27),('Laravel Vue Crowdfunding',1,'SRM','3Com NBX','ZeroMQ',30),('Laravel Vue Crowdfunding',2,'On-Set VFX Supervision','First Time Home Buyers','PC building',28),('Laravel Vue Crowdfunding',3,'FCNSP','HL7','Physics',27),('Laravel Vue Crowdfunding',4,'CPR Certified','uC/OS-II','QAD',25),('Laravel Vue Crowdfunding',5,'Kofax','Small Business Marketing','PS3',29),('Laravel Vue Crowdfunding',6,'Systems Analysis','Hazard Identification','Warehousing',26),('Laravel Vue Crowdfunding',7,'ASP.NET MVC','Piloting','Commercial Aviation',27),('Laravel Vue Crowdfunding',8,'Apparel','DBWorks','Information Assurance',26),('Laravel Vue Crowdfunding',9,'Apartments','NICE Call Recording','Qt',30),('Laravel Web Development',1,'iOS','CGEIT','IBM HTTP Server',29),('Laravel Web Development',2,'Carriage of Goods by Sea','Fax','JIT',29),('Laravel Web Development',3,'PTF','RFLP','Electrical Engineering',25),('Laravel Web Development',4,'XDCAM','Jimmy Jib','WLI',29),('Laravel Web Development',5,'CNA','WDF','Norton Ghost',25),('Laravel Web Development',6,'Wicklander-Zulawski Interview &amp; Interrogation','OTS','TV Production',30),('Laravel Web Development',7,'BCNE','Optical Tweezers','SGBD',27),('Laravel Web Development',8,'TDI','FDCPA','TPNS',28),('Laravel Web Development',9,'XQuery','European Politics','Ships',26),('Python - Data Science',1,'Btrieve','Urban Redevelopment','Psychosocial',28),('Python - Data Science',2,'PIM-DM','SEO','Group Dynamics',27),('Python - Data Science',3,'GNU','Food Science','FHA',29),('Python - Data Science',4,'WordPress','VCI','Spectroscopy',25),('Python - Data Science',5,'DCAA','Fly Tying','OHS',25),('Python - Data Science',6,'Mycology','Annual Giving','Ruby on Rails',26),('Python - Data Science',7,'Google Webmaster Tools','Fermentation','Foreign Languages',28),('Python - Data Science',8,'IFR','CFDs','Product Knowledge',30),('Python - Data Science',9,'RSL','SAP-SD','VO',25),('Python Data Science Analisis Opini Publik',1,'WLM','CWTS','Algorithms',30),('Python Data Science Analisis Opini Publik',2,'DDR','Tax Returns','SRM',29),('Python Data Science Analisis Opini Publik',3,'Play Therapy','Oracle SQL Developer','Fertility',28),('Python Data Science Analisis Opini Publik',4,'HTML Scripting','World War II','Underwriting',27),('Python Data Science Analisis Opini Publik',5,'PC building','FSMS','Wind',27),('Python Data Science Analisis Opini Publik',6,'Rigging','Kundalini Yoga','Marketing Communications',27),('Python Data Science Analisis Opini Publik',7,'XFOIL','Pyrosequencing','Medicine',30),('Python Data Science Analisis Opini Publik',8,'HP Blade','SMT','Small Business Marketing',28),('Python Data Science Analisis Opini Publik',9,'Jerseys','Singing','ODM',26),('React Js Web Frontend',1,'IOSH','EPC','MDI',30),('React Js Web Frontend',2,'Brand Equity','Amazon RDS','Qt',28),('React Js Web Frontend',3,'IKEv2','SQL DB2','FQL',28),('React Js Web Frontend',4,'JMF','Karate','QuickBooks',27),('React Js Web Frontend',5,'Floor Plans','VST','GMAT',28),('React Js Web Frontend',6,'HCAHPS','MMS','Grievances',28),('React Js Web Frontend',7,'GIS systems','BWA','Jewish Education',26),('React Js Web Frontend',8,'WLL','AHU','Payroll',26),('React Js Web Frontend',9,'Dtrace','MLD','Spring Framework',29),('React Native Crowd Funding',1,'GSS','Artistic Eye','Email Marketing',25),('React Native Crowd Funding',2,'Systems Engineering','Job Search Strategies','TSYS',28),('React Native Crowd Funding',3,'IPv6','Capacity Building','Kronos Timekeeping',29),('React Native Crowd Funding',4,'Overseas Sourcing','Not for Profit','MMC',27),('React Native Crowd Funding',5,'OTRS','OAS Gold','Oncology',27),('React Native Crowd Funding',6,'Start-ups Management','VTL','Petroleum Geology',29),('React Native Crowd Funding',7,'CMC','HBA','Payroll',28),('React Native Crowd Funding',8,'XNA','Slovak','Civil Engineering',28),('React Native Crowd Funding',9,'VCO','QAS','Site Development',25),('React Native Mobile Apps Development',1,'Brokers','ODM','Site Planning',26),('React Native Mobile Apps Development',2,'Umbrellas','Amadeus','Portfolio Management',30),('React Native Mobile Apps Development',3,'IRS problem resolution','Jive SBS','Ideas Development',26),('React Native Mobile Apps Development',4,'PDM Works','Direct Sales','Zooarchaeology',29),('React Native Mobile Apps Development',5,'Vocal Coaching','Dunn &amp; Bradstreet','TNS',28),('React Native Mobile Apps Development',6,'RUP','MX960','Painting',27),('React Native Mobile Apps Development',7,'QINSy','McData','Job Descriptions',26),('React Native Mobile Apps Development',8,'Cash Handling','Public Administration','CVM',30),('React Native Mobile Apps Development',9,'Global Custody','uClinux','CBEST',28),('UI/UX',1,'XATA','MRI Plus','ATM Networks',30),('UI/UX',2,'Oil &amp; Gas','EEOC','Architectural Drawings',25),('UI/UX',3,'Certified DDI Facilitator','XRY','Business Planning',27),('UI/UX',4,'T-SQL Stored Procedures','Rheumatology','Mechanical Engineering',29),('UI/UX',5,'Small Business Development','Loans','LPCVD',30),('UI/UX',6,'LPI','Grants','Theory',29),('UI/UX',7,'xSeries','Oracle Identity Manager','Rx',25),('UI/UX',8,'Odyssey','Technical Writing','Inventory Control',28),('UI/UX',9,'Buyer&#39;s Agent','ODE','Conservation Issues',25),('WordPress Development',1,'Direct Mail','Solution Selling','SAP Implementation',25),('WordPress Development',2,'DGFT','Animal Husbandry','Outcomes Research',26),('WordPress Development',3,'Real Estate','GPGPU','Axis2',27),('WordPress Development',4,'SQL DB2','GSM-R','Agribusiness',26),('WordPress Development',5,'Citrix XenApp','GPS Applications','AED',25),('WordPress Development',6,'MM7','ICDL','MV',27),('WordPress Development',7,'NBAR','CSRs','Property Management Systems',25),('WordPress Development',8,'Urban Regeneration','HP EVA','Technical Recruiting',28),('WordPress Development',9,'Utilization Management','Non-linear Editing','Knowledge-hungry Learner',29);
/*!40000 ALTER TABLE `penilaian` ENABLE KEYS */;
UNLOCK TABLES;

--
-- Table structure for table `penulis_blog`
--

DROP TABLE IF EXISTS `penulis_blog`;
/*!40101 SET @saved_cs_client     = @@character_set_client */;
/*!40101 SET character_set_client = utf8 */;
CREATE TABLE `penulis_blog` (
  `id_penulis` int(11) NOT NULL,
  `name` varchar(50) DEFAULT NULL,
  `address` varchar(50) DEFAULT NULL,
  `phone_number` varchar(50) DEFAULT NULL,
  `email` varchar(50) DEFAULT NULL,
  PRIMARY KEY (`id_penulis`)
) ENGINE=InnoDB DEFAULT CHARSET=latin1;
/*!40101 SET character_set_client = @saved_cs_client */;

--
-- Dumping data for table `penulis_blog`
--

LOCK TABLES `penulis_blog` WRITE;
/*!40000 ALTER TABLE `penulis_blog` DISABLE KEYS */;
INSERT INTO `penulis_blog` (`id_penulis`, `name`, `address`, `phone_number`, `email`) VALUES (1,'Mack Adamovich','946 Tony Avenue','696-732-8170','madamovich0@scribd.com'),(2,'Stan Crankshaw','09496 Oneill Street','654-434-1530','scrankshaw1@ibm.com'),(3,'Haze Klein','7 Waubesa Avenue','494-759-8599','hklein2@opera.com'),(4,'Rudolph Lemanu','848 Kensington Parkway','978-324-5010','rlemanu3@ucla.edu'),(5,'Courtney Giggs','79394 Grasskamp Parkway','900-538-1982','cgiggs4@networkadvertising.org'),(6,'Jocelyne Millard','2 Summit Avenue','847-630-6600','jmillard5@google.fr'),(7,'Rosa Aitcheson','9 Pleasure Junction','302-272-0491','raitcheson6@trellian.com'),(8,'Clair Whittam','2 Eastlawn Way','474-581-0160','cwhittam7@buzzfeed.com'),(9,'Sherman Bridat','03 Mayfield Junction','117-889-7020','sbridat8@nyu.edu'),(10,'Nevsa Tartt','3132 Redwing Court','572-807-8859','ntartt9@shinystat.com'),(11,'Augusto Franiak','0 Gale Lane','793-439-6327','afraniaka@sfgate.com'),(12,'Ange Brackenbury','10887 Vernon Terrace','741-394-7106','abrackenburyb@google.it'),(13,'Alethea D\'Antuoni','83 Caliangt Plaza','929-513-7695','adantuonic@desdev.cn'),(14,'Tildi Bengall','149 Mccormick Road','737-682-4523','tbengalld@about.com'),(15,'Andre Twelvetrees','2 Basil Avenue','494-140-7723','atwelvetreese@1688.com'),(16,'Dante Managh','0 Algoma Road','906-184-3741','dmanaghf@amazonaws.com'),(17,'Weber Brewerton','060 Schlimgen Center','304-239-7931','wbrewertong@who.int'),(18,'Alec Carnock','069 Iowa Trail','397-404-6177','acarnockh@usgs.gov'),(19,'Roley Frederick','51 Randy Avenue','204-382-2501','rfredericki@samsung.com'),(20,'Kara-lynn Pinch','54505 Farwell Terrace','511-141-9208','kpinchj@networkadvertising.org'),(21,'Akim Cornewell','07254 Manley Street','580-614-6187','acornewellk@washingtonpost.com'),(22,'Eloisa Rable','29101 Monterey Alley','419-192-0099','erablel@ox.ac.uk'),(23,'Willard Neachell','4676 Bartelt Hill','716-449-9903','wneachellm@a8.net'),(24,'Esther Waller-Bridge','3556 Service Avenue','223-941-6699','ewallerbridgen@washingtonpost.com'),(25,'Micheal McGorley','9 Dryden Pass','295-714-9470','mmcgorleyo@blog.com'),(26,'Johny Moakson','72 Schiller Alley','551-683-6653','jmoaksonp@wp.com'),(27,'Veronique Woolsey','9 Delaware Parkway','701-201-9028','vwoolseyq@theguardian.com'),(28,'Sherwynd Stanbra','91501 Westridge Street','217-289-8332','sstanbrar@nsw.gov.au'),(29,'Caryl Mollitt','1 Sloan Place','475-221-1504','cmollitts@nationalgeographic.com'),(30,'Artus McKune','72951 Dahle Court','279-146-5296','amckunet@cnn.com'),(31,'Babs Halwood','6690 Pierstorff Lane','740-969-0047','bhalwoodu@blinklist.com'),(32,'Kalina Bouda','9 Victoria Terrace','810-167-2029','kboudav@altervista.org'),(33,'Zach Devonish','2442 8th Place','800-508-6523','zdevonishw@ning.com'),(34,'Easter Drews','39782 Spaight Center','870-100-0579','edrewsx@google.fr'),(35,'Edmon Goricke','76323 Sachs Drive','392-281-1008','egorickey@quantcast.com'),(36,'Yuma Farris','621 Hudson Place','373-365-7124','yfarrisz@admin.ch'),(37,'Xenia Halse','7 Riverside Pass','958-826-2693','xhalse10@hao123.com'),(38,'Adelle Jersh','008 Veith Terrace','521-221-1034','ajersh11@economist.com'),(39,'Isadora Zebedee','8685 Alpine Plaza','580-291-5751','izebedee12@reddit.com'),(40,'Chastity Reimers','7752 Kensington Park','456-407-1424','creimers13@fotki.com'),(41,'Phillis Hanmore','5873 Shasta Trail','132-920-8489','phanmore14@drupal.org'),(42,'Benjamin Findlater','0089 Goodland Street','108-776-2745','bfindlater15@smh.com.au'),(43,'Marji Willers','161 Bay Center','165-915-9066','mwillers16@rakuten.co.jp'),(44,'Geno Wilce','5 Shopko Parkway','406-624-5025','gwilce17@1und1.de'),(45,'Robbyn Warriner','356 Schiller Circle','509-329-2408','rwarriner18@t-online.de'),(46,'Jennine Flasby','58 Elka Road','362-235-8310','jflasby19@yelp.com'),(47,'Dody De Freyne','6 Mosinee Place','366-198-3700','dde1a@weibo.com'),(48,'Amanda Cahalan','0 Bartillon Place','139-493-6158','acahalan1b@icio.us'),(49,'Guillaume Bartleman','807 Rieder Lane','656-299-4465','gbartleman1c@mozilla.com'),(50,'Gonzalo MacWhan','94 Starling Crossing','366-799-6194','gmacwhan1d@uol.com.br'),(51,'Manny Pennicott','60497 Red Cloud Road','272-783-6644','mpennicott1e@macromedia.com'),(52,'Clive Grocott','52913 Helena Hill','380-539-8425','cgrocott1f@squarespace.com'),(53,'Adoree Thames','66077 Sauthoff Trail','189-612-9056','athames1g@networksolutions.com'),(54,'Amaleta Sendall','830 Bayside Crossing','361-311-1672','asendall1h@dot.gov'),(55,'Eldridge Clashe','5 Fallview Park','756-243-8212','eclashe1i@uol.com.br'),(56,'Hyacintha Lewens','0272 Brentwood Hill','514-985-9543','hlewens1j@intel.com'),(57,'Matty Rennicks','3475 Monterey Trail','124-591-0817','mrennicks1k@angelfire.com'),(58,'Ailee Filtness','03853 Schiller Point','166-696-6399','afiltness1l@wordpress.com'),(59,'Kareem Lakenton','01 Wayridge Pass','598-234-9716','klakenton1m@photobucket.com'),(60,'Ashli Noulton','269 Sunbrook Junction','233-709-0887','anoulton1n@shutterfly.com'),(61,'Harri Starkie','12912 Oxford Point','597-580-4847','hstarkie1o@jalbum.net'),(62,'Alecia Hartup','91 Elgar Drive','336-942-8061','ahartup1p@usatoday.com'),(63,'Loise Towner','41 Truax Lane','528-234-4469','ltowner1q@omniture.com'),(64,'Ham Tapscott','2 American Ash Lane','919-349-4146','htapscott1r@wunderground.com'),(65,'Alyson Bargh','5449 Melrose Plaza','515-719-1309','abargh1s@shutterfly.com'),(66,'Mercedes Snepp','90 Pawling Parkway','376-244-3178','msnepp1t@themeforest.net'),(67,'Allie Rigler','428 Macpherson Point','414-109-9719','arigler1u@cam.ac.uk'),(68,'Nathalie Ebrall','24 Independence Court','152-331-9369','nebrall1v@dailymotion.com'),(69,'Aloysia Heazel','5297 Ronald Regan Avenue','183-407-1296','aheazel1w@engadget.com'),(70,'Liza McGrane','6848 Carberry Court','789-753-9860','lmcgrane1x@de.vu'),(71,'Kristos Mixture','3382 Sugar Point','434-390-9074','kmixture1y@ucoz.ru'),(72,'Casie Haig','1177 Tennessee Alley','692-458-7735','chaig1z@hud.gov'),(73,'Hartwell Castelyn','439 Portage Place','675-673-9754','hcastelyn20@ihg.com'),(74,'Sibylla Dalwood','0788 Kim Pass','738-247-6343','sdalwood21@harvard.edu'),(75,'Ciro Paish','42 Carey Drive','773-939-2055','cpaish22@vimeo.com'),(76,'Andy Tong','37 Grasskamp Junction','918-673-9208','atong23@seesaa.net'),(77,'Kelcy Plester','40663 Bluejay Circle','322-226-2336','kplester24@bbb.org'),(78,'Ardelia Hudless','5 Tennessee Place','610-956-5219','ahudless25@paypal.com'),(79,'Dannel Hutchings','2460 Lindbergh Park','388-139-3695','dhutchings26@networksolutions.com'),(80,'Galina Tod','4913 Autumn Leaf Parkway','275-867-6986','gtod27@alexa.com'),(81,'Lorianna De L\'Isle','87 Grim Court','508-492-5159','lde28@nifty.com'),(82,'Thalia Tulley','1 Cambridge Junction','559-871-3401','ttulley29@nyu.edu'),(83,'Gwen St. Aubyn','74051 Jay Center','115-233-9337','gst2a@dyndns.org'),(84,'Delano Radmer','2 Briar Crest Point','444-817-2665','dradmer2b@wikispaces.com'),(85,'Jo Minchell','8873 Shopko Trail','223-275-1735','jminchell2c@mediafire.com'),(86,'Row Ferrea','69704 Kensington Point','321-925-3039','rferrea2d@vkontakte.ru'),(87,'Sapphire Stiell','082 Ilene Terrace','882-431-1307','sstiell2e@dropbox.com'),(88,'Jolee Marklund','7712 Pine View Center','305-466-9473','jmarklund2f@theguardian.com'),(89,'Pegeen Trasler','11 Killdeer Road','284-689-5580','ptrasler2g@un.org'),(90,'Kerk Karpe','3472 Schlimgen Drive','282-450-1505','kkarpe2h@census.gov'),(91,'Aile Sammut','0 Lighthouse Bay Circle','678-755-3256','asammut2i@senate.gov'),(92,'Abelard Yeomans','44 8th Court','327-719-3266','ayeomans2j@microsoft.com'),(93,'Ora Cumberlidge','1 Amoth Hill','901-441-8735','ocumberlidge2k@ed.gov'),(94,'Abbye Lowthian','6 Redwing Road','677-888-4474','alowthian2l@netvibes.com'),(95,'Desiri Kyneton','71 Brown Road','583-199-6359','dkyneton2m@examiner.com'),(96,'Yurik Kensitt','9 Memorial Pass','692-533-7552','ykensitt2n@plala.or.jp'),(97,'Reynolds Liddall','381 North Avenue','434-646-0686','rliddall2o@t.co'),(98,'Vincenty Gristock','94 Little Fleur Drive','935-982-0490','vgristock2p@arstechnica.com'),(99,'Georgetta Reubel','3 Anniversary Road','377-918-2240','greubel2q@sina.com.cn'),(100,'Zsazsa Castana','8 Almo Terrace','926-675-7658','zcastana2r@tripod.com');
/*!40000 ALTER TABLE `penulis_blog` ENABLE KEYS */;
UNLOCK TABLES;

--
-- Table structure for table `perusahaan_mitra`
--

DROP TABLE IF EXISTS `perusahaan_mitra`;
/*!40101 SET @saved_cs_client     = @@character_set_client */;
/*!40101 SET character_set_client = utf8 */;
CREATE TABLE `perusahaan_mitra` (
  `id_perusahaan` int(11) NOT NULL,
  `nama_perusahaan` varchar(50) DEFAULT NULL,
  `address` varchar(50) DEFAULT NULL,
  `phone_number` varchar(50) DEFAULT NULL,
  `email` varchar(50) DEFAULT NULL,
  `deskripsi` varchar(100) DEFAULT NULL,
  `website` varchar(3000) DEFAULT NULL,
  PRIMARY KEY (`id_perusahaan`)
) ENGINE=InnoDB DEFAULT CHARSET=latin1;
/*!40101 SET character_set_client = @saved_cs_client */;

--
-- Dumping data for table `perusahaan_mitra`
--

LOCK TABLES `perusahaan_mitra` WRITE;
/*!40000 ALTER TABLE `perusahaan_mitra` DISABLE KEYS */;
INSERT INTO `perusahaan_mitra` (`id_perusahaan`, `nama_perusahaan`, `address`, `phone_number`, `email`, `deskripsi`, `website`) VALUES (1,'Vinder','8 Dapin Drive','867-975-8618','esterman0@timesonline.co.uk','Fusion C-thor Jt w Nonaut Sub, Ant Appr A Col, Perc Endo','http://ustream.tv/molestie/nibh/in.html?ut=tempor&blandit=turpis&non=nec&interdum=euismod&in=scelerisque&ante=quam&vestibulum=turpis&ante=adipiscing&ipsum=lorem&primis=vitae&in=mattis&faucibus=nibh&orci=ligula&luctus=nec'),(2,'Tazz','5 Kinsman Park','124-582-3092','ksenton1@phpbb.com','Dilation of Esophagus with Intraluminal Device, Endo','https://reuters.com/libero/ut/massa/volutpat/convallis.js?ante=nulla&ipsum=ut&primis=erat&in=id&faucibus=mauris&orci=vulputate&luctus=elementum&et=nullam&ultrices=varius&posuere=nulla&cubilia=facilisi&curae=cras&donec=non&pharetra=velit&magna=nec&vestibulum=nisi&aliquet=vulputate&ultrices=nonummy&erat=maecenas&tortor=tincidunt&sollicitudin=lacus&mi=at&sit=velit&amet=vivamus&lobortis=vel&sapien=nulla&sapien=eget&non=eros&mi=elementum&integer=pellentesque&ac=quisque&neque=porta&duis=volutpat&bibendum=erat&morbi=quisque&non=erat&quam=eros'),(3,'Flashset','5735 Lawn Alley','728-314-2208','oplacido2@weibo.com','ROM & Jt Mobility Trmt Musculosk Whole w Oth Equip','https://slashdot.org/justo/in/blandit/ultrices/enim.json?pede=ipsum&lobortis=aliquam&ligula=non&sit=mauris&amet=morbi&eleifend=non&pede=lectus&libero=aliquam&quis=sit&orci=amet&nullam=diam&molestie=in&nibh=magna&in=bibendum&lectus=imperdiet&pellentesque=nullam&at=orci&nulla=pede&suspendisse=venenatis&potenti=non&cras=sodales&in=sed&purus=tincidunt&eu=eu'),(4,'Zoomlounge','526 Carey Point','418-402-4368','dthurman3@imageshack.us','Fluoroscopy of Spinal Cord using High Osmolar Contrast','http://paypal.com/ultrices/posuere/cubilia/curae.js?adipiscing=libero&molestie=nullam&hendrerit=sit&at=amet&vulputate=turpis&vitae=elementum&nisl=ligula&aenean=vehicula&lectus=consequat&pellentesque=morbi&eget=a&nunc=ipsum&donec=integer&quis=a&orci=nibh&eget=in&orci=quis&vehicula=justo&condimentum=maecenas&curabitur=rhoncus&in=aliquam&libero=lacus&ut=morbi&massa=quis&volutpat=tortor&convallis=id&morbi=nulla'),(5,'Nlounge','92178 Eagle Crest Plaza','595-456-5398','hcolbert4@princeton.edu','Bypass Common Bile Duct to Cystic Duct, Perc Endo Approach','https://blogtalkradio.com/erat.js?curae=nec&duis=nisi&faucibus=vulputate&accumsan=nonummy&odio=maecenas&curabitur=tincidunt&convallis=lacus&duis=at&consequat=velit&dui=vivamus&nec=vel&nisi=nulla&volutpat=eget&eleifend=eros&donec=elementum&ut=pellentesque&dolor=quisque&morbi=porta&vel=volutpat&lectus=erat&in=quisque&quam=erat&fringilla=eros&rhoncus=viverra&mauris=eget&enim=congue&leo=eget&rhoncus=semper&sed=rutrum&vestibulum=nulla&sit=nunc&amet=purus&cursus=phasellus&id=in&turpis=felis&integer=donec&aliquet=semper&massa=sapien&id=a&lobortis=libero&convallis=nam&tortor=dui&risus=proin&dapibus=leo&augue=odio&vel=porttitor&accumsan=id&tellus=consequat&nisi=in&eu=consequat&orci=ut&mauris=nulla&lacinia=sed&sapien=accumsan&quis=felis&libero=ut&nullam=at&sit=dolor&amet=quis&turpis=odio&elementum=consequat&ligula=varius&vehicula=integer&consequat=ac&morbi=leo&a=pellentesque&ipsum=ultrices&integer=mattis&a=odio&nibh=donec&in=vitae&quis=nisi&justo=nam&maecenas=ultrices&rhoncus=libero&aliquam=non&lacus=mattis&morbi=pulvinar&quis=nulla&tortor=pede&id=ullamcorper&nulla=augue&ultrices=a&aliquet=suscipit&maecenas=nulla&leo=elit&odio=ac&condimentum=nulla&id=sed&luctus=vel&nec=enim&molestie=sit&sed=amet'),(6,'Katz','5 Mosinee Alley','174-722-3725','obagworth5@blogs.com','Revision of Synth Sub in Spinal Canal, Open Approach','http://seesaa.net/sem/sed/sagittis/nam/congue/risus.html?lacus=felis&purus=eu&aliquet=sapien&at=cursus&feugiat=vestibulum&non=proin&pretium=eu&quis=mi&lectus=nulla&suspendisse=ac&potenti=enim&in=in&eleifend=tempor&quam=turpis&a=nec&odio=euismod&in=scelerisque&hac=quam&habitasse=turpis&platea=adipiscing&dictumst=lorem&maecenas=vitae&ut=mattis&massa=nibh&quis=ligula&augue=nec&luctus=sem&tincidunt=duis&nulla=aliquam&mollis=convallis&molestie=nunc&lorem=proin&quisque=at&ut=turpis&erat=a&curabitur=pede&gravida=posuere&nisi=nonummy&at=integer&nibh=non&in=velit&hac=donec&habitasse=diam&platea=neque&dictumst=vestibulum&aliquam=eget&augue=vulputate&quam=ut'),(7,'Skaboo','86820 Quincy Circle','492-118-5691','ahacun6@sina.com.cn','Excision of L Up Leg Subcu/Fascia, Open Approach, Diagn','https://com.com/malesuada/in/imperdiet/et/commodo/vulputate/justo.jpg?sapien=justo&urna=maecenas&pretium=rhoncus&nisl=aliquam&ut=lacus&volutpat=morbi&sapien=quis&arcu=tortor&sed=id&augue=nulla&aliquam=ultrices&erat=aliquet&volutpat=maecenas&in=leo&congue=odio&etiam=condimentum&justo=id&etiam=luctus&pretium=nec&iaculis=molestie&justo=sed&in=justo&hac=pellentesque&habitasse=viverra&platea=pede&dictumst=ac&etiam=diam&faucibus=cras&cursus=pellentesque&urna=volutpat&ut=dui&tellus=maecenas&nulla=tristique&ut=est&erat=et&id=tempus&mauris=semper&vulputate=est&elementum=quam&nullam=pharetra&varius=magna&nulla=ac&facilisi=consequat&cras=metus&non=sapien&velit=ut&nec=nunc&nisi=vestibulum&vulputate=ante&nonummy=ipsum&maecenas=primis&tincidunt=in&lacus=faucibus&at=orci&velit=luctus&vivamus=et&vel=ultrices&nulla=posuere&eget=cubilia&eros=curae&elementum=mauris&pellentesque=viverra&quisque=diam&porta=vitae&volutpat=quam&erat=suspendisse&quisque=potenti&erat=nullam&eros=porttitor&viverra=lacus&eget=at&congue=turpis&eget=donec&semper=posuere&rutrum=metus&nulla=vitae&nunc=ipsum&purus=aliquam&phasellus=non&in=mauris&felis=morbi&donec=non&semper=lectus&sapien=aliquam&a=sit&libero=amet&nam=diam&dui=in'),(8,'Mybuzz','1956 Buhler Junction','966-245-3735','ahyatt7@apple.com','Alteration of Right External Ear, Percutaneous Approach','https://un.org/nullam.html?aliquet=non&massa=velit&id=nec&lobortis=nisi&convallis=vulputate&tortor=nonummy&risus=maecenas&dapibus=tincidunt&augue=lacus&vel=at&accumsan=velit&tellus=vivamus&nisi=vel&eu=nulla&orci=eget&mauris=eros&lacinia=elementum&sapien=pellentesque&quis=quisque&libero=porta&nullam=volutpat&sit=erat&amet=quisque&turpis=erat&elementum=eros&ligula=viverra&vehicula=eget&consequat=congue&morbi=eget&a=semper&ipsum=rutrum&integer=nulla&a=nunc'),(9,'Muxo','03 Corben Avenue','978-951-6132','kbrunstan8@aol.com','Insertion of Int Fix into L Occipital Bone, Open Approach','http://ibm.com/eros/viverra.xml?eu=orci&interdum=luctus&eu=et&tincidunt=ultrices&in=posuere&leo=cubilia&maecenas=curae&pulvinar=duis&lobortis=faucibus&est=accumsan&phasellus=odio&sit=curabitur&amet=convallis&erat=duis&nulla=consequat&tempus=dui&vivamus=nec&in=nisi&felis=volutpat&eu=eleifend&sapien=donec&cursus=ut&vestibulum=dolor&proin=morbi&eu=vel&mi=lectus&nulla=in&ac=quam&enim=fringilla&in=rhoncus&tempor=mauris&turpis=enim&nec=leo&euismod=rhoncus&scelerisque=sed&quam=vestibulum&turpis=sit&adipiscing=amet&lorem=cursus&vitae=id&mattis=turpis&nibh=integer&ligula=aliquet&nec=massa&sem=id&duis=lobortis&aliquam=convallis&convallis=tortor&nunc=risus&proin=dapibus&at=augue&turpis=vel&a=accumsan&pede=tellus&posuere=nisi&nonummy=eu&integer=orci&non=mauris'),(10,'Youspan','219 Anzinger Place','511-866-9039','bdaice9@rambler.ru','Alteration of L Shoulder with Synth Sub, Perc Endo Approach','https://discuz.net/nulla/elit/ac/nulla/sed/vel/enim.js?potenti=aliquam&cras=erat&in=volutpat&purus=in&eu=congue&magna=etiam&vulputate=justo&luctus=etiam&cum=pretium&sociis=iaculis&natoque=justo&penatibus=in&et=hac&magnis=habitasse&dis=platea&parturient=dictumst&montes=etiam&nascetur=faucibus&ridiculus=cursus&mus=urna&vivamus=ut&vestibulum=tellus&sagittis=nulla&sapien=ut&cum=erat&sociis=id&natoque=mauris&penatibus=vulputate&et=elementum&magnis=nullam&dis=varius&parturient=nulla&montes=facilisi&nascetur=cras&ridiculus=non&mus=velit&etiam=nec&vel=nisi&augue=vulputate&vestibulum=nonummy&rutrum=maecenas&rutrum=tincidunt&neque=lacus&aenean=at&auctor=velit&gravida=vivamus&sem=vel&praesent=nulla&id=eget&massa=eros&id=elementum&nisl=pellentesque&venenatis=quisque&lacinia=porta&aenean=volutpat&sit=erat&amet=quisque&justo=erat&morbi=eros&ut=viverra&odio=eget&cras=congue&mi=eget&pede=semper&malesuada=rutrum&in=nulla&imperdiet=nunc&et=purus&commodo=phasellus&vulputate=in&justo=felis&in=donec&blandit=semper&ultrices=sapien&enim=a&lorem=libero&ipsum=nam&dolor=dui&sit=proin'),(11,'Demimbu','699 Sundown Junction','875-837-5563','cdallowaya@washington.edu','Insertion of Monitoring Device into Bladder, Via Opening','https://toplist.cz/ipsum/integer/a/nibh/in/quis.jpg?blandit=in&non=est&interdum=risus&in=auctor&ante=sed&vestibulum=tristique&ante=in&ipsum=tempus&primis=sit&in=amet&faucibus=sem&orci=fusce&luctus=consequat&et=nulla&ultrices=nisl&posuere=nunc&cubilia=nisl&curae=duis&duis=bibendum&faucibus=felis&accumsan=sed&odio=interdum&curabitur=venenatis&convallis=turpis&duis=enim&consequat=blandit&dui=mi&nec=in&nisi=porttitor&volutpat=pede&eleifend=justo&donec=eu&ut=massa&dolor=donec&morbi=dapibus&vel=duis&lectus=at&in=velit&quam=eu&fringilla=est&rhoncus=congue&mauris=elementum&enim=in&leo=hac&rhoncus=habitasse&sed=platea&vestibulum=dictumst&sit=morbi&amet=vestibulum&cursus=velit&id=id&turpis=pretium&integer=iaculis&aliquet=diam&massa=erat&id=fermentum&lobortis=justo&convallis=nec&tortor=condimentum&risus=neque&dapibus=sapien&augue=placerat&vel=ante&accumsan=nulla&tellus=justo&nisi=aliquam&eu=quis&orci=turpis&mauris=eget&lacinia=elit&sapien=sodales&quis=scelerisque&libero=mauris&nullam=sit&sit=amet&amet=eros&turpis=suspendisse&elementum=accumsan&ligula=tortor&vehicula=quis&consequat=turpis&morbi=sed&a=ante'),(12,'Linkbridge','346 Valley Edge Plaza','359-721-6015','cdutteridgeb@nydailynews.com','Inspection of Urethra, External Approach','https://bandcamp.com/ultrices/mattis.jsp?in=proin&eleifend=interdum&quam=mauris&a=non&odio=ligula&in=pellentesque&hac=ultrices&habitasse=phasellus&platea=id&dictumst=sapien&maecenas=in&ut=sapien&massa=iaculis&quis=congue&augue=vivamus&luctus=metus&tincidunt=arcu&nulla=adipiscing&mollis=molestie&molestie=hendrerit&lorem=at&quisque=vulputate&ut=vitae&erat=nisl&curabitur=aenean&gravida=lectus&nisi=pellentesque&at=eget&nibh=nunc&in=donec&hac=quis&habitasse=orci&platea=eget&dictumst=orci&aliquam=vehicula&augue=condimentum&quam=curabitur&sollicitudin=in&vitae=libero&consectetuer=ut&eget=massa&rutrum=volutpat&at=convallis&lorem=morbi&integer=odio&tincidunt=odio&ante=elementum&vel=eu&ipsum=interdum&praesent=eu&blandit=tincidunt&lacinia=in&erat=leo&vestibulum=maecenas&sed=pulvinar&magna=lobortis&at=est&nunc=phasellus&commodo=sit&placerat=amet&praesent=erat&blandit=nulla&nam=tempus&nulla=vivamus&integer=in&pede=felis&justo=eu&lacinia=sapien&eget=cursus&tincidunt=vestibulum&eget=proin&tempus=eu&vel=mi&pede=nulla'),(13,'Bubbletube','4 Quincy Circle','529-191-2560','lportalc@europa.eu','Dilation of Right Main Bronchus, Open Approach','https://infoseek.co.jp/consequat/morbi/a/ipsum.png?volutpat=congue&eleifend=eget&donec=semper&ut=rutrum&dolor=nulla&morbi=nunc&vel=purus&lectus=phasellus&in=in&quam=felis&fringilla=donec&rhoncus=semper&mauris=sapien&enim=a&leo=libero&rhoncus=nam&sed=dui&vestibulum=proin&sit=leo&amet=odio&cursus=porttitor&id=id&turpis=consequat&integer=in&aliquet=consequat&massa=ut&id=nulla&lobortis=sed&convallis=accumsan&tortor=felis&risus=ut&dapibus=at&augue=dolor&vel=quis&accumsan=odio&tellus=consequat&nisi=varius&eu=integer&orci=ac&mauris=leo&lacinia=pellentesque&sapien=ultrices&quis=mattis&libero=odio&nullam=donec&sit=vitae&amet=nisi&turpis=nam&elementum=ultrices&ligula=libero&vehicula=non&consequat=mattis&morbi=pulvinar&a=nulla&ipsum=pede&integer=ullamcorper&a=augue&nibh=a&in=suscipit&quis=nulla&justo=elit&maecenas=ac&rhoncus=nulla&aliquam=sed&lacus=vel&morbi=enim&quis=sit&tortor=amet&id=nunc'),(14,'Thoughtstorm','99511 Fordem Way','292-189-0773','creinertd@meetup.com','Communicative/Cognitive Integration Skills Treatment','http://cargocollective.com/lacus.js?in=velit&tempus=donec&sit=diam&amet=neque&sem=vestibulum&fusce=eget&consequat=vulputate&nulla=ut&nisl=ultrices&nunc=vel&nisl=augue&duis=vestibulum&bibendum=ante&felis=ipsum&sed=primis&interdum=in&venenatis=faucibus&turpis=orci&enim=luctus&blandit=et&mi=ultrices&in=posuere&porttitor=cubilia&pede=curae&justo=donec&eu=pharetra&massa=magna&donec=vestibulum&dapibus=aliquet&duis=ultrices&at=erat&velit=tortor&eu=sollicitudin&est=mi&congue=sit&elementum=amet&in=lobortis&hac=sapien&habitasse=sapien&platea=non&dictumst=mi&morbi=integer&vestibulum=ac&velit=neque&id=duis&pretium=bibendum&iaculis=morbi&diam=non&erat=quam&fermentum=nec&justo=dui&nec=luctus&condimentum=rutrum'),(15,'Chatterbridge','64667 Annamark Terrace','377-428-2062','atoghere@jigsy.com','Occlusion of L Parotid Duct with Intralum Dev, Via Opening','https://cbslocal.com/id/luctus/nec/molestie/sed/justo.png?non=odio&velit=condimentum&nec=id&nisi=luctus&vulputate=nec&nonummy=molestie&maecenas=sed&tincidunt=justo&lacus=pellentesque&at=viverra&velit=pede&vivamus=ac&vel=diam&nulla=cras&eget=pellentesque&eros=volutpat'),(16,'Bluezoom','24628 Delladonna Alley','205-746-5315','rcuniffef@opensource.org','Revise Intralum Dev in Up Intest Tract, Perc Endo','https://dell.com/vivamus/tortor/duis/mattis.png?vel=ipsum&augue=primis&vestibulum=in&ante=faucibus&ipsum=orci&primis=luctus&in=et&faucibus=ultrices&orci=posuere&luctus=cubilia&et=curae&ultrices=donec&posuere=pharetra&cubilia=magna&curae=vestibulum&donec=aliquet&pharetra=ultrices&magna=erat&vestibulum=tortor&aliquet=sollicitudin&ultrices=mi&erat=sit&tortor=amet&sollicitudin=lobortis&mi=sapien&sit=sapien&amet=non&lobortis=mi&sapien=integer&sapien=ac&non=neque&mi=duis&integer=bibendum&ac=morbi&neque=non&duis=quam&bibendum=nec&morbi=dui&non=luctus&quam=rutrum'),(17,'Eabox','65 Bayside Point','993-578-4278','ckeuntjeg@free.fr','Replace of R Ext Iliac Vein with Nonaut Sub, Open Approach','https://51.la/amet/nunc/viverra/dapibus/nulla/suscipit.aspx?odio=tempor&cras=turpis&mi=nec&pede=euismod&malesuada=scelerisque&in=quam&imperdiet=turpis&et=adipiscing&commodo=lorem&vulputate=vitae&justo=mattis&in=nibh&blandit=ligula&ultrices=nec&enim=sem&lorem=duis&ipsum=aliquam&dolor=convallis&sit=nunc&amet=proin&consectetuer=at&adipiscing=turpis&elit=a&proin=pede&interdum=posuere&mauris=nonummy&non=integer&ligula=non&pellentesque=velit&ultrices=donec&phasellus=diam&id=neque'),(18,'Topdrive','02 Morning Center','342-252-6598','djosefssonh@desdev.cn','Removal of Stimulator Lead from Stomach, Perc Approach','https://comsenz.com/molestie/nibh/in/lectus/pellentesque/at/nulla.png?lorem=dolor&id=sit&ligula=amet&suspendisse=consectetuer&ornare=adipiscing&consequat=elit&lectus=proin&in=interdum&est=mauris&risus=non&auctor=ligula&sed=pellentesque&tristique=ultrices&in=phasellus&tempus=id&sit=sapien&amet=in&sem=sapien&fusce=iaculis&consequat=congue&nulla=vivamus&nisl=metus&nunc=arcu&nisl=adipiscing&duis=molestie&bibendum=hendrerit&felis=at&sed=vulputate&interdum=vitae&venenatis=nisl&turpis=aenean&enim=lectus&blandit=pellentesque&mi=eget&in=nunc&porttitor=donec&pede=quis&justo=orci&eu=eget&massa=orci&donec=vehicula&dapibus=condimentum&duis=curabitur&at=in&velit=libero&eu=ut&est=massa&congue=volutpat&elementum=convallis&in=morbi&hac=odio&habitasse=odio'),(19,'Demivee','5553 Shoshone Hill','811-656-0014','ffairyi@npr.org','Transfer Assessment using Orthosis','http://bbc.co.uk/dolor.js?eu=nisi&est=venenatis&congue=tristique&elementum=fusce&in=congue&hac=diam&habitasse=id&platea=ornare&dictumst=imperdiet&morbi=sapien&vestibulum=urna&velit=pretium&id=nisl&pretium=ut&iaculis=volutpat&diam=sapien&erat=arcu&fermentum=sed&justo=augue&nec=aliquam&condimentum=erat&neque=volutpat&sapien=in&placerat=congue&ante=etiam&nulla=justo&justo=etiam&aliquam=pretium&quis=iaculis&turpis=justo&eget=in&elit=hac&sodales=habitasse&scelerisque=platea&mauris=dictumst&sit=etiam&amet=faucibus&eros=cursus&suspendisse=urna&accumsan=ut&tortor=tellus&quis=nulla&turpis=ut&sed=erat&ante=id&vivamus=mauris&tortor=vulputate&duis=elementum&mattis=nullam&egestas=varius&metus=nulla&aenean=facilisi&fermentum=cras&donec=non&ut=velit&mauris=nec&eget=nisi&massa=vulputate&tempor=nonummy&convallis=maecenas&nulla=tincidunt&neque=lacus&libero=at&convallis=velit&eget=vivamus&eleifend=vel&luctus=nulla&ultricies=eget&eu=eros&nibh=elementum'),(20,'Centizu','415 Homewood Pass','235-946-9462','cgrubyj@pinterest.com','Restriction of Superior Mesenteric Artery, Open Approach','http://example.com/ante/ipsum/primis/in/faucibus.png?vestibulum=tellus&eget=nulla&vulputate=ut&ut=erat&ultrices=id&vel=mauris&augue=vulputate&vestibulum=elementum&ante=nullam&ipsum=varius&primis=nulla'),(21,'Shufflester','468 Division Plaza','370-285-3291','mgerreltsk@1688.com','Beam Radiation of Thorax Lymphatics using Photons <1 MeV','https://ftc.gov/augue/quam/sollicitudin/vitae/consectetuer.js?blandit=in&non=faucibus&interdum=orci&in=luctus&ante=et&vestibulum=ultrices&ante=posuere&ipsum=cubilia&primis=curae&in=nulla&faucibus=dapibus&orci=dolor&luctus=vel&et=est&ultrices=donec&posuere=odio&cubilia=justo&curae=sollicitudin&duis=ut&faucibus=suscipit&accumsan=a&odio=feugiat&curabitur=et&convallis=eros&duis=vestibulum'),(22,'Twinder','84681 Longview Road','912-855-3935','emccroryl@skype.com','Destruction of Right Kidney Pelvis, Perc Endo Approach','https://mit.edu/ut/massa/volutpat/convallis/morbi/odio.xml?sit=sem&amet=sed&turpis=sagittis&elementum=nam&ligula=congue&vehicula=risus&consequat=semper&morbi=porta&a=volutpat&ipsum=quam&integer=pede&a=lobortis&nibh=ligula&in=sit&quis=amet&justo=eleifend&maecenas=pede&rhoncus=libero&aliquam=quis&lacus=orci&morbi=nullam&quis=molestie&tortor=nibh&id=in&nulla=lectus&ultrices=pellentesque&aliquet=at&maecenas=nulla&leo=suspendisse&odio=potenti&condimentum=cras&id=in&luctus=purus&nec=eu&molestie=magna&sed=vulputate&justo=luctus&pellentesque=cum&viverra=sociis&pede=natoque&ac=penatibus&diam=et&cras=magnis&pellentesque=dis&volutpat=parturient&dui=montes&maecenas=nascetur&tristique=ridiculus&est=mus&et=vivamus&tempus=vestibulum&semper=sagittis&est=sapien&quam=cum&pharetra=sociis&magna=natoque&ac=penatibus'),(23,'Fivechat','751 Wayridge Park','172-470-9995','arobothamm@arstechnica.com','Drainage of Right Wrist Region, Open Approach','http://java.com/eget/rutrum/at/lorem/integer/tincidunt/ante.html?cum=imperdiet&sociis=nullam&natoque=orci&penatibus=pede&et=venenatis&magnis=non&dis=sodales&parturient=sed&montes=tincidunt&nascetur=eu&ridiculus=felis&mus=fusce&etiam=posuere&vel=felis&augue=sed&vestibulum=lacus&rutrum=morbi&rutrum=sem&neque=mauris&aenean=laoreet&auctor=ut&gravida=rhoncus&sem=aliquet&praesent=pulvinar&id=sed&massa=nisl&id=nunc&nisl=rhoncus&venenatis=dui&lacinia=vel&aenean=sem&sit=sed&amet=sagittis&justo=nam&morbi=congue&ut=risus&odio=semper&cras=porta&mi=volutpat&pede=quam&malesuada=pede&in=lobortis&imperdiet=ligula&et=sit&commodo=amet&vulputate=eleifend&justo=pede&in=libero&blandit=quis&ultrices=orci&enim=nullam&lorem=molestie&ipsum=nibh&dolor=in&sit=lectus&amet=pellentesque&consectetuer=at&adipiscing=nulla&elit=suspendisse&proin=potenti&interdum=cras&mauris=in&non=purus&ligula=eu&pellentesque=magna&ultrices=vulputate&phasellus=luctus&id=cum&sapien=sociis&in=natoque&sapien=penatibus&iaculis=et&congue=magnis&vivamus=dis&metus=parturient&arcu=montes&adipiscing=nascetur&molestie=ridiculus&hendrerit=mus&at=vivamus&vulputate=vestibulum&vitae=sagittis&nisl=sapien&aenean=cum&lectus=sociis'),(24,'Realblab','98 David Center','484-347-1660','jdregann@dailymotion.com','Release Right Maxilla, Open Approach','https://flavors.me/leo/maecenas/pulvinar/lobortis/est/phasellus.jsp?felis=ullamcorper&sed=purus'),(25,'Trunyx','813 Moose Center','339-235-0152','dgantzmano@smh.com.au','Revision of Ext Fix in L Thumb Phalanx, Perc Approach','http://meetup.com/at/dolor/quis.png?praesent=porta&blandit=volutpat&lacinia=quam&erat=pede'),(26,'Jaxbean','44265 Lakewood Street','802-739-5072','ndonovanp@baidu.com','Bypass R Ventricle to R Pulm Art w Zooplastic, Perc Endo','https://youtu.be/pretium/nisl.html?fermentum=quam&donec=fringilla&ut=rhoncus&mauris=mauris&eget=enim&massa=leo&tempor=rhoncus&convallis=sed&nulla=vestibulum&neque=sit&libero=amet&convallis=cursus&eget=id&eleifend=turpis&luctus=integer&ultricies=aliquet&eu=massa&nibh=id&quisque=lobortis&id=convallis&justo=tortor&sit=risus&amet=dapibus&sapien=augue&dignissim=vel&vestibulum=accumsan&vestibulum=tellus&ante=nisi&ipsum=eu&primis=orci&in=mauris'),(27,'Kwinu','34479 Briar Crest Trail','677-160-9809','wrenshellq@stumbleupon.com','Repair Left Parotid Gland, Percutaneous Approach','http://spiegel.de/faucibus.jpg?elementum=pulvinar&pellentesque=nulla&quisque=pede&porta=ullamcorper&volutpat=augue&erat=a&quisque=suscipit&erat=nulla&eros=elit&viverra=ac&eget=nulla&congue=sed&eget=vel&semper=enim&rutrum=sit&nulla=amet&nunc=nunc&purus=viverra&phasellus=dapibus&in=nulla'),(28,'Brightdog','7259 Surrey Crossing','642-478-5693','nwellmanr@state.tx.us','Repair Right Occipital Bone, Open Approach','http://icq.com/pellentesque/ultrices/mattis/odio/donec.jsp?fermentum=nulla&donec=integer&ut=pede&mauris=justo&eget=lacinia&massa=eget&tempor=tincidunt&convallis=eget&nulla=tempus&neque=vel&libero=pede&convallis=morbi&eget=porttitor&eleifend=lorem&luctus=id&ultricies=ligula&eu=suspendisse&nibh=ornare&quisque=consequat&id=lectus&justo=in&sit=est&amet=risus&sapien=auctor&dignissim=sed&vestibulum=tristique&vestibulum=in&ante=tempus&ipsum=sit'),(29,'Linktype','7 Jay Place','547-105-7900','dosherrins@alibaba.com','Extirpation of Matter from Cereb Vent, Perc Endo Approach','https://furl.net/non.js?hendrerit=at&at=turpis&vulputate=a&vitae=pede&nisl=posuere&aenean=nonummy&lectus=integer&pellentesque=non&eget=velit&nunc=donec&donec=diam&quis=neque&orci=vestibulum&eget=eget&orci=vulputate&vehicula=ut&condimentum=ultrices&curabitur=vel&in=augue&libero=vestibulum&ut=ante&massa=ipsum&volutpat=primis&convallis=in&morbi=faucibus&odio=orci&odio=luctus&elementum=et&eu=ultrices&interdum=posuere&eu=cubilia&tincidunt=curae&in=donec&leo=pharetra&maecenas=magna&pulvinar=vestibulum&lobortis=aliquet&est=ultrices&phasellus=erat&sit=tortor&amet=sollicitudin&erat=mi&nulla=sit&tempus=amet&vivamus=lobortis&in=sapien&felis=sapien&eu=non&sapien=mi&cursus=integer&vestibulum=ac&proin=neque&eu=duis&mi=bibendum&nulla=morbi&ac=non&enim=quam'),(30,'Oyonder','014 4th Avenue','186-571-0679','hkaysert@auda.org.au','Muscle Perform Assess Musculosk Head, Neck w Oth Equip','http://walmart.com/vivamus.jsp?mi=vulputate&pede=elementum&malesuada=nullam&in=varius&imperdiet=nulla&et=facilisi&commodo=cras&vulputate=non&justo=velit&in=nec&blandit=nisi&ultrices=vulputate&enim=nonummy&lorem=maecenas&ipsum=tincidunt&dolor=lacus&sit=at&amet=velit&consectetuer=vivamus&adipiscing=vel&elit=nulla&proin=eget&interdum=eros&mauris=elementum&non=pellentesque&ligula=quisque&pellentesque=porta&ultrices=volutpat&phasellus=erat&id=quisque&sapien=erat&in=eros&sapien=viverra&iaculis=eget&congue=congue&vivamus=eget&metus=semper&arcu=rutrum&adipiscing=nulla&molestie=nunc&hendrerit=purus&at=phasellus&vulputate=in&vitae=felis&nisl=donec&aenean=semper&lectus=sapien&pellentesque=a&eget=libero&nunc=nam&donec=dui&quis=proin&orci=leo&eget=odio&orci=porttitor&vehicula=id&condimentum=consequat&curabitur=in&in=consequat&libero=ut&ut=nulla&massa=sed&volutpat=accumsan&convallis=felis&morbi=ut&odio=at&odio=dolor&elementum=quis&eu=odio&interdum=consequat&eu=varius&tincidunt=integer&in=ac&leo=leo&maecenas=pellentesque&pulvinar=ultrices&lobortis=mattis&est=odio&phasellus=donec&sit=vitae&amet=nisi&erat=nam&nulla=ultrices&tempus=libero&vivamus=non&in=mattis'),(31,'Flipbug','54 Boyd Road','467-462-9153','mhucknallu@bluehost.com','Division of L Low Arm Subcu/Fascia, Perc Approach','http://cnbc.com/ligula/nec/sem/duis/aliquam/convallis/nunc.jpg?posuere=felis&cubilia=sed&curae=lacus&donec=morbi&pharetra=sem&magna=mauris&vestibulum=laoreet&aliquet=ut&ultrices=rhoncus&erat=aliquet&tortor=pulvinar&sollicitudin=sed&mi=nisl&sit=nunc&amet=rhoncus&lobortis=dui&sapien=vel&sapien=sem&non=sed&mi=sagittis&integer=nam&ac=congue&neque=risus&duis=semper&bibendum=porta&morbi=volutpat&non=quam&quam=pede&nec=lobortis&dui=ligula&luctus=sit&rutrum=amet&nulla=eleifend&tellus=pede&in=libero&sagittis=quis&dui=orci&vel=nullam&nisl=molestie&duis=nibh&ac=in&nibh=lectus&fusce=pellentesque&lacus=at&purus=nulla&aliquet=suspendisse&at=potenti&feugiat=cras&non=in&pretium=purus&quis=eu&lectus=magna&suspendisse=vulputate&potenti=luctus&in=cum&eleifend=sociis&quam=natoque&a=penatibus&odio=et&in=magnis&hac=dis&habitasse=parturient&platea=montes&dictumst=nascetur&maecenas=ridiculus&ut=mus&massa=vivamus&quis=vestibulum&augue=sagittis&luctus=sapien&tincidunt=cum&nulla=sociis&mollis=natoque&molestie=penatibus&lorem=et&quisque=magnis&ut=dis&erat=parturient&curabitur=montes&gravida=nascetur&nisi=ridiculus&at=mus&nibh=etiam&in=vel&hac=augue&habitasse=vestibulum&platea=rutrum&dictumst=rutrum'),(32,'Podcat','1 Northport Lane','932-843-4105','dbatstonev@tinypic.com','Excision of Cervix, Open Approach, Diagnostic','https://e-recht24.de/habitasse/platea.jpg?euismod=nisl&scelerisque=ut&quam=volutpat&turpis=sapien&adipiscing=arcu&lorem=sed&vitae=augue&mattis=aliquam&nibh=erat&ligula=volutpat&nec=in&sem=congue&duis=etiam'),(33,'Feedfire','9 Hazelcrest Point','302-460-7239','grablew@google.cn','Alteration of Face with Autol Sub, Perc Endo Approach','https://dyndns.org/molestie/lorem/quisque/ut.png?quis=nec&augue=nisi&luctus=volutpat&tincidunt=eleifend&nulla=donec&mollis=ut&molestie=dolor&lorem=morbi&quisque=vel&ut=lectus&erat=in&curabitur=quam&gravida=fringilla&nisi=rhoncus&at=mauris&nibh=enim&in=leo&hac=rhoncus&habitasse=sed&platea=vestibulum&dictumst=sit&aliquam=amet&augue=cursus&quam=id&sollicitudin=turpis&vitae=integer&consectetuer=aliquet&eget=massa&rutrum=id&at=lobortis&lorem=convallis&integer=tortor&tincidunt=risus&ante=dapibus&vel=augue&ipsum=vel&praesent=accumsan&blandit=tellus&lacinia=nisi&erat=eu&vestibulum=orci&sed=mauris&magna=lacinia&at=sapien&nunc=quis&commodo=libero&placerat=nullam&praesent=sit&blandit=amet&nam=turpis&nulla=elementum&integer=ligula&pede=vehicula&justo=consequat&lacinia=morbi&eget=a&tincidunt=ipsum&eget=integer'),(34,'Tagcat','7 Riverside Crossing','319-856-9107','cdonisix@over-blog.com','Drainage of Left Clavicle, Perc Endo Approach, Diagn','https://paypal.com/aliquet/at.aspx?in=semper&est=rutrum&risus=nulla&auctor=nunc&sed=purus&tristique=phasellus&in=in&tempus=felis&sit=donec&amet=semper&sem=sapien&fusce=a&consequat=libero&nulla=nam&nisl=dui&nunc=proin&nisl=leo&duis=odio&bibendum=porttitor&felis=id&sed=consequat&interdum=in&venenatis=consequat&turpis=ut&enim=nulla&blandit=sed&mi=accumsan&in=felis&porttitor=ut&pede=at&justo=dolor&eu=quis&massa=odio&donec=consequat&dapibus=varius&duis=integer&at=ac&velit=leo&eu=pellentesque&est=ultrices&congue=mattis&elementum=odio&in=donec&hac=vitae&habitasse=nisi&platea=nam&dictumst=ultrices&morbi=libero&vestibulum=non&velit=mattis&id=pulvinar&pretium=nulla&iaculis=pede&diam=ullamcorper&erat=augue&fermentum=a&justo=suscipit&nec=nulla&condimentum=elit&neque=ac&sapien=nulla&placerat=sed&ante=vel&nulla=enim&justo=sit&aliquam=amet&quis=nunc&turpis=viverra&eget=dapibus&elit=nulla&sodales=suscipit&scelerisque=ligula&mauris=in&sit=lacus&amet=curabitur&eros=at&suspendisse=ipsum&accumsan=ac&tortor=tellus&quis=semper&turpis=interdum&sed=mauris&ante=ullamcorper&vivamus=purus&tortor=sit&duis=amet&mattis=nulla&egestas=quisque&metus=arcu&aenean=libero&fermentum=rutrum&donec=ac&ut=lobortis&mauris=vel'),(35,'Jetpulse','9 Florence Junction','289-293-8322','aupcotty@who.int','Release Facial Muscle, External Approach','http://facebook.com/curabitur/gravida.jpg?in=condimentum&ante=id&vestibulum=luctus&ante=nec&ipsum=molestie&primis=sed&in=justo&faucibus=pellentesque&orci=viverra&luctus=pede&et=ac&ultrices=diam&posuere=cras&cubilia=pellentesque&curae=volutpat&duis=dui&faucibus=maecenas&accumsan=tristique&odio=est&curabitur=et&convallis=tempus&duis=semper&consequat=est&dui=quam&nec=pharetra&nisi=magna&volutpat=ac&eleifend=consequat&donec=metus&ut=sapien&dolor=ut&morbi=nunc&vel=vestibulum&lectus=ante&in=ipsum&quam=primis&fringilla=in&rhoncus=faucibus&mauris=orci&enim=luctus&leo=et&rhoncus=ultrices&sed=posuere'),(36,'Dazzlesphere','73 Bellgrove Way','831-304-1317','dlightwingz@reuters.com','Drain of L Mastoid Sinus with Drain Dev, Perc Endo Approach','https://4shared.com/ut.js?nullam=porttitor&sit=id&amet=consequat&turpis=in&elementum=consequat&ligula=ut&vehicula=nulla&consequat=sed&morbi=accumsan&a=felis&ipsum=ut&integer=at&a=dolor&nibh=quis&in=odio&quis=consequat&justo=varius&maecenas=integer&rhoncus=ac&aliquam=leo&lacus=pellentesque&morbi=ultrices&quis=mattis&tortor=odio&id=donec&nulla=vitae&ultrices=nisi&aliquet=nam&maecenas=ultrices&leo=libero&odio=non&condimentum=mattis&id=pulvinar&luctus=nulla&nec=pede&molestie=ullamcorper&sed=augue&justo=a&pellentesque=suscipit&viverra=nulla&pede=elit&ac=ac&diam=nulla'),(37,'Leenti','5 Nelson Hill','863-896-4784','jmaster10@xrea.com','Revision of Nonaut Sub in R Wrist Jt, Open Approach','http://youtu.be/mus/etiam/vel/augue.png?elit=luctus&sodales=cum&scelerisque=sociis&mauris=natoque&sit=penatibus&amet=et&eros=magnis&suspendisse=dis&accumsan=parturient&tortor=montes&quis=nascetur&turpis=ridiculus&sed=mus&ante=vivamus&vivamus=vestibulum&tortor=sagittis&duis=sapien&mattis=cum&egestas=sociis&metus=natoque&aenean=penatibus&fermentum=et&donec=magnis&ut=dis&mauris=parturient&eget=montes&massa=nascetur&tempor=ridiculus&convallis=mus&nulla=etiam&neque=vel&libero=augue&convallis=vestibulum&eget=rutrum&eleifend=rutrum&luctus=neque&ultricies=aenean&eu=auctor&nibh=gravida&quisque=sem&id=praesent&justo=id&sit=massa&amet=id&sapien=nisl&dignissim=venenatis&vestibulum=lacinia&vestibulum=aenean&ante=sit&ipsum=amet&primis=justo&in=morbi&faucibus=ut&orci=odio&luctus=cras&et=mi&ultrices=pede&posuere=malesuada&cubilia=in&curae=imperdiet&nulla=et&dapibus=commodo&dolor=vulputate&vel=justo&est=in&donec=blandit&odio=ultrices&justo=enim&sollicitudin=lorem&ut=ipsum&suscipit=dolor&a=sit&feugiat=amet&et=consectetuer&eros=adipiscing&vestibulum=elit&ac=proin&est=interdum&lacinia=mauris'),(38,'Rhynyx','9 Knutson Parkway','349-224-2020','fmedhurst11@hp.com','Dilation of Right Subclavian Vein, Percutaneous Approach','https://yellowbook.com/nec/dui.js?augue=platea&vestibulum=dictumst&ante=etiam&ipsum=faucibus&primis=cursus&in=urna&faucibus=ut&orci=tellus&luctus=nulla&et=ut&ultrices=erat&posuere=id&cubilia=mauris&curae=vulputate&donec=elementum&pharetra=nullam&magna=varius&vestibulum=nulla&aliquet=facilisi&ultrices=cras&erat=non&tortor=velit&sollicitudin=nec&mi=nisi&sit=vulputate&amet=nonummy&lobortis=maecenas&sapien=tincidunt&sapien=lacus&non=at&mi=velit&integer=vivamus&ac=vel&neque=nulla&duis=eget&bibendum=eros&morbi=elementum&non=pellentesque&quam=quisque&nec=porta&dui=volutpat&luctus=erat&rutrum=quisque&nulla=erat&tellus=eros&in=viverra&sagittis=eget&dui=congue&vel=eget&nisl=semper&duis=rutrum&ac=nulla&nibh=nunc&fusce=purus&lacus=phasellus&purus=in&aliquet=felis&at=donec&feugiat=semper&non=sapien&pretium=a&quis=libero&lectus=nam&suspendisse=dui&potenti=proin'),(39,'Trupe','749 Vera Crossing','108-522-7854','gperone12@wikimedia.org','Drainage of Right Breast, Endo, Diagn','https://va.gov/odio/cras.xml?ut=quam&blandit=suspendisse&non=potenti&interdum=nullam&in=porttitor&ante=lacus&vestibulum=at&ante=turpis&ipsum=donec&primis=posuere&in=metus&faucibus=vitae&orci=ipsum&luctus=aliquam&et=non&ultrices=mauris&posuere=morbi&cubilia=non&curae=lectus&duis=aliquam&faucibus=sit&accumsan=amet&odio=diam&curabitur=in&convallis=magna&duis=bibendum&consequat=imperdiet&dui=nullam&nec=orci&nisi=pede&volutpat=venenatis&eleifend=non&donec=sodales&ut=sed&dolor=tincidunt&morbi=eu&vel=felis&lectus=fusce&in=posuere&quam=felis&fringilla=sed&rhoncus=lacus&mauris=morbi&enim=sem&leo=mauris&rhoncus=laoreet&sed=ut&vestibulum=rhoncus&sit=aliquet&amet=pulvinar&cursus=sed&id=nisl&turpis=nunc&integer=rhoncus&aliquet=dui&massa=vel&id=sem&lobortis=sed&convallis=sagittis&tortor=nam&risus=congue&dapibus=risus&augue=semper&vel=porta&accumsan=volutpat&tellus=quam&nisi=pede&eu=lobortis&orci=ligula&mauris=sit&lacinia=amet&sapien=eleifend&quis=pede&libero=libero&nullam=quis&sit=orci&amet=nullam&turpis=molestie&elementum=nibh&ligula=in&vehicula=lectus&consequat=pellentesque&morbi=at&a=nulla&ipsum=suspendisse&integer=potenti&a=cras&nibh=in&in=purus&quis=eu&justo=magna&maecenas=vulputate&rhoncus=luctus&aliquam=cum&lacus=sociis&morbi=natoque&quis=penatibus&tortor=et&id=magnis'),(40,'Livetube','5 Park Meadow Junction','466-601-6266','kpluthero13@drupal.org','Revise of Nonaut Sub in Low Intest Tract, Perc Endo Approach','https://360.cn/nulla/elit.html?ut=libero&blandit=convallis&non=eget&interdum=eleifend&in=luctus&ante=ultricies&vestibulum=eu&ante=nibh&ipsum=quisque&primis=id&in=justo&faucibus=sit&orci=amet&luctus=sapien&et=dignissim&ultrices=vestibulum&posuere=vestibulum&cubilia=ante&curae=ipsum&duis=primis&faucibus=in&accumsan=faucibus&odio=orci&curabitur=luctus&convallis=et&duis=ultrices&consequat=posuere&dui=cubilia'),(41,'Skaboo','22675 Moland Way','109-793-9201','eswyn14@barnesandnoble.com','Reposition Right Trunk Muscle, Perc Endo Approach','https://wikia.com/duis/ac/nibh/fusce/lacus/purus.js?rhoncus=bibendum&aliquam=imperdiet&lacus=nullam&morbi=orci&quis=pede&tortor=venenatis&id=non&nulla=sodales&ultrices=sed&aliquet=tincidunt&maecenas=eu&leo=felis&odio=fusce&condimentum=posuere&id=felis&luctus=sed&nec=lacus&molestie=morbi&sed=sem&justo=mauris&pellentesque=laoreet&viverra=ut&pede=rhoncus&ac=aliquet&diam=pulvinar&cras=sed&pellentesque=nisl&volutpat=nunc&dui=rhoncus&maecenas=dui&tristique=vel&est=sem&et=sed&tempus=sagittis&semper=nam&est=congue&quam=risus&pharetra=semper&magna=porta&ac=volutpat&consequat=quam&metus=pede&sapien=lobortis&ut=ligula&nunc=sit&vestibulum=amet&ante=eleifend&ipsum=pede&primis=libero&in=quis&faucibus=orci&orci=nullam&luctus=molestie&et=nibh&ultrices=in'),(42,'Realcube','0191 Summer Ridge Drive','919-629-9352','jyegorovnin15@google.com','Plain Radiography of Left Toe(s)','https://webnode.com/vivamus.aspx?mauris=nam&morbi=dui&non=proin&lectus=leo&aliquam=odio&sit=porttitor&amet=id&diam=consequat&in=in&magna=consequat&bibendum=ut&imperdiet=nulla&nullam=sed&orci=accumsan&pede=felis&venenatis=ut&non=at&sodales=dolor&sed=quis&tincidunt=odio&eu=consequat&felis=varius&fusce=integer&posuere=ac&felis=leo&sed=pellentesque&lacus=ultrices&morbi=mattis&sem=odio&mauris=donec&laoreet=vitae&ut=nisi&rhoncus=nam&aliquet=ultrices&pulvinar=libero&sed=non&nisl=mattis&nunc=pulvinar&rhoncus=nulla&dui=pede&vel=ullamcorper&sem=augue&sed=a&sagittis=suscipit&nam=nulla&congue=elit&risus=ac&semper=nulla&porta=sed&volutpat=vel&quam=enim&pede=sit&lobortis=amet&ligula=nunc&sit=viverra&amet=dapibus&eleifend=nulla&pede=suscipit&libero=ligula&quis=in'),(43,'Rhynoodle','623 Bluestem Terrace','550-390-7476','kdawtry16@parallels.com','Dilate L Com Iliac Art w 3 Drug-elut, Perc Endo','http://feedburner.com/erat/volutpat/in/congue/etiam/justo/etiam.js?id=lorem&mauris=ipsum&vulputate=dolor&elementum=sit&nullam=amet&varius=consectetuer&nulla=adipiscing&facilisi=elit&cras=proin&non=risus&velit=praesent&nec=lectus&nisi=vestibulum&vulputate=quam&nonummy=sapien&maecenas=varius&tincidunt=ut&lacus=blandit&at=non&velit=interdum&vivamus=in&vel=ante&nulla=vestibulum&eget=ante&eros=ipsum&elementum=primis&pellentesque=in&quisque=faucibus&porta=orci&volutpat=luctus&erat=et&quisque=ultrices&erat=posuere&eros=cubilia&viverra=curae&eget=duis&congue=faucibus&eget=accumsan&semper=odio&rutrum=curabitur&nulla=convallis&nunc=duis&purus=consequat'),(44,'Zazio','6265 Graceland Circle','352-689-9145','cgabbot17@usgs.gov','Drainage of Left Elbow Joint, Perc Endo Approach, Diagn','http://chicagotribune.com/eu/sapien.js?luctus=mollis&nec=molestie&molestie=lorem&sed=quisque&justo=ut&pellentesque=erat&viverra=curabitur&pede=gravida&ac=nisi&diam=at&cras=nibh&pellentesque=in&volutpat=hac&dui=habitasse&maecenas=platea&tristique=dictumst&est=aliquam&et=augue&tempus=quam&semper=sollicitudin&est=vitae&quam=consectetuer&pharetra=eget&magna=rutrum&ac=at&consequat=lorem&metus=integer&sapien=tincidunt&ut=ante&nunc=vel&vestibulum=ipsum&ante=praesent&ipsum=blandit&primis=lacinia&in=erat&faucibus=vestibulum&orci=sed&luctus=magna&et=at&ultrices=nunc&posuere=commodo&cubilia=placerat&curae=praesent&mauris=blandit&viverra=nam&diam=nulla&vitae=integer&quam=pede&suspendisse=justo&potenti=lacinia&nullam=eget&porttitor=tincidunt&lacus=eget&at=tempus&turpis=vel&donec=pede&posuere=morbi&metus=porttitor&vitae=lorem&ipsum=id&aliquam=ligula&non=suspendisse&mauris=ornare&morbi=consequat&non=lectus&lectus=in&aliquam=est&sit=risus&amet=auctor&diam=sed&in=tristique&magna=in&bibendum=tempus&imperdiet=sit&nullam=amet&orci=sem&pede=fusce&venenatis=consequat&non=nulla&sodales=nisl'),(45,'Babbleopia','5 Hanover Road','969-808-9471','dmcjerrow18@privacy.gov.au','Reposition Right Clavicle, Percutaneous Endoscopic Approach','http://toplist.cz/elit/ac/nulla/sed/vel/enim/sit.json?augue=justo&vestibulum=maecenas&rutrum=rhoncus&rutrum=aliquam&neque=lacus&aenean=morbi&auctor=quis&gravida=tortor&sem=id&praesent=nulla&id=ultrices&massa=aliquet&id=maecenas&nisl=leo&venenatis=odio&lacinia=condimentum&aenean=id&sit=luctus&amet=nec&justo=molestie&morbi=sed&ut=justo&odio=pellentesque&cras=viverra&mi=pede&pede=ac&malesuada=diam&in=cras&imperdiet=pellentesque&et=volutpat&commodo=dui&vulputate=maecenas&justo=tristique&in=est&blandit=et&ultrices=tempus&enim=semper&lorem=est&ipsum=quam&dolor=pharetra&sit=magna&amet=ac&consectetuer=consequat&adipiscing=metus&elit=sapien&proin=ut&interdum=nunc&mauris=vestibulum&non=ante&ligula=ipsum&pellentesque=primis&ultrices=in&phasellus=faucibus&id=orci&sapien=luctus&in=et&sapien=ultrices&iaculis=posuere'),(46,'Skinte','86 Brown Lane','207-619-9332','dstaples19@sun.com','Revision of Ext Fix in R Hip Jt, Open Approach','http://sfgate.com/ipsum/dolor/sit/amet/consectetuer/adipiscing.xml?donec=leo&pharetra=odio&magna=porttitor&vestibulum=id&aliquet=consequat&ultrices=in&erat=consequat&tortor=ut'),(47,'Thoughtmix','48409 Sunfield Terrace','746-638-1979','mrabat1a@mozilla.org','Repair Left Carpal, Open Approach','http://privacy.gov.au/varius/integer.js?et=porta&magnis=volutpat&dis=erat&parturient=quisque&montes=erat&nascetur=eros&ridiculus=viverra&mus=eget&etiam=congue&vel=eget&augue=semper&vestibulum=rutrum&rutrum=nulla&rutrum=nunc&neque=purus&aenean=phasellus&auctor=in&gravida=felis&sem=donec&praesent=semper&id=sapien&massa=a&id=libero&nisl=nam&venenatis=dui&lacinia=proin&aenean=leo&sit=odio&amet=porttitor&justo=id'),(48,'Oyonder','2837 Thackeray Terrace','351-967-9947','dbowland1b@last.fm','Ear Canal Probe Micropho Assessment using Hear Aid Equipment','http://gizmodo.com/nibh/in/lectus.jsp?blandit=tortor&mi=quis&in=turpis&porttitor=sed&pede=ante&justo=vivamus&eu=tortor&massa=duis&donec=mattis&dapibus=egestas&duis=metus&at=aenean&velit=fermentum&eu=donec&est=ut&congue=mauris&elementum=eget&in=massa&hac=tempor&habitasse=convallis&platea=nulla&dictumst=neque&morbi=libero&vestibulum=convallis&velit=eget&id=eleifend&pretium=luctus&iaculis=ultricies&diam=eu&erat=nibh&fermentum=quisque&justo=id&nec=justo&condimentum=sit&neque=amet&sapien=sapien&placerat=dignissim&ante=vestibulum&nulla=vestibulum&justo=ante&aliquam=ipsum&quis=primis&turpis=in&eget=faucibus&elit=orci&sodales=luctus&scelerisque=et&mauris=ultrices&sit=posuere&amet=cubilia&eros=curae&suspendisse=nulla&accumsan=dapibus&tortor=dolor&quis=vel&turpis=est&sed=donec'),(49,'Livefish','9572 Parkside Avenue','839-550-9959','clowsely1c@tumblr.com','Extirpation of Matter from Lung Lingula, Via Opening','http://intel.com/eleifend/donec.xml?ut=vitae&ultrices=quam&vel=suspendisse&augue=potenti&vestibulum=nullam&ante=porttitor&ipsum=lacus&primis=at&in=turpis&faucibus=donec&orci=posuere&luctus=metus&et=vitae&ultrices=ipsum&posuere=aliquam&cubilia=non&curae=mauris&donec=morbi&pharetra=non&magna=lectus&vestibulum=aliquam&aliquet=sit&ultrices=amet&erat=diam&tortor=in&sollicitudin=magna&mi=bibendum&sit=imperdiet&amet=nullam&lobortis=orci&sapien=pede&sapien=venenatis&non=non&mi=sodales&integer=sed&ac=tincidunt&neque=eu&duis=felis&bibendum=fusce&morbi=posuere&non=felis&quam=sed&nec=lacus&dui=morbi&luctus=sem&rutrum=mauris&nulla=laoreet&tellus=ut&in=rhoncus&sagittis=aliquet&dui=pulvinar&vel=sed&nisl=nisl&duis=nunc&ac=rhoncus&nibh=dui&fusce=vel&lacus=sem&purus=sed&aliquet=sagittis&at=nam&feugiat=congue&non=risus&pretium=semper&quis=porta&lectus=volutpat&suspendisse=quam&potenti=pede&in=lobortis&eleifend=ligula&quam=sit&a=amet&odio=eleifend&in=pede&hac=libero&habitasse=quis&platea=orci&dictumst=nullam&maecenas=molestie&ut=nibh&massa=in&quis=lectus&augue=pellentesque&luctus=at'),(50,'Avamm','86 Truax Alley','263-218-6375','gfrowd1d@sohu.com','Restriction of Ileum, Percutaneous Approach','https://yandex.ru/luctus/et.jpg?quisque=in&ut=porttitor&erat=pede&curabitur=justo&gravida=eu&nisi=massa&at=donec&nibh=dapibus&in=duis&hac=at&habitasse=velit&platea=eu&dictumst=est&aliquam=congue&augue=elementum&quam=in&sollicitudin=hac&vitae=habitasse&consectetuer=platea&eget=dictumst&rutrum=morbi&at=vestibulum&lorem=velit&integer=id&tincidunt=pretium&ante=iaculis&vel=diam&ipsum=erat&praesent=fermentum&blandit=justo&lacinia=nec&erat=condimentum&vestibulum=neque&sed=sapien&magna=placerat&at=ante&nunc=nulla&commodo=justo&placerat=aliquam&praesent=quis&blandit=turpis&nam=eget&nulla=elit&integer=sodales&pede=scelerisque&justo=mauris&lacinia=sit&eget=amet&tincidunt=eros&eget=suspendisse&tempus=accumsan&vel=tortor&pede=quis&morbi=turpis&porttitor=sed&lorem=ante&id=vivamus&ligula=tortor&suspendisse=duis&ornare=mattis&consequat=egestas&lectus=metus&in=aenean&est=fermentum&risus=donec'),(51,'Midel','024 Mallory Alley','183-789-0938','mgarrity1e@yellowbook.com','Inspection of Left Femoral Region, Percutaneous Approach','http://about.com/nibh/in/lectus/pellentesque.xml?maecenas=feugiat&tincidunt=non&lacus=pretium&at=quis&velit=lectus&vivamus=suspendisse&vel=potenti&nulla=in&eget=eleifend&eros=quam&elementum=a&pellentesque=odio&quisque=in&porta=hac&volutpat=habitasse&erat=platea&quisque=dictumst&erat=maecenas&eros=ut&viverra=massa&eget=quis&congue=augue&eget=luctus&semper=tincidunt&rutrum=nulla&nulla=mollis&nunc=molestie&purus=lorem&phasellus=quisque&in=ut&felis=erat&donec=curabitur&semper=gravida&sapien=nisi&a=at&libero=nibh&nam=in&dui=hac&proin=habitasse&leo=platea&odio=dictumst&porttitor=aliquam&id=augue&consequat=quam&in=sollicitudin&consequat=vitae&ut=consectetuer&nulla=eget&sed=rutrum&accumsan=at&felis=lorem&ut=integer&at=tincidunt&dolor=ante&quis=vel&odio=ipsum&consequat=praesent&varius=blandit&integer=lacinia&ac=erat&leo=vestibulum&pellentesque=sed&ultrices=magna&mattis=at&odio=nunc&donec=commodo&vitae=placerat&nisi=praesent&nam=blandit&ultrices=nam&libero=nulla&non=integer&mattis=pede&pulvinar=justo&nulla=lacinia&pede=eget&ullamcorper=tincidunt&augue=eget&a=tempus&suscipit=vel&nulla=pede&elit=morbi&ac=porttitor&nulla=lorem&sed=id&vel=ligula&enim=suspendisse&sit=ornare&amet=consequat&nunc=lectus&viverra=in&dapibus=est'),(52,'Dabjam','8 Delaware Center','696-854-8021','ckilbane1f@quantcast.com','Insertion of Limb Length Dev into L Up Femur, Perc Approach','http://over-blog.com/et/ultrices/posuere/cubilia/curae.json?tempus=arcu&vivamus=sed&in=augue&felis=aliquam&eu=erat&sapien=volutpat&cursus=in&vestibulum=congue&proin=etiam&eu=justo&mi=etiam&nulla=pretium&ac=iaculis&enim=justo&in=in&tempor=hac&turpis=habitasse&nec=platea&euismod=dictumst&scelerisque=etiam&quam=faucibus&turpis=cursus&adipiscing=urna&lorem=ut&vitae=tellus&mattis=nulla&nibh=ut&ligula=erat&nec=id&sem=mauris&duis=vulputate&aliquam=elementum&convallis=nullam&nunc=varius&proin=nulla&at=facilisi&turpis=cras&a=non&pede=velit&posuere=nec&nonummy=nisi&integer=vulputate&non=nonummy&velit=maecenas&donec=tincidunt&diam=lacus&neque=at&vestibulum=velit&eget=vivamus&vulputate=vel&ut=nulla&ultrices=eget&vel=eros&augue=elementum&vestibulum=pellentesque&ante=quisque&ipsum=porta&primis=volutpat&in=erat&faucibus=quisque&orci=erat&luctus=eros&et=viverra&ultrices=eget&posuere=congue&cubilia=eget&curae=semper&donec=rutrum&pharetra=nulla&magna=nunc&vestibulum=purus&aliquet=phasellus&ultrices=in&erat=felis&tortor=donec&sollicitudin=semper&mi=sapien&sit=a&amet=libero&lobortis=nam&sapien=dui&sapien=proin&non=leo&mi=odio&integer=porttitor&ac=id&neque=consequat&duis=in&bibendum=consequat&morbi=ut&non=nulla&quam=sed&nec=accumsan&dui=felis&luctus=ut'),(53,'Twitterbeat','54 Holmberg Center','258-304-8863','odrewson1g@wiley.com','Restrict of R Thyroid Art with Extralum Dev, Perc Approach','http://ovh.net/laoreet/ut/rhoncus.jsp?lorem=erat&integer=volutpat&tincidunt=in&ante=congue&vel=etiam&ipsum=justo&praesent=etiam&blandit=pretium&lacinia=iaculis&erat=justo&vestibulum=in&sed=hac&magna=habitasse&at=platea&nunc=dictumst&commodo=etiam&placerat=faucibus&praesent=cursus&blandit=urna&nam=ut&nulla=tellus&integer=nulla&pede=ut&justo=erat&lacinia=id&eget=mauris&tincidunt=vulputate&eget=elementum&tempus=nullam&vel=varius&pede=nulla&morbi=facilisi&porttitor=cras&lorem=non&id=velit&ligula=nec&suspendisse=nisi&ornare=vulputate&consequat=nonummy'),(54,'Jaxnation','940 Butterfield Parkway','488-267-7624','bmomford1h@icq.com','Fusion of R Metacarpophal Jt with Nonaut Sub, Perc Approach','http://mozilla.com/est/quam/pharetra/magna.jsp?fusce=a&congue=ipsum&diam=integer&id=a&ornare=nibh&imperdiet=in&sapien=quis&urna=justo&pretium=maecenas&nisl=rhoncus&ut=aliquam&volutpat=lacus&sapien=morbi&arcu=quis&sed=tortor&augue=id&aliquam=nulla&erat=ultrices&volutpat=aliquet&in=maecenas&congue=leo&etiam=odio&justo=condimentum&etiam=id'),(55,'Twimm','379 Manufacturers Pass','422-456-3723','lcampana1i@webnode.com','ROM & Jt Mobility Trmt Musculosk Head, Neck w Assist Equip','https://apache.org/sapien/urna/pretium/nisl/ut.aspx?felis=hac&donec=habitasse&semper=platea&sapien=dictumst&a=aliquam&libero=augue&nam=quam&dui=sollicitudin&proin=vitae&leo=consectetuer&odio=eget&porttitor=rutrum&id=at&consequat=lorem&in=integer&consequat=tincidunt&ut=ante&nulla=vel&sed=ipsum&accumsan=praesent&felis=blandit&ut=lacinia&at=erat&dolor=vestibulum&quis=sed&odio=magna&consequat=at&varius=nunc&integer=commodo&ac=placerat&leo=praesent&pellentesque=blandit&ultrices=nam&mattis=nulla&odio=integer&donec=pede&vitae=justo&nisi=lacinia&nam=eget&ultrices=tincidunt&libero=eget&non=tempus&mattis=vel&pulvinar=pede&nulla=morbi&pede=porttitor&ullamcorper=lorem&augue=id&a=ligula&suscipit=suspendisse&nulla=ornare&elit=consequat&ac=lectus&nulla=in&sed=est&vel=risus&enim=auctor&sit=sed&amet=tristique&nunc=in&viverra=tempus&dapibus=sit&nulla=amet&suscipit=sem&ligula=fusce&in=consequat&lacus=nulla&curabitur=nisl&at=nunc&ipsum=nisl&ac=duis&tellus=bibendum&semper=felis&interdum=sed&mauris=interdum&ullamcorper=venenatis&purus=turpis&sit=enim&amet=blandit&nulla=mi&quisque=in&arcu=porttitor&libero=pede&rutrum=justo'),(56,'Yacero','5 Fairfield Road','369-467-1385','ggierok1j@intel.com','Removal of Autol Sub from L Humeral Head, Open Approach','http://prweb.com/suscipit/ligula/in.aspx?in=platea&felis=dictumst&donec=etiam&semper=faucibus&sapien=cursus&a=urna&libero=ut&nam=tellus&dui=nulla&proin=ut&leo=erat&odio=id&porttitor=mauris&id=vulputate&consequat=elementum&in=nullam&consequat=varius&ut=nulla&nulla=facilisi&sed=cras&accumsan=non&felis=velit&ut=nec&at=nisi&dolor=vulputate&quis=nonummy&odio=maecenas&consequat=tincidunt&varius=lacus&integer=at&ac=velit&leo=vivamus&pellentesque=vel&ultrices=nulla&mattis=eget&odio=eros&donec=elementum&vitae=pellentesque&nisi=quisque&nam=porta&ultrices=volutpat&libero=erat&non=quisque&mattis=erat&pulvinar=eros&nulla=viverra&pede=eget&ullamcorper=congue&augue=eget&a=semper&suscipit=rutrum&nulla=nulla&elit=nunc&ac=purus&nulla=phasellus&sed=in'),(57,'JumpXS','5 High Crossing Crossing','818-167-0526','ssitford1k@bandcamp.com','Bypass Sup Vena Cava to R Pulm Art w Autol Art, Perc Endo','https://ox.ac.uk/proin/at/turpis/a/pede.html?ipsum=ipsum&primis=integer&in=a&faucibus=nibh&orci=in&luctus=quis&et=justo&ultrices=maecenas&posuere=rhoncus&cubilia=aliquam&curae=lacus&nulla=morbi&dapibus=quis&dolor=tortor&vel=id&est=nulla&donec=ultrices&odio=aliquet&justo=maecenas&sollicitudin=leo&ut=odio&suscipit=condimentum&a=id&feugiat=luctus&et=nec&eros=molestie&vestibulum=sed&ac=justo&est=pellentesque&lacinia=viverra&nisi=pede&venenatis=ac&tristique=diam&fusce=cras&congue=pellentesque&diam=volutpat&id=dui&ornare=maecenas&imperdiet=tristique&sapien=est&urna=et&pretium=tempus&nisl=semper&ut=est&volutpat=quam&sapien=pharetra&arcu=magna&sed=ac&augue=consequat&aliquam=metus&erat=sapien&volutpat=ut&in=nunc&congue=vestibulum&etiam=ante&justo=ipsum&etiam=primis&pretium=in&iaculis=faucibus&justo=orci&in=luctus&hac=et&habitasse=ultrices&platea=posuere&dictumst=cubilia&etiam=curae&faucibus=mauris&cursus=viverra&urna=diam&ut=vitae&tellus=quam&nulla=suspendisse&ut=potenti&erat=nullam&id=porttitor&mauris=lacus&vulputate=at&elementum=turpis&nullam=donec&varius=posuere&nulla=metus&facilisi=vitae&cras=ipsum&non=aliquam&velit=non&nec=mauris&nisi=morbi&vulputate=non&nonummy=lectus&maecenas=aliquam&tincidunt=sit&lacus=amet&at=diam&velit=in'),(58,'Devcast','98026 2nd Road','321-469-5009','jketton1l@sohu.com','Transfer Tongue, Palate, Pharynx Muscle, Open Approach','https://google.it/ultrices/enim/lorem/ipsum/dolor/sit.json?in=ante&hac=ipsum&habitasse=primis&platea=in&dictumst=faucibus&etiam=orci&faucibus=luctus&cursus=et&urna=ultrices&ut=posuere&tellus=cubilia&nulla=curae&ut=nulla&erat=dapibus&id=dolor&mauris=vel&vulputate=est&elementum=donec&nullam=odio&varius=justo&nulla=sollicitudin&facilisi=ut&cras=suscipit&non=a&velit=feugiat&nec=et&nisi=eros&vulputate=vestibulum&nonummy=ac&maecenas=est&tincidunt=lacinia&lacus=nisi&at=venenatis&velit=tristique&vivamus=fusce&vel=congue&nulla=diam&eget=id&eros=ornare&elementum=imperdiet&pellentesque=sapien&quisque=urna&porta=pretium&volutpat=nisl&erat=ut&quisque=volutpat&erat=sapien'),(59,'Devshare','39 Jana Road','228-454-1080','hbleakley1m@mtv.com','Supplement Atrial Septum with Synth Sub, Open Approach','https://technorati.com/id/luctus/nec/molestie/sed.html?justo=vestibulum&aliquam=velit&quis=id&turpis=pretium&eget=iaculis&elit=diam&sodales=erat&scelerisque=fermentum&mauris=justo&sit=nec&amet=condimentum&eros=neque&suspendisse=sapien&accumsan=placerat&tortor=ante&quis=nulla&turpis=justo&sed=aliquam&ante=quis&vivamus=turpis&tortor=eget&duis=elit&mattis=sodales&egestas=scelerisque&metus=mauris&aenean=sit&fermentum=amet&donec=eros&ut=suspendisse&mauris=accumsan&eget=tortor&massa=quis&tempor=turpis&convallis=sed&nulla=ante&neque=vivamus&libero=tortor&convallis=duis&eget=mattis&eleifend=egestas&luctus=metus&ultricies=aenean&eu=fermentum&nibh=donec&quisque=ut&id=mauris&justo=eget&sit=massa&amet=tempor&sapien=convallis&dignissim=nulla&vestibulum=neque&vestibulum=libero&ante=convallis&ipsum=eget&primis=eleifend&in=luctus&faucibus=ultricies&orci=eu&luctus=nibh&et=quisque&ultrices=id&posuere=justo&cubilia=sit&curae=amet&nulla=sapien&dapibus=dignissim&dolor=vestibulum&vel=vestibulum&est=ante&donec=ipsum&odio=primis'),(60,'Topicshots','39020 5th Way','497-552-8860','hwandless1n@mysql.com','Revise VAD Reservoir in Up Extrem Subcu/Fascia, Extern','https://ebay.co.uk/et/ultrices/posuere/cubilia/curae/nulla/dapibus.xml?massa=viverra&id=diam&lobortis=vitae&convallis=quam&tortor=suspendisse&risus=potenti&dapibus=nullam&augue=porttitor&vel=lacus&accumsan=at&tellus=turpis&nisi=donec&eu=posuere&orci=metus&mauris=vitae&lacinia=ipsum&sapien=aliquam&quis=non&libero=mauris&nullam=morbi&sit=non&amet=lectus'),(61,'Dynava','732 Green Ridge Terrace','298-655-5142','mgarritley1o@about.me','Bypass Inf Vena Cava to Inf Mesent V w Autol Art, Open','http://w3.org/curabitur/gravida/nisi/at/nibh/in/hac.js?id=accumsan&lobortis=felis&convallis=ut&tortor=at&risus=dolor&dapibus=quis&augue=odio&vel=consequat'),(62,'Brainlounge','918 Loeprich Pass','328-547-0250','dbafford1p@multiply.com','Insertion of Infusion Device into R Up Arm, Open Approach','https://economist.com/justo/in/blandit/ultrices/enim/lorem.js?lorem=enim&quisque=in&ut=tempor&erat=turpis&curabitur=nec&gravida=euismod&nisi=scelerisque&at=quam&nibh=turpis&in=adipiscing&hac=lorem&habitasse=vitae&platea=mattis&dictumst=nibh&aliquam=ligula&augue=nec&quam=sem&sollicitudin=duis&vitae=aliquam&consectetuer=convallis&eget=nunc&rutrum=proin&at=at&lorem=turpis&integer=a&tincidunt=pede&ante=posuere&vel=nonummy&ipsum=integer&praesent=non&blandit=velit&lacinia=donec&erat=diam&vestibulum=neque&sed=vestibulum&magna=eget&at=vulputate&nunc=ut&commodo=ultrices&placerat=vel&praesent=augue&blandit=vestibulum&nam=ante&nulla=ipsum&integer=primis&pede=in&justo=faucibus&lacinia=orci&eget=luctus&tincidunt=et&eget=ultrices&tempus=posuere&vel=cubilia&pede=curae&morbi=donec&porttitor=pharetra&lorem=magna&id=vestibulum&ligula=aliquet&suspendisse=ultrices&ornare=erat&consequat=tortor&lectus=sollicitudin&in=mi&est=sit&risus=amet&auctor=lobortis&sed=sapien&tristique=sapien&in=non&tempus=mi&sit=integer&amet=ac&sem=neque&fusce=duis&consequat=bibendum&nulla=morbi'),(63,'Eimbee','8713 Morning Crossing','374-731-1190','mbernadon1q@ebay.com','Bypass L Com Iliac Art to L Ext Ilia w Nonaut Sub, Perc Endo','http://xinhuanet.com/sit/amet/lobortis.xml?in=tincidunt&purus=in&eu=leo&magna=maecenas&vulputate=pulvinar&luctus=lobortis&cum=est&sociis=phasellus&natoque=sit&penatibus=amet&et=erat&magnis=nulla&dis=tempus&parturient=vivamus&montes=in&nascetur=felis&ridiculus=eu&mus=sapien&vivamus=cursus&vestibulum=vestibulum&sagittis=proin&sapien=eu&cum=mi&sociis=nulla&natoque=ac&penatibus=enim&et=in&magnis=tempor&dis=turpis&parturient=nec&montes=euismod&nascetur=scelerisque&ridiculus=quam&mus=turpis&etiam=adipiscing&vel=lorem&augue=vitae&vestibulum=mattis&rutrum=nibh&rutrum=ligula&neque=nec&aenean=sem&auctor=duis&gravida=aliquam&sem=convallis&praesent=nunc&id=proin&massa=at&id=turpis&nisl=a&venenatis=pede&lacinia=posuere&aenean=nonummy&sit=integer&amet=non&justo=velit&morbi=donec&ut=diam&odio=neque&cras=vestibulum&mi=eget&pede=vulputate&malesuada=ut&in=ultrices&imperdiet=vel&et=augue&commodo=vestibulum&vulputate=ante'),(64,'Agivu','69938 Sullivan Drive','464-335-6621','ctuckwell1r@ted.com','Excision of Inferior Vena Cava, Perc Endo Approach, Diagn','http://wired.com/quam/sollicitudin/vitae/consectetuer/eget/rutrum.aspx?felis=aliquam&sed=erat&lacus=volutpat&morbi=in&sem=congue&mauris=etiam&laoreet=justo&ut=etiam&rhoncus=pretium&aliquet=iaculis&pulvinar=justo&sed=in&nisl=hac&nunc=habitasse&rhoncus=platea&dui=dictumst&vel=etiam'),(65,'Flipopia','79165 6th Plaza','713-143-5502','mgoldsberry1s@discovery.com','Replace of L Humeral Shaft with Nonaut Sub, Open Approach','http://vkontakte.ru/potenti/nullam/porttitor/lacus/at/turpis/donec.html?pede=curae&morbi=nulla&porttitor=dapibus&lorem=dolor&id=vel&ligula=est&suspendisse=donec&ornare=odio&consequat=justo&lectus=sollicitudin&in=ut&est=suscipit&risus=a&auctor=feugiat&sed=et&tristique=eros&in=vestibulum&tempus=ac&sit=est&amet=lacinia&sem=nisi&fusce=venenatis&consequat=tristique&nulla=fusce&nisl=congue&nunc=diam&nisl=id&duis=ornare&bibendum=imperdiet&felis=sapien&sed=urna&interdum=pretium&venenatis=nisl&turpis=ut&enim=volutpat&blandit=sapien&mi=arcu&in=sed&porttitor=augue&pede=aliquam&justo=erat&eu=volutpat&massa=in&donec=congue&dapibus=etiam&duis=justo&at=etiam&velit=pretium&eu=iaculis&est=justo&congue=in&elementum=hac&in=habitasse&hac=platea&habitasse=dictumst&platea=etiam&dictumst=faucibus&morbi=cursus&vestibulum=urna&velit=ut&id=tellus&pretium=nulla'),(66,'Jatri','5 Schmedeman Crossing','619-990-8272','dkaley1t@usgs.gov','Destruction of Acoustic Nerve, Open Approach','https://hugedomains.com/sit/amet/justo/morbi/ut/odio/cras.png?risus=pede&semper=libero&porta=quis&volutpat=orci&quam=nullam&pede=molestie&lobortis=nibh&ligula=in&sit=lectus&amet=pellentesque&eleifend=at&pede=nulla&libero=suspendisse&quis=potenti&orci=cras&nullam=in&molestie=purus&nibh=eu&in=magna&lectus=vulputate&pellentesque=luctus&at=cum&nulla=sociis&suspendisse=natoque&potenti=penatibus&cras=et&in=magnis&purus=dis&eu=parturient&magna=montes&vulputate=nascetur&luctus=ridiculus&cum=mus&sociis=vivamus&natoque=vestibulum&penatibus=sagittis&et=sapien&magnis=cum&dis=sociis&parturient=natoque&montes=penatibus&nascetur=et&ridiculus=magnis&mus=dis&vivamus=parturient&vestibulum=montes&sagittis=nascetur&sapien=ridiculus&cum=mus&sociis=etiam&natoque=vel&penatibus=augue&et=vestibulum&magnis=rutrum&dis=rutrum&parturient=neque&montes=aenean&nascetur=auctor&ridiculus=gravida&mus=sem&etiam=praesent&vel=id&augue=massa&vestibulum=id&rutrum=nisl&rutrum=venenatis&neque=lacinia&aenean=aenean&auctor=sit&gravida=amet&sem=justo&praesent=morbi&id=ut&massa=odio&id=cras&nisl=mi&venenatis=pede&lacinia=malesuada&aenean=in&sit=imperdiet&amet=et&justo=commodo&morbi=vulputate&ut=justo&odio=in&cras=blandit&mi=ultrices&pede=enim&malesuada=lorem&in=ipsum&imperdiet=dolor'),(67,'Rhyloo','75 Transport Trail','280-359-9517','rbalchen1u@joomla.org','Replacement of Left Orbit with Synth Sub, Open Approach','https://cdc.gov/velit/vivamus/vel/nulla.jsp?potenti=posuere&nullam=nonummy&porttitor=integer&lacus=non&at=velit&turpis=donec&donec=diam&posuere=neque&metus=vestibulum&vitae=eget&ipsum=vulputate&aliquam=ut&non=ultrices&mauris=vel&morbi=augue&non=vestibulum&lectus=ante&aliquam=ipsum&sit=primis&amet=in&diam=faucibus&in=orci&magna=luctus&bibendum=et&imperdiet=ultrices&nullam=posuere&orci=cubilia&pede=curae&venenatis=donec&non=pharetra&sodales=magna&sed=vestibulum&tincidunt=aliquet&eu=ultrices&felis=erat&fusce=tortor&posuere=sollicitudin&felis=mi&sed=sit&lacus=amet&morbi=lobortis&sem=sapien&mauris=sapien&laoreet=non&ut=mi&rhoncus=integer&aliquet=ac&pulvinar=neque&sed=duis&nisl=bibendum&nunc=morbi&rhoncus=non&dui=quam&vel=nec&sem=dui&sed=luctus&sagittis=rutrum&nam=nulla&congue=tellus&risus=in&semper=sagittis&porta=dui&volutpat=vel&quam=nisl&pede=duis&lobortis=ac&ligula=nibh&sit=fusce&amet=lacus&eleifend=purus&pede=aliquet&libero=at&quis=feugiat&orci=non&nullam=pretium&molestie=quis&nibh=lectus&in=suspendisse&lectus=potenti&pellentesque=in&at=eleifend&nulla=quam&suspendisse=a'),(68,'Mynte','7268 Clemons Alley','814-216-7298','ealexandre1v@berkeley.edu','Release Cervical Vertebra, Percutaneous Approach','http://cisco.com/volutpat/eleifend/donec/ut/dolor.html?tortor=porttitor&sollicitudin=pede&mi=justo&sit=eu&amet=massa&lobortis=donec&sapien=dapibus&sapien=duis&non=at&mi=velit&integer=eu&ac=est&neque=congue&duis=elementum&bibendum=in&morbi=hac&non=habitasse&quam=platea&nec=dictumst&dui=morbi&luctus=vestibulum&rutrum=velit&nulla=id&tellus=pretium&in=iaculis&sagittis=diam&dui=erat&vel=fermentum&nisl=justo&duis=nec&ac=condimentum&nibh=neque&fusce=sapien&lacus=placerat&purus=ante'),(69,'Skilith','4 Barby Avenue','129-689-2086','hdriscoll1w@163.com','Release Left Neck Muscle, Percutaneous Endoscopic Approach','https://free.fr/a/feugiat/et/eros/vestibulum.png?quam=malesuada&fringilla=in&rhoncus=imperdiet&mauris=et&enim=commodo&leo=vulputate&rhoncus=justo&sed=in&vestibulum=blandit&sit=ultrices&amet=enim&cursus=lorem&id=ipsum&turpis=dolor&integer=sit&aliquet=amet&massa=consectetuer&id=adipiscing&lobortis=elit&convallis=proin&tortor=interdum&risus=mauris&dapibus=non&augue=ligula&vel=pellentesque&accumsan=ultrices&tellus=phasellus&nisi=id&eu=sapien&orci=in&mauris=sapien&lacinia=iaculis&sapien=congue&quis=vivamus&libero=metus&nullam=arcu&sit=adipiscing&amet=molestie&turpis=hendrerit&elementum=at&ligula=vulputate&vehicula=vitae&consequat=nisl&morbi=aenean&a=lectus&ipsum=pellentesque&integer=eget&a=nunc&nibh=donec&in=quis&quis=orci&justo=eget&maecenas=orci&rhoncus=vehicula&aliquam=condimentum&lacus=curabitur&morbi=in&quis=libero&tortor=ut&id=massa&nulla=volutpat&ultrices=convallis&aliquet=morbi&maecenas=odio&leo=odio&odio=elementum&condimentum=eu&id=interdum&luctus=eu'),(70,'Skivee','384 Harbort Hill','534-339-5432','sstrelitz1x@ehow.com','Dilation of Stomach, Endo','https://hao123.com/eros/suspendisse/accumsan/tortor/quis.jsp?ultrices=turpis&posuere=donec&cubilia=posuere&curae=metus&nulla=vitae&dapibus=ipsum&dolor=aliquam&vel=non&est=mauris&donec=morbi&odio=non&justo=lectus&sollicitudin=aliquam&ut=sit&suscipit=amet&a=diam&feugiat=in&et=magna&eros=bibendum&vestibulum=imperdiet&ac=nullam&est=orci&lacinia=pede&nisi=venenatis&venenatis=non&tristique=sodales&fusce=sed&congue=tincidunt&diam=eu&id=felis&ornare=fusce&imperdiet=posuere&sapien=felis&urna=sed&pretium=lacus&nisl=morbi&ut=sem&volutpat=mauris&sapien=laoreet&arcu=ut&sed=rhoncus&augue=aliquet&aliquam=pulvinar&erat=sed&volutpat=nisl&in=nunc&congue=rhoncus&etiam=dui&justo=vel&etiam=sem&pretium=sed&iaculis=sagittis&justo=nam&in=congue&hac=risus&habitasse=semper&platea=porta&dictumst=volutpat&etiam=quam&faucibus=pede&cursus=lobortis&urna=ligula&ut=sit&tellus=amet&nulla=eleifend&ut=pede&erat=libero&id=quis'),(71,'Fatz','58 Caliangt Pass','656-497-4294','jlanning1y@barnesandnoble.com','Drainage of Left Lower Extremity Lymphatic, Open Approach','https://360.cn/in/quis.jsp?aliquet=turpis&pulvinar=enim&sed=blandit&nisl=mi&nunc=in&rhoncus=porttitor&dui=pede&vel=justo&sem=eu&sed=massa&sagittis=donec&nam=dapibus&congue=duis&risus=at&semper=velit&porta=eu&volutpat=est&quam=congue&pede=elementum&lobortis=in&ligula=hac&sit=habitasse&amet=platea&eleifend=dictumst&pede=morbi&libero=vestibulum&quis=velit&orci=id&nullam=pretium&molestie=iaculis&nibh=diam&in=erat&lectus=fermentum&pellentesque=justo&at=nec&nulla=condimentum&suspendisse=neque&potenti=sapien&cras=placerat&in=ante&purus=nulla&eu=justo&magna=aliquam&vulputate=quis&luctus=turpis&cum=eget&sociis=elit&natoque=sodales&penatibus=scelerisque&et=mauris&magnis=sit&dis=amet&parturient=eros&montes=suspendisse&nascetur=accumsan&ridiculus=tortor&mus=quis&vivamus=turpis&vestibulum=sed&sagittis=ante&sapien=vivamus&cum=tortor&sociis=duis&natoque=mattis&penatibus=egestas&et=metus&magnis=aenean&dis=fermentum&parturient=donec&montes=ut&nascetur=mauris&ridiculus=eget&mus=massa&etiam=tempor&vel=convallis&augue=nulla&vestibulum=neque&rutrum=libero&rutrum=convallis&neque=eget&aenean=eleifend&auctor=luctus&gravida=ultricies&sem=eu&praesent=nibh&id=quisque&massa=id&id=justo&nisl=sit&venenatis=amet&lacinia=sapien&aenean=dignissim&sit=vestibulum&amet=vestibulum&justo=ante&morbi=ipsum&ut=primis&odio=in&cras=faucibus'),(72,'Oba','58 Del Sol Point','451-852-6649','ssanchis1z@phoca.cz','Removal of Autol Sub from Up Back, Perc Approach','http://ucoz.com/ac/nibh.json?lobortis=ornare&vel=consequat&dapibus=lectus&at=in'),(73,'Rhyloo','612 Ramsey Road','727-362-4653','ekassidy20@ustream.tv','Supplement R Up Leg Subcu/Fascia w Autol Sub, Open','https://home.pl/curae/duis/faucibus.png?eu=ultrices&nibh=aliquet&quisque=maecenas&id=leo&justo=odio&sit=condimentum&amet=id&sapien=luctus&dignissim=nec&vestibulum=molestie&vestibulum=sed&ante=justo&ipsum=pellentesque&primis=viverra&in=pede&faucibus=ac&orci=diam&luctus=cras&et=pellentesque&ultrices=volutpat&posuere=dui&cubilia=maecenas&curae=tristique&nulla=est&dapibus=et'),(74,'Twitterbridge','23775 Spaight Lane','808-537-7201','lroadknight21@t-online.de','Repair Trigeminal Nerve, Percutaneous Approach','https://amazon.co.uk/id/ligula/suspendisse.aspx?suspendisse=pretium&potenti=iaculis&cras=justo&in=in&purus=hac&eu=habitasse&magna=platea&vulputate=dictumst&luctus=etiam&cum=faucibus&sociis=cursus&natoque=urna&penatibus=ut&et=tellus&magnis=nulla&dis=ut&parturient=erat&montes=id&nascetur=mauris&ridiculus=vulputate&mus=elementum&vivamus=nullam&vestibulum=varius'),(75,'Talane','9 Twin Pines Place','148-315-4222','ehetterich22@amazon.com','Revision of Autol Sub in L Pelvic Bone, Open Approach','http://telegraph.co.uk/fermentum/donec/ut/mauris/eget.aspx?sit=tempor&amet=convallis&sapien=nulla&dignissim=neque&vestibulum=libero&vestibulum=convallis&ante=eget&ipsum=eleifend&primis=luctus&in=ultricies&faucibus=eu&orci=nibh&luctus=quisque&et=id&ultrices=justo&posuere=sit&cubilia=amet&curae=sapien&nulla=dignissim&dapibus=vestibulum&dolor=vestibulum&vel=ante&est=ipsum&donec=primis&odio=in&justo=faucibus&sollicitudin=orci&ut=luctus&suscipit=et&a=ultrices&feugiat=posuere&et=cubilia&eros=curae&vestibulum=nulla&ac=dapibus&est=dolor&lacinia=vel&nisi=est&venenatis=donec&tristique=odio&fusce=justo&congue=sollicitudin&diam=ut&id=suscipit&ornare=a&imperdiet=feugiat&sapien=et&urna=eros'),(76,'Dabfeed','2714 Magdeline Parkway','612-193-7877','cdeboo23@indiegogo.com','Extirpation of Matter from Right Hip Joint, Open Approach','https://blogger.com/sapien.jpg?blandit=ut&ultrices=at&enim=dolor&lorem=quis&ipsum=odio&dolor=consequat&sit=varius&amet=integer&consectetuer=ac&adipiscing=leo&elit=pellentesque&proin=ultrices&interdum=mattis&mauris=odio&non=donec&ligula=vitae&pellentesque=nisi&ultrices=nam&phasellus=ultrices&id=libero&sapien=non&in=mattis&sapien=pulvinar&iaculis=nulla&congue=pede&vivamus=ullamcorper&metus=augue&arcu=a&adipiscing=suscipit&molestie=nulla&hendrerit=elit&at=ac&vulputate=nulla'),(77,'Youbridge','5419 Dovetail Way','850-145-1044','alevings24@g.co','Excision of L Subclav Art, Perc Endo Approach, Diagn','http://mysql.com/vestibulum.html?sodales=etiam&scelerisque=justo&mauris=etiam&sit=pretium&amet=iaculis&eros=justo&suspendisse=in&accumsan=hac&tortor=habitasse&quis=platea&turpis=dictumst&sed=etiam&ante=faucibus&vivamus=cursus&tortor=urna&duis=ut&mattis=tellus&egestas=nulla&metus=ut&aenean=erat&fermentum=id&donec=mauris&ut=vulputate&mauris=elementum&eget=nullam&massa=varius&tempor=nulla&convallis=facilisi&nulla=cras&neque=non&libero=velit&convallis=nec&eget=nisi&eleifend=vulputate&luctus=nonummy&ultricies=maecenas&eu=tincidunt&nibh=lacus&quisque=at&id=velit&justo=vivamus&sit=vel&amet=nulla&sapien=eget&dignissim=eros&vestibulum=elementum&vestibulum=pellentesque&ante=quisque&ipsum=porta&primis=volutpat&in=erat&faucibus=quisque&orci=erat&luctus=eros&et=viverra&ultrices=eget&posuere=congue&cubilia=eget&curae=semper&nulla=rutrum&dapibus=nulla&dolor=nunc&vel=purus&est=phasellus&donec=in&odio=felis&justo=donec&sollicitudin=semper&ut=sapien&suscipit=a&a=libero&feugiat=nam&et=dui&eros=proin&vestibulum=leo&ac=odio&est=porttitor&lacinia=id&nisi=consequat&venenatis=in&tristique=consequat&fusce=ut&congue=nulla&diam=sed&id=accumsan&ornare=felis&imperdiet=ut&sapien=at&urna=dolor&pretium=quis&nisl=odio&ut=consequat&volutpat=varius&sapien=integer&arcu=ac&sed=leo&augue=pellentesque'),(78,'Yoveo','66 Erie Park','269-586-6327','jmeriel25@furl.net','Restriction of Right Colic Artery, Percutaneous Approach','https://shutterfly.com/a/pede/posuere/nonummy/integer/non.jsp?nunc=lorem&nisl=ipsum&duis=dolor&bibendum=sit&felis=amet&sed=consectetuer&interdum=adipiscing&venenatis=elit&turpis=proin&enim=interdum&blandit=mauris&mi=non&in=ligula&porttitor=pellentesque&pede=ultrices&justo=phasellus&eu=id&massa=sapien&donec=in&dapibus=sapien&duis=iaculis&at=congue&velit=vivamus&eu=metus&est=arcu&congue=adipiscing&elementum=molestie&in=hendrerit&hac=at&habitasse=vulputate&platea=vitae&dictumst=nisl&morbi=aenean&vestibulum=lectus&velit=pellentesque&id=eget&pretium=nunc&iaculis=donec&diam=quis&erat=orci&fermentum=eget&justo=orci&nec=vehicula&condimentum=condimentum&neque=curabitur&sapien=in&placerat=libero&ante=ut&nulla=massa&justo=volutpat&aliquam=convallis&quis=morbi&turpis=odio&eget=odio&elit=elementum&sodales=eu&scelerisque=interdum&mauris=eu&sit=tincidunt&amet=in&eros=leo&suspendisse=maecenas'),(79,'Yodoo','639 Jay Crossing','212-448-7673','lgascoyen26@phoca.cz','Bypass R Axilla Art to Low Arm Vein w Nonaut Sub, Open','https://cnn.com/sed/accumsan/felis/ut/at.json?amet=a&consectetuer=pede&adipiscing=posuere&elit=nonummy&proin=integer&interdum=non&mauris=velit&non=donec&ligula=diam&pellentesque=neque&ultrices=vestibulum&phasellus=eget&id=vulputate&sapien=ut&in=ultrices&sapien=vel&iaculis=augue&congue=vestibulum&vivamus=ante&metus=ipsum&arcu=primis&adipiscing=in&molestie=faucibus&hendrerit=orci&at=luctus&vulputate=et&vitae=ultrices&nisl=posuere&aenean=cubilia&lectus=curae&pellentesque=donec&eget=pharetra&nunc=magna&donec=vestibulum&quis=aliquet&orci=ultrices&eget=erat&orci=tortor&vehicula=sollicitudin&condimentum=mi&curabitur=sit&in=amet&libero=lobortis&ut=sapien'),(80,'Leexo','59 Straubel Park','363-846-6901','cbritney27@hibu.com','Reposition Left Upper Leg Muscle, Perc Endo Approach','http://wp.com/non.html?diam=risus&id=semper&ornare=porta&imperdiet=volutpat&sapien=quam&urna=pede&pretium=lobortis&nisl=ligula&ut=sit&volutpat=amet&sapien=eleifend&arcu=pede&sed=libero&augue=quis&aliquam=orci&erat=nullam&volutpat=molestie&in=nibh&congue=in&etiam=lectus&justo=pellentesque&etiam=at&pretium=nulla&iaculis=suspendisse&justo=potenti&in=cras&hac=in&habitasse=purus&platea=eu&dictumst=magna&etiam=vulputate&faucibus=luctus&cursus=cum&urna=sociis&ut=natoque&tellus=penatibus&nulla=et&ut=magnis&erat=dis&id=parturient&mauris=montes&vulputate=nascetur&elementum=ridiculus&nullam=mus&varius=vivamus&nulla=vestibulum&facilisi=sagittis&cras=sapien&non=cum&velit=sociis&nec=natoque&nisi=penatibus&vulputate=et&nonummy=magnis&maecenas=dis&tincidunt=parturient&lacus=montes&at=nascetur&velit=ridiculus&vivamus=mus&vel=etiam&nulla=vel&eget=augue&eros=vestibulum&elementum=rutrum'),(81,'Pixope','78 Algoma Hill','402-696-7606','eauger28@deviantart.com','Plain Radiography of Lumbar Spine, Densitometry','https://bbc.co.uk/placerat.json?cras=adipiscing&mi=elit&pede=proin&malesuada=interdum&in=mauris&imperdiet=non&et=ligula&commodo=pellentesque&vulputate=ultrices&justo=phasellus&in=id&blandit=sapien&ultrices=in&enim=sapien&lorem=iaculis&ipsum=congue&dolor=vivamus&sit=metus&amet=arcu&consectetuer=adipiscing&adipiscing=molestie&elit=hendrerit&proin=at&interdum=vulputate&mauris=vitae&non=nisl&ligula=aenean&pellentesque=lectus&ultrices=pellentesque&phasellus=eget&id=nunc&sapien=donec&in=quis&sapien=orci&iaculis=eget&congue=orci&vivamus=vehicula&metus=condimentum&arcu=curabitur&adipiscing=in'),(82,'Roodel','13 Schiller Drive','492-405-0733','csommerlin29@com.com','Revision of Int Fix in R Finger Phalanx, Open Approach','http://illinois.edu/posuere/nonummy.xml?iaculis=odio&justo=elementum&in=eu&hac=interdum&habitasse=eu&platea=tincidunt&dictumst=in&etiam=leo&faucibus=maecenas&cursus=pulvinar&urna=lobortis&ut=est&tellus=phasellus&nulla=sit&ut=amet&erat=erat&id=nulla&mauris=tempus&vulputate=vivamus&elementum=in&nullam=felis&varius=eu&nulla=sapien&facilisi=cursus&cras=vestibulum&non=proin&velit=eu'),(83,'Jaxnation','662 Algoma Court','698-187-3296','ffolcarelli2a@hatena.ne.jp','Revision of Infusion Device in Great Vessel, Open Approach','http://dot.gov/sollicitudin/ut/suscipit/a.html?quam=cubilia&sapien=curae&varius=duis'),(84,'Layo','7724 Roxbury Park','566-107-1677','rbarnewall2b@china.com.cn','Dilation of Left Hand Artery, Perc Endo Approach','http://hc360.com/dolor/quis/odio/consequat/varius/integer/ac.json?orci=aliquam&mauris=convallis&lacinia=nunc&sapien=proin&quis=at&libero=turpis&nullam=a&sit=pede&amet=posuere&turpis=nonummy&elementum=integer&ligula=non&vehicula=velit&consequat=donec&morbi=diam&a=neque&ipsum=vestibulum&integer=eget&a=vulputate&nibh=ut&in=ultrices&quis=vel&justo=augue&maecenas=vestibulum&rhoncus=ante&aliquam=ipsum&lacus=primis&morbi=in&quis=faucibus&tortor=orci&id=luctus&nulla=et&ultrices=ultrices&aliquet=posuere&maecenas=cubilia&leo=curae&odio=donec&condimentum=pharetra&id=magna&luctus=vestibulum&nec=aliquet&molestie=ultrices&sed=erat&justo=tortor&pellentesque=sollicitudin&viverra=mi&pede=sit&ac=amet&diam=lobortis&cras=sapien&pellentesque=sapien&volutpat=non&dui=mi&maecenas=integer&tristique=ac&est=neque&et=duis&tempus=bibendum&semper=morbi&est=non&quam=quam&pharetra=nec&magna=dui&ac=luctus&consequat=rutrum&metus=nulla&sapien=tellus&ut=in&nunc=sagittis&vestibulum=dui&ante=vel&ipsum=nisl&primis=duis&in=ac&faucibus=nibh&orci=fusce&luctus=lacus&et=purus&ultrices=aliquet&posuere=at&cubilia=feugiat'),(85,'Trilia','68556 Orin Pass','275-580-5550','swarboys2c@webnode.com','Bypass Mid Esophag to Stomach w Autol Sub, Perc Endo','https://cbsnews.com/dui/nec.json?massa=consequat&volutpat=metus&convallis=sapien&morbi=ut&odio=nunc&odio=vestibulum&elementum=ante&eu=ipsum&interdum=primis&eu=in&tincidunt=faucibus&in=orci&leo=luctus&maecenas=et&pulvinar=ultrices&lobortis=posuere&est=cubilia&phasellus=curae&sit=mauris&amet=viverra&erat=diam&nulla=vitae&tempus=quam&vivamus=suspendisse&in=potenti&felis=nullam&eu=porttitor&sapien=lacus&cursus=at&vestibulum=turpis&proin=donec&eu=posuere&mi=metus&nulla=vitae&ac=ipsum&enim=aliquam&in=non&tempor=mauris&turpis=morbi&nec=non&euismod=lectus&scelerisque=aliquam&quam=sit&turpis=amet&adipiscing=diam&lorem=in&vitae=magna&mattis=bibendum&nibh=imperdiet&ligula=nullam&nec=orci&sem=pede&duis=venenatis&aliquam=non&convallis=sodales&nunc=sed&proin=tincidunt&at=eu&turpis=felis&a=fusce&pede=posuere&posuere=felis&nonummy=sed&integer=lacus&non=morbi&velit=sem&donec=mauris&diam=laoreet&neque=ut&vestibulum=rhoncus&eget=aliquet&vulputate=pulvinar'),(86,'Avaveo','377 Alpine Place','665-868-4703','mtroctor2d@accuweather.com','Release Left Thyroid Artery, Open Approach','http://fda.gov/nisl/venenatis/lacinia/aenean/sit/amet/justo.jsp?non=a&velit=ipsum&donec=integer&diam=a&neque=nibh'),(87,'Jamia','0 Fair Oaks Avenue','228-719-7858','rmuddimer2e@flavors.me','Introduce of Radioact Subst into Central Art, Perc Approach','https://taobao.com/eleifend.json?at=lorem&diam=quisque&nam=ut&tristique=erat&tortor=curabitur&eu=gravida&pede=nisi'),(88,'Dynabox','7 Hoard Point','355-238-2168','fberggren2f@army.mil','Replacement of R Lacrml Duct with Nonaut Sub, Via Opening','http://java.com/mauris/vulputate/elementum/nullam/varius/nulla/facilisi.jpg?tortor=id&risus=mauris&dapibus=vulputate&augue=elementum&vel=nullam&accumsan=varius&tellus=nulla&nisi=facilisi&eu=cras&orci=non&mauris=velit&lacinia=nec&sapien=nisi&quis=vulputate&libero=nonummy&nullam=maecenas&sit=tincidunt&amet=lacus&turpis=at&elementum=velit'),(89,'Devpoint','06307 Sloan Terrace','643-337-5968','tboldock2g@artisteer.com','Beam Radiation of Chest Skin using Electrons, Intraoperative','https://cocolog-nifty.com/id/justo/sit/amet/sapien.png?suspendisse=placerat&ornare=praesent&consequat=blandit&lectus=nam&in=nulla&est=integer&risus=pede&auctor=justo&sed=lacinia&tristique=eget&in=tincidunt&tempus=eget&sit=tempus&amet=vel&sem=pede&fusce=morbi&consequat=porttitor&nulla=lorem&nisl=id&nunc=ligula&nisl=suspendisse&duis=ornare&bibendum=consequat&felis=lectus&sed=in&interdum=est&venenatis=risus&turpis=auctor&enim=sed&blandit=tristique&mi=in&in=tempus&porttitor=sit&pede=amet&justo=sem&eu=fusce&massa=consequat&donec=nulla&dapibus=nisl&duis=nunc&at=nisl&velit=duis&eu=bibendum&est=felis&congue=sed&elementum=interdum&in=venenatis&hac=turpis&habitasse=enim&platea=blandit&dictumst=mi&morbi=in&vestibulum=porttitor&velit=pede&id=justo&pretium=eu&iaculis=massa&diam=donec&erat=dapibus&fermentum=duis&justo=at&nec=velit&condimentum=eu&neque=est&sapien=congue&placerat=elementum&ante=in&nulla=hac&justo=habitasse&aliquam=platea&quis=dictumst&turpis=morbi&eget=vestibulum&elit=velit&sodales=id&scelerisque=pretium&mauris=iaculis&sit=diam&amet=erat&eros=fermentum&suspendisse=justo&accumsan=nec&tortor=condimentum&quis=neque&turpis=sapien&sed=placerat&ante=ante&vivamus=nulla&tortor=justo'),(90,'Fivebridge','44970 Florence Trail','882-850-6679','paulsford2h@skype.com','Supplement R Elbow Jt with Nonaut Sub, Perc Endo Approach','http://hugedomains.com/donec/diam/neque/vestibulum.js?augue=consequat&vel=metus&accumsan=sapien&tellus=ut&nisi=nunc&eu=vestibulum&orci=ante&mauris=ipsum&lacinia=primis&sapien=in&quis=faucibus&libero=orci&nullam=luctus&sit=et&amet=ultrices&turpis=posuere&elementum=cubilia&ligula=curae&vehicula=mauris&consequat=viverra&morbi=diam&a=vitae&ipsum=quam&integer=suspendisse&a=potenti&nibh=nullam&in=porttitor&quis=lacus&justo=at&maecenas=turpis&rhoncus=donec&aliquam=posuere&lacus=metus&morbi=vitae&quis=ipsum&tortor=aliquam&id=non&nulla=mauris&ultrices=morbi&aliquet=non&maecenas=lectus&leo=aliquam&odio=sit&condimentum=amet&id=diam&luctus=in&nec=magna&molestie=bibendum&sed=imperdiet&justo=nullam&pellentesque=orci&viverra=pede&pede=venenatis&ac=non&diam=sodales&cras=sed&pellentesque=tincidunt&volutpat=eu&dui=felis&maecenas=fusce&tristique=posuere&est=felis&et=sed&tempus=lacus'),(91,'Yambee','90452 Dayton Center','942-545-4072','dcristofor2i@wordpress.com','Removal of Synth Sub from Cervcal Vertebra, Perc Approach','http://craigslist.org/vestibulum/vestibulum/ante/ipsum.jpg?nec=ante&nisi=ipsum&vulputate=primis&nonummy=in&maecenas=faucibus&tincidunt=orci&lacus=luctus&at=et&velit=ultrices&vivamus=posuere&vel=cubilia&nulla=curae&eget=nulla&eros=dapibus&elementum=dolor&pellentesque=vel&quisque=est&porta=donec&volutpat=odio&erat=justo&quisque=sollicitudin&erat=ut&eros=suscipit&viverra=a&eget=feugiat&congue=et&eget=eros&semper=vestibulum&rutrum=ac&nulla=est&nunc=lacinia&purus=nisi&phasellus=venenatis&in=tristique&felis=fusce&donec=congue&semper=diam&sapien=id&a=ornare&libero=imperdiet&nam=sapien&dui=urna&proin=pretium&leo=nisl&odio=ut&porttitor=volutpat&id=sapien&consequat=arcu&in=sed&consequat=augue&ut=aliquam&nulla=erat&sed=volutpat&accumsan=in&felis=congue&ut=etiam&at=justo'),(92,'Thoughtsphere','0183 Eagle Crest Way','891-276-1294','ejiggens2j@home.pl','Removal of Other Device from R Low Extrem, Open Approach','https://squidoo.com/metus/arcu/adipiscing/molestie/hendrerit.xml?diam=non&in=mattis&magna=pulvinar&bibendum=nulla&imperdiet=pede&nullam=ullamcorper&orci=augue&pede=a&venenatis=suscipit&non=nulla&sodales=elit&sed=ac&tincidunt=nulla&eu=sed&felis=vel&fusce=enim&posuere=sit&felis=amet&sed=nunc&lacus=viverra&morbi=dapibus&sem=nulla&mauris=suscipit&laoreet=ligula&ut=in&rhoncus=lacus&aliquet=curabitur&pulvinar=at&sed=ipsum&nisl=ac&nunc=tellus&rhoncus=semper&dui=interdum&vel=mauris&sem=ullamcorper&sed=purus&sagittis=sit&nam=amet&congue=nulla&risus=quisque&semper=arcu'),(93,'Topicware','7 Calypso Point','450-311-4227','hbourget2k@cnbc.com','Drainage of Prostate with Drain Dev, Perc Endo Approach','https://linkedin.com/nulla.png?viverra=duis&pede=consequat&ac=dui&diam=nec&cras=nisi&pellentesque=volutpat&volutpat=eleifend&dui=donec&maecenas=ut&tristique=dolor&est=morbi&et=vel&tempus=lectus&semper=in&est=quam&quam=fringilla&pharetra=rhoncus&magna=mauris&ac=enim&consequat=leo&metus=rhoncus&sapien=sed&ut=vestibulum&nunc=sit&vestibulum=amet&ante=cursus&ipsum=id&primis=turpis&in=integer&faucibus=aliquet'),(94,'Skimia','1703 Claremont Pass','543-145-9863','pwondraschek2l@surveymonkey.com','Revision of Spacer in Right Ankle Joint, External Approach','http://smh.com.au/in/faucibus/orci/luctus/et/ultrices/posuere.html?dictumst=arcu&aliquam=sed&augue=augue&quam=aliquam&sollicitudin=erat&vitae=volutpat&consectetuer=in&eget=congue&rutrum=etiam&at=justo&lorem=etiam&integer=pretium&tincidunt=iaculis&ante=justo&vel=in&ipsum=hac&praesent=habitasse&blandit=platea&lacinia=dictumst&erat=etiam&vestibulum=faucibus&sed=cursus&magna=urna&at=ut&nunc=tellus&commodo=nulla&placerat=ut&praesent=erat&blandit=id&nam=mauris&nulla=vulputate&integer=elementum&pede=nullam&justo=varius&lacinia=nulla&eget=facilisi&tincidunt=cras&eget=non&tempus=velit&vel=nec&pede=nisi&morbi=vulputate&porttitor=nonummy&lorem=maecenas&id=tincidunt&ligula=lacus&suspendisse=at&ornare=velit&consequat=vivamus&lectus=vel&in=nulla&est=eget&risus=eros&auctor=elementum&sed=pellentesque&tristique=quisque&in=porta&tempus=volutpat&sit=erat&amet=quisque&sem=erat&fusce=eros&consequat=viverra&nulla=eget&nisl=congue&nunc=eget&nisl=semper&duis=rutrum&bibendum=nulla&felis=nunc&sed=purus&interdum=phasellus&venenatis=in&turpis=felis&enim=donec&blandit=semper&mi=sapien&in=a&porttitor=libero&pede=nam&justo=dui&eu=proin&massa=leo&donec=odio&dapibus=porttitor&duis=id&at=consequat&velit=in&eu=consequat&est=ut&congue=nulla&elementum=sed&in=accumsan&hac=felis&habitasse=ut&platea=at&dictumst=dolor&morbi=quis'),(95,'Twitterlist','9292 Larry Lane','267-467-3274','ctranfield2m@abc.net.au','Bypass Stomach to Cutaneous with Autol Sub, Open Approach','https://gnu.org/augue/a/suscipit/nulla/elit/ac/nulla.xml?tempus=sed&vel=tristique&pede=in&morbi=tempus&porttitor=sit&lorem=amet&id=sem&ligula=fusce&suspendisse=consequat&ornare=nulla&consequat=nisl&lectus=nunc&in=nisl&est=duis&risus=bibendum&auctor=felis&sed=sed&tristique=interdum&in=venenatis&tempus=turpis&sit=enim&amet=blandit&sem=mi&fusce=in&consequat=porttitor&nulla=pede&nisl=justo&nunc=eu&nisl=massa&duis=donec&bibendum=dapibus'),(96,'Zoombox','149 American Hill','214-988-7327','hcuthbertson2n@tripod.com','Reattachment of Left Nipple, External Approach','http://scientificamerican.com/curae/donec/pharetra/magna/vestibulum/aliquet.html?cursus=dictumst&urna=maecenas&ut=ut&tellus=massa&nulla=quis&ut=augue&erat=luctus&id=tincidunt&mauris=nulla&vulputate=mollis&elementum=molestie&nullam=lorem&varius=quisque&nulla=ut'),(97,'Yoveo','76362 Eagan Lane','888-227-6992','rphare2o@census.gov','Excision of R Great Saphenous, Open Approach, Diagn','http://bbb.org/sed/justo/pellentesque/viverra/pede/ac.png?elementum=euismod&ligula=scelerisque&vehicula=quam&consequat=turpis&morbi=adipiscing&a=lorem&ipsum=vitae&integer=mattis&a=nibh&nibh=ligula&in=nec&quis=sem&justo=duis&maecenas=aliquam&rhoncus=convallis&aliquam=nunc&lacus=proin&morbi=at&quis=turpis&tortor=a&id=pede&nulla=posuere&ultrices=nonummy&aliquet=integer&maecenas=non&leo=velit&odio=donec&condimentum=diam&id=neque&luctus=vestibulum&nec=eget&molestie=vulputate&sed=ut&justo=ultrices&pellentesque=vel&viverra=augue&pede=vestibulum&ac=ante&diam=ipsum&cras=primis&pellentesque=in&volutpat=faucibus&dui=orci&maecenas=luctus'),(98,'Mita','7194 Moose Pass','420-809-7560','ematushenko2p@nbcnews.com','Bypass Jejunum to Cutaneous with Synth Sub, Open Approach','http://mapquest.com/tempus/semper/est/quam/pharetra/magna/ac.jsp?ante=sed&ipsum=vestibulum&primis=sit&in=amet&faucibus=cursus&orci=id&luctus=turpis&et=integer&ultrices=aliquet&posuere=massa&cubilia=id&curae=lobortis&duis=convallis&faucibus=tortor&accumsan=risus&odio=dapibus&curabitur=augue&convallis=vel&duis=accumsan&consequat=tellus&dui=nisi&nec=eu&nisi=orci&volutpat=mauris&eleifend=lacinia'),(99,'Jabbersphere','5836 Ridgeway Point','726-885-5553','plemar2q@nps.gov','Dilate L Hand Art, Bifurc, w Intralum Dev, Perc Endo','http://nationalgeographic.com/pede/malesuada/in/imperdiet.aspx?felis=sem&donec=praesent&semper=id&sapien=massa&a=id&libero=nisl&nam=venenatis&dui=lacinia&proin=aenean&leo=sit&odio=amet&porttitor=justo&id=morbi&consequat=ut&in=odio&consequat=cras&ut=mi&nulla=pede&sed=malesuada&accumsan=in&felis=imperdiet&ut=et&at=commodo&dolor=vulputate&quis=justo&odio=in&consequat=blandit&varius=ultrices&integer=enim&ac=lorem&leo=ipsum&pellentesque=dolor&ultrices=sit&mattis=amet&odio=consectetuer&donec=adipiscing&vitae=elit&nisi=proin&nam=interdum&ultrices=mauris&libero=non&non=ligula&mattis=pellentesque&pulvinar=ultrices&nulla=phasellus'),(100,'Thoughtstorm','3 Armistice Crossing','550-309-6084','gbegley2r@g.co','Removal of Tissue Expander from Left Breast, Open Approach','http://ask.com/sagittis/sapien/cum/sociis/natoque/penatibus/et.xml?molestie=cras&sed=non&justo=velit&pellentesque=nec&viverra=nisi&pede=vulputate&ac=nonummy&diam=maecenas&cras=tincidunt&pellentesque=lacus&volutpat=at&dui=velit&maecenas=vivamus&tristique=vel&est=nulla&et=eget&tempus=eros&semper=elementum&est=pellentesque&quam=quisque&pharetra=porta&magna=volutpat&ac=erat&consequat=quisque&metus=erat&sapien=eros&ut=viverra&nunc=eget&vestibulum=congue&ante=eget&ipsum=semper');
/*!40000 ALTER TABLE `perusahaan_mitra` ENABLE KEYS */;
UNLOCK TABLES;

--
-- Table structure for table `rekrutmen`
--

DROP TABLE IF EXISTS `rekrutmen`;
/*!40101 SET @saved_cs_client     = @@character_set_client */;
/*!40101 SET character_set_client = utf8 */;
CREATE TABLE `rekrutmen` (
  `id_hrd` int(11) NOT NULL,
  `id_member` int(11) NOT NULL,
  `id_perusahaan` int(11) NOT NULL,
  PRIMARY KEY (`id_hrd`,`id_member`,`id_perusahaan`),
  KEY `id_member` (`id_member`),
  KEY `id_perusahaan` (`id_perusahaan`),
  CONSTRAINT `rekrutmen_ibfk_1` FOREIGN KEY (`id_hrd`) REFERENCES `hrd` (`id_hrd`),
  CONSTRAINT `rekrutmen_ibfk_2` FOREIGN KEY (`id_member`) REFERENCES `member` (`id_member`),
  CONSTRAINT `rekrutmen_ibfk_3` FOREIGN KEY (`id_perusahaan`) REFERENCES `perusahaan_mitra` (`id_perusahaan`)
) ENGINE=InnoDB DEFAULT CHARSET=latin1;
/*!40101 SET character_set_client = @saved_cs_client */;

--
-- Dumping data for table `rekrutmen`
--

LOCK TABLES `rekrutmen` WRITE;
/*!40000 ALTER TABLE `rekrutmen` DISABLE KEYS */;
INSERT INTO `rekrutmen` (`id_hrd`, `id_member`, `id_perusahaan`) VALUES (1,1,1),(1,50,100),(2,2,2),(2,49,99),(3,3,3),(3,48,98),(4,4,4),(4,47,97),(5,5,5),(5,46,96),(6,6,6),(6,45,95),(7,7,7),(7,44,94),(8,8,8),(8,43,93),(9,9,9),(9,42,92),(10,10,10),(10,41,91),(11,11,11),(11,40,90),(12,12,12),(12,39,89),(13,13,13),(13,38,88),(14,14,14),(14,37,87),(15,15,15),(15,36,86),(16,16,16),(16,35,85),(17,17,17),(17,34,84),(18,18,18),(18,33,83),(19,19,19),(19,32,82),(20,20,20),(20,31,81),(21,21,21),(21,30,80),(22,22,22),(22,29,79),(23,23,23),(23,28,78),(24,24,24),(24,27,77),(25,25,25),(25,26,76),(26,25,75),(26,26,26),(27,24,74),(27,27,27),(28,23,73),(28,28,28),(29,22,72),(29,29,29),(30,21,71),(30,30,30),(31,20,70),(31,31,31),(32,19,69),(32,32,32),(33,18,68),(33,33,33),(34,17,67),(34,34,34),(35,16,66),(35,35,35),(36,15,65),(36,36,36),(37,14,64),(37,37,37),(38,13,63),(38,38,38),(39,12,62),(39,39,39),(40,11,61),(40,40,40),(41,10,60),(41,41,41),(42,9,59),(42,42,42),(43,8,58),(43,43,43),(44,7,57),(44,44,44),(45,6,56),(45,45,45),(46,5,55),(46,46,46),(47,4,54),(47,47,47),(48,3,53),(48,48,48),(49,2,52),(49,49,49),(50,1,51),(50,50,50),(51,51,51),(52,52,52),(53,53,53),(54,54,54),(55,55,55),(56,56,56),(57,57,57),(58,58,58),(59,59,59),(60,60,60),(61,61,61),(62,62,62),(63,63,63),(64,64,64),(65,65,65),(66,66,66),(67,67,67),(68,68,68),(69,69,69),(70,70,70),(71,71,71),(72,72,72),(73,73,73),(74,74,74),(75,75,75),(76,76,76),(77,77,77),(78,78,78),(79,79,79),(80,80,80),(81,81,81),(82,82,82),(83,83,83),(84,84,84),(85,85,85),(86,86,86),(87,87,87),(88,88,88),(89,89,89),(90,90,90),(91,91,91),(92,92,92),(93,93,93),(94,94,94),(95,95,95),(96,96,96),(97,97,97),(98,98,98),(99,99,99),(100,100,100);
/*!40000 ALTER TABLE `rekrutmen` ENABLE KEYS */;
UNLOCK TABLES;

--
-- Table structure for table `trainer`
--

DROP TABLE IF EXISTS `trainer`;
/*!40101 SET @saved_cs_client     = @@character_set_client */;
/*!40101 SET character_set_client = utf8 */;
CREATE TABLE `trainer` (
  `id_trainer` int(11) NOT NULL,
  `name` varchar(50) DEFAULT NULL,
  `address` varchar(50) DEFAULT NULL,
  `photo` varchar(100) DEFAULT NULL,
  `phone_number` varchar(50) DEFAULT NULL,
  `email` varchar(50) DEFAULT NULL,
  `id_hrd` int(11) DEFAULT NULL,
  PRIMARY KEY (`id_trainer`),
  KEY `id_hrd` (`id_hrd`),
  CONSTRAINT `trainer_ibfk_1` FOREIGN KEY (`id_hrd`) REFERENCES `hrd` (`id_hrd`)
) ENGINE=InnoDB DEFAULT CHARSET=latin1;
/*!40101 SET character_set_client = @saved_cs_client */;

--
-- Dumping data for table `trainer`
--

LOCK TABLES `trainer` WRITE;
/*!40000 ALTER TABLE `trainer` DISABLE KEYS */;
INSERT INTO `trainer` (`id_trainer`, `name`, `address`, `photo`, `phone_number`, `email`, `id_hrd`) VALUES (1,'Shanan Oxby','0289 Heffernan Lane','http://dummyimage.com/233x108.jpg/5fa2dd/ffffff','479-916-0679','soxby0@imageshack.us',1),(2,'Mata Ruppele','13525 New Castle Park','http://dummyimage.com/215x241.png/cc0000/ffffff','544-387-6501','mruppele1@umn.edu',2),(3,'Arlene Emblen','6 Cardinal Hill','http://dummyimage.com/201x171.png/ff4444/ffffff','136-875-0270','aemblen2@buzzfeed.com',3),(4,'Octavius Praten','17 Knutson Point','http://dummyimage.com/211x154.jpg/dddddd/000000','672-835-5332','opraten3@eepurl.com',4),(5,'Glory Giabuzzi','40 Pawling Drive','http://dummyimage.com/171x215.png/ff4444/ffffff','433-370-3071','ggiabuzzi4@merriam-webster.com',5),(6,'Georgiana Beauman','7470 Debra Alley','http://dummyimage.com/181x219.jpg/dddddd/000000','938-218-6237','gbeauman5@sun.com',6),(7,'Nanni McCloch','52 Hollow Ridge Trail','http://dummyimage.com/127x249.jpg/5fa2dd/ffffff','386-497-1411','nmccloch6@php.net',7),(8,'Lacee Muirden','8 Crowley Lane','http://dummyimage.com/102x248.bmp/dddddd/000000','554-299-8011','lmuirden7@webmd.com',8),(9,'Terrill Pickworth','29404 Hoepker Circle','http://dummyimage.com/215x223.jpg/dddddd/000000','187-643-6322','tpickworth8@blogspot.com',9),(10,'Hillyer Duiged','3 Union Avenue','http://dummyimage.com/163x103.bmp/5fa2dd/ffffff','860-971-6504','hduiged9@nbcnews.com',10),(11,'Liz Sabine','30200 Kensington Place','http://dummyimage.com/218x150.jpg/dddddd/000000','557-963-7903','lsabinea@washington.edu',11),(12,'Jonell Skinn','131 Truax Way','http://dummyimage.com/208x186.jpg/ff4444/ffffff','690-763-9564','jskinnb@imageshack.us',12),(13,'Jodie Ghirigori','3 Ruskin Way','http://dummyimage.com/159x170.png/5fa2dd/ffffff','934-897-4961','jghirigoric@foxnews.com',13),(14,'Zedekiah Gunbie','8 Sheridan Parkway','http://dummyimage.com/107x187.png/cc0000/ffffff','840-422-2979','zgunbied@umich.edu',14),(15,'Torey Beausang','77 1st Park','http://dummyimage.com/165x186.bmp/ff4444/ffffff','868-187-5104','tbeausange@nasa.gov',15),(16,'Crystie Bissell','594 Shelley Park','http://dummyimage.com/110x242.bmp/dddddd/000000','529-392-7266','cbissellf@dion.ne.jp',16),(17,'Peyter Holtaway','41 Duke Trail','http://dummyimage.com/233x210.bmp/5fa2dd/ffffff','299-827-3179','pholtawayg@networkadvertising.org',17),(18,'Claire Gonin','07 Heffernan Trail','http://dummyimage.com/196x210.png/5fa2dd/ffffff','185-539-2087','cgoninh@diigo.com',18),(19,'Aloise Kernaghan','837 Novick Junction','http://dummyimage.com/109x219.jpg/ff4444/ffffff','541-844-8989','akernaghani@auda.org.au',19),(20,'Giacomo D\'Cruze','80866 Valley Edge Street','http://dummyimage.com/192x151.png/ff4444/ffffff','742-226-2534','gdcruzej@toplist.cz',20),(21,'Robinett Croux','8 Alpine Center','http://dummyimage.com/126x141.png/ff4444/ffffff','720-920-8377','rcrouxk@umich.edu',21),(22,'Oliviero Halbard','0 Johnson Center','http://dummyimage.com/233x104.png/dddddd/000000','391-755-9094','ohalbardl@reverbnation.com',22),(23,'Kimball Blackaller','8022 Meadow Valley Park','http://dummyimage.com/132x192.jpg/ff4444/ffffff','882-841-8708','kblackallerm@mozilla.com',23),(24,'Jarvis Pettyfer','3 Killdeer Circle','http://dummyimage.com/162x137.jpg/ff4444/ffffff','984-474-9262','jpettyfern@cbsnews.com',24),(25,'Betta Everest','1 Jay Center','http://dummyimage.com/127x169.bmp/5fa2dd/ffffff','774-897-7596','beveresto@marketwatch.com',25),(26,'Marlee Dodwell','0880 2nd Junction','http://dummyimage.com/149x179.jpg/ff4444/ffffff','267-865-6255','mdodwellp@newsvine.com',26),(27,'Gherardo Catterill','3753 Forster Avenue','http://dummyimage.com/143x184.png/ff4444/ffffff','938-590-1407','gcatterillq@w3.org',27),(28,'Dana Whelan','3 Hansons Drive','http://dummyimage.com/188x180.bmp/dddddd/000000','874-212-1040','dwhelanr@imdb.com',28),(29,'Marthena Sarton','5 Carioca Court','http://dummyimage.com/159x145.jpg/cc0000/ffffff','550-883-1090','msartons@naver.com',29),(30,'Alix Telford','7 Nobel Pass','http://dummyimage.com/240x168.bmp/5fa2dd/ffffff','547-979-2348','atelfordt@nature.com',30),(31,'Dix Martel','12 Luster Terrace','http://dummyimage.com/125x224.jpg/dddddd/000000','860-841-5549','dmartelu@cisco.com',31),(32,'Cherida Triplett','26324 Green Lane','http://dummyimage.com/180x132.png/cc0000/ffffff','738-731-5323','ctriplettv@epa.gov',32),(33,'Madella Emmot','23362 Forest Dale Circle','http://dummyimage.com/191x241.jpg/5fa2dd/ffffff','781-892-3125','memmotw@techcrunch.com',33),(34,'Sibilla Carus','5 Kinsman Terrace','http://dummyimage.com/238x248.jpg/dddddd/000000','710-773-8174','scarusx@theatlantic.com',34),(35,'Letisha Clabburn','98581 Bartillon Center','http://dummyimage.com/210x126.jpg/ff4444/ffffff','648-992-4359','lclabburny@pcworld.com',35),(36,'Bondy Blacket','35 Lien Circle','http://dummyimage.com/249x192.png/ff4444/ffffff','890-285-4588','bblacketz@ebay.co.uk',36),(37,'Cathryn Hagger','24 Longview Crossing','http://dummyimage.com/107x141.jpg/dddddd/000000','526-956-8895','chagger10@miitbeian.gov.cn',37),(38,'Bev Jirusek','7846 Texas Alley','http://dummyimage.com/227x194.jpg/dddddd/000000','790-267-0330','bjirusek11@exblog.jp',38),(39,'Bambie Goodread','156 Vera Court','http://dummyimage.com/121x209.png/5fa2dd/ffffff','885-641-3001','bgoodread12@oaic.gov.au',39),(40,'Joseito Brumhead','64 Gulseth Avenue','http://dummyimage.com/119x159.png/5fa2dd/ffffff','462-354-1285','jbrumhead13@last.fm',40),(41,'Rhea Moriarty','35589 Colorado Avenue','http://dummyimage.com/193x228.jpg/dddddd/000000','313-304-0477','rmoriarty14@shinystat.com',41),(42,'Drona Gobourn','187 Morrow Park','http://dummyimage.com/180x125.png/ff4444/ffffff','944-686-8682','dgobourn15@vk.com',42),(43,'Lambert Lurriman','7814 Talmadge Pass','http://dummyimage.com/160x189.bmp/5fa2dd/ffffff','845-587-4454','llurriman16@cnet.com',43),(44,'Allys Whitmell','7000 Meadow Ridge Point','http://dummyimage.com/167x244.jpg/ff4444/ffffff','629-775-9933','awhitmell17@independent.co.uk',44),(45,'Brent Dionsetti','1456 Hauk Point','http://dummyimage.com/152x149.png/dddddd/000000','412-831-3690','bdionsetti18@pcworld.com',45),(46,'Andonis Collumbell','18518 Burrows Hill','http://dummyimage.com/110x157.bmp/5fa2dd/ffffff','330-346-5330','acollumbell19@cisco.com',46),(47,'Brewster Brownhill','29 Roxbury Road','http://dummyimage.com/213x235.jpg/cc0000/ffffff','513-339-2753','bbrownhill1a@instagram.com',47),(48,'Christi Lortzing','18 Shasta Parkway','http://dummyimage.com/146x167.jpg/dddddd/000000','181-553-3351','clortzing1b@yellowbook.com',48),(49,'Verina Garstan','53322 Pond Street','http://dummyimage.com/176x146.bmp/dddddd/000000','552-859-5445','vgarstan1c@is.gd',49),(50,'Danni Gwillim','6 Morningstar Way','http://dummyimage.com/245x101.png/ff4444/ffffff','353-913-0955','dgwillim1d@fda.gov',50),(51,'Ida Hawse','24307 Reinke Court','http://dummyimage.com/205x241.png/cc0000/ffffff','463-882-6145','ihawse1e@behance.net',51),(52,'Barbara-anne Ganforth','25 Ryan Court','http://dummyimage.com/235x202.png/cc0000/ffffff','108-633-1072','bganforth1f@163.com',52),(53,'Quintilla Fricker','8 Dahle Crossing','http://dummyimage.com/127x171.jpg/5fa2dd/ffffff','238-902-0627','qfricker1g@canalblog.com',53),(54,'Alla Biggans','881 Hayes Road','http://dummyimage.com/142x179.png/cc0000/ffffff','349-520-0137','abiggans1h@arstechnica.com',54),(55,'Gregorio Stanlike','9783 Bowman Center','http://dummyimage.com/135x213.jpg/5fa2dd/ffffff','175-171-4992','gstanlike1i@virginia.edu',55),(56,'Stesha Clitherow','69513 Macpherson Drive','http://dummyimage.com/188x192.png/cc0000/ffffff','761-243-7435','sclitherow1j@examiner.com',56),(57,'Florry Wisam','87771 Marquette Street','http://dummyimage.com/172x212.png/5fa2dd/ffffff','470-346-8801','fwisam1k@ustream.tv',57),(58,'Kellyann Tovey','3229 Johnson Place','http://dummyimage.com/186x119.jpg/ff4444/ffffff','729-615-4027','ktovey1l@guardian.co.uk',58),(59,'Althea Salamon','5 Dennis Hill','http://dummyimage.com/204x203.png/cc0000/ffffff','332-433-0008','asalamon1m@friendfeed.com',59),(60,'Nolana Batt','6 Old Shore Circle','http://dummyimage.com/141x135.jpg/ff4444/ffffff','436-307-2915','nbatt1n@privacy.gov.au',60),(61,'Brent Delacourt','839 Mockingbird Parkway','http://dummyimage.com/185x130.jpg/cc0000/ffffff','440-563-7715','bdelacourt1o@netscape.com',61),(62,'Cris Sidwick','0347 Paget Lane','http://dummyimage.com/184x132.png/cc0000/ffffff','841-465-7478','csidwick1p@so-net.ne.jp',62),(63,'Ame Switsur','97 Tony Terrace','http://dummyimage.com/213x169.bmp/dddddd/000000','405-377-6369','aswitsur1q@live.com',63),(64,'Cortie McCurrie','0707 Bluejay Way','http://dummyimage.com/110x204.jpg/5fa2dd/ffffff','691-747-9680','cmccurrie1r@github.com',64),(65,'Gaynor Biddlecombe','0667 Caliangt Hill','http://dummyimage.com/166x246.bmp/dddddd/000000','694-636-9629','gbiddlecombe1s@marketwatch.com',65),(66,'Mata Hallaways','97331 Jay Pass','http://dummyimage.com/144x185.bmp/ff4444/ffffff','556-130-0243','mhallaways1t@java.com',66),(67,'Sosanna Jados','4 Donald Plaza','http://dummyimage.com/183x183.bmp/cc0000/ffffff','527-335-9719','sjados1u@google.de',67),(68,'Dalli Bortoluzzi','610 Green Ridge Junction','http://dummyimage.com/237x222.jpg/ff4444/ffffff','881-356-5449','dbortoluzzi1v@tiny.cc',68),(69,'Marget Dallosso','554 Carberry Place','http://dummyimage.com/137x128.bmp/ff4444/ffffff','289-710-7195','mdallosso1w@seattletimes.com',69),(70,'Cherilynn Petyankin','0 Ronald Regan Hill','http://dummyimage.com/208x198.jpg/ff4444/ffffff','833-599-0168','cpetyankin1x@dagondesign.com',70),(71,'Earlie Carrol','8 Pond Drive','http://dummyimage.com/233x229.bmp/dddddd/000000','492-776-9821','ecarrol1y@123-reg.co.uk',71),(72,'Abbie Throssell','984 Clarendon Point','http://dummyimage.com/129x216.bmp/5fa2dd/ffffff','733-888-2382','athrossell1z@slashdot.org',72),(73,'Sula Arndt','44 Manley Road','http://dummyimage.com/242x149.bmp/5fa2dd/ffffff','982-376-8429','sarndt20@foxnews.com',73),(74,'Collie Girault','6 Arapahoe Avenue','http://dummyimage.com/103x246.jpg/cc0000/ffffff','464-612-4664','cgirault21@unicef.org',74),(75,'Misti Marquand','2447 Arrowood Park','http://dummyimage.com/170x223.png/5fa2dd/ffffff','589-232-7877','mmarquand22@shutterfly.com',75),(76,'Doy Whistan','016 Moland Plaza','http://dummyimage.com/197x150.png/5fa2dd/ffffff','594-904-9992','dwhistan23@yandex.ru',76),(77,'Shani Giles','03669 Esker Pass','http://dummyimage.com/163x121.bmp/dddddd/000000','882-368-1377','sgiles24@moonfruit.com',77),(78,'Artie O\'Fallon','732 Knutson Street','http://dummyimage.com/179x141.png/5fa2dd/ffffff','543-466-7737','aofallon25@ask.com',78),(79,'Gretna Ibbs','0 Vera Terrace','http://dummyimage.com/119x154.png/dddddd/000000','285-593-2503','gibbs26@pbs.org',79),(80,'Flori Lackinton','328 Vermont Plaza','http://dummyimage.com/152x206.jpg/dddddd/000000','182-232-9116','flackinton27@nbcnews.com',80),(81,'Hilton Carlisi','34014 Monterey Center','http://dummyimage.com/174x128.jpg/dddddd/000000','593-520-6343','hcarlisi28@icio.us',81),(82,'Barth Reeve','10 Debs Hill','http://dummyimage.com/182x216.bmp/dddddd/000000','553-582-7204','breeve29@sakura.ne.jp',82),(83,'Luci Alexandrou','22707 Dovetail Court','http://dummyimage.com/145x173.bmp/ff4444/ffffff','323-282-2730','lalexandrou2a@hp.com',83),(84,'Ossie Saylor','3 Mcguire Point','http://dummyimage.com/125x136.png/ff4444/ffffff','766-409-5243','osaylor2b@webmd.com',84),(85,'Pia Bestwall','98228 Manufacturers Terrace','http://dummyimage.com/206x101.jpg/5fa2dd/ffffff','307-794-1452','pbestwall2c@ameblo.jp',85),(86,'Alicia Conti','107 Victoria Park','http://dummyimage.com/143x209.jpg/cc0000/ffffff','808-167-7434','aconti2d@uol.com.br',86),(87,'Galen Naismith','62 Hermina Avenue','http://dummyimage.com/153x103.jpg/cc0000/ffffff','742-101-8648','gnaismith2e@dagondesign.com',87),(88,'Brita O\'Heneghan','3 Farwell Park','http://dummyimage.com/199x192.bmp/dddddd/000000','851-188-8830','boheneghan2f@statcounter.com',88),(89,'Dan Amberson','15 Orin Terrace','http://dummyimage.com/137x200.bmp/dddddd/000000','940-491-1656','damberson2g@php.net',89),(90,'Shelley Karchowski','58106 Jay Junction','http://dummyimage.com/177x205.bmp/dddddd/000000','807-465-8373','skarchowski2h@state.tx.us',90),(91,'Wanda McComish','0659 Green Circle','http://dummyimage.com/227x225.png/ff4444/ffffff','971-141-6529','wmccomish2i@bloglines.com',91),(92,'Kimball Huchot','5976 Novick Center','http://dummyimage.com/157x217.png/5fa2dd/ffffff','973-716-8314','khuchot2j@ocn.ne.jp',92),(93,'Rich Pavlenko','421 Ridgeview Park','http://dummyimage.com/106x228.bmp/ff4444/ffffff','400-501-0009','rpavlenko2k@shareasale.com',93),(94,'Janeen McGuinley','9 Service Junction','http://dummyimage.com/112x193.bmp/dddddd/000000','121-867-7378','jmcguinley2l@cornell.edu',94),(95,'Mavra Bazley','9248 Fairfield Plaza','http://dummyimage.com/176x221.bmp/cc0000/ffffff','398-673-1215','mbazley2m@elegantthemes.com',95),(96,'Celinka Crolly','27 Clyde Gallagher Alley','http://dummyimage.com/162x248.bmp/dddddd/000000','645-936-0225','ccrolly2n@tinypic.com',96),(97,'Lambert Vezey','30774 Hovde Drive','http://dummyimage.com/101x125.png/dddddd/000000','760-589-8732','lvezey2o@hugedomains.com',97),(98,'Elwin Bairstow','179 Mariners Cove Terrace','http://dummyimage.com/124x214.png/5fa2dd/ffffff','935-527-4388','ebairstow2p@studiopress.com',98),(99,'Dorthea Strowlger','327 Westerfield Street','http://dummyimage.com/119x172.jpg/5fa2dd/ffffff','434-852-9292','dstrowlger2q@scribd.com',99),(100,'Jonah Hutcheon','92 Butternut Plaza','http://dummyimage.com/193x138.jpg/ff4444/ffffff','960-156-1521','jhutcheon2r@xinhuanet.com',100);
/*!40000 ALTER TABLE `trainer` ENABLE KEYS */;
UNLOCK TABLES;

--
-- Table structure for table `trainer_languages`
--

DROP TABLE IF EXISTS `trainer_languages`;
/*!40101 SET @saved_cs_client     = @@character_set_client */;
/*!40101 SET character_set_client = utf8 */;
CREATE TABLE `trainer_languages` (
  `id_trainer` int(11) NOT NULL,
  `skill_languages` varchar(15) NOT NULL,
  PRIMARY KEY (`id_trainer`,`skill_languages`),
  CONSTRAINT `trainer_languages_ibfk_1` FOREIGN KEY (`id_trainer`) REFERENCES `trainer` (`id_trainer`)
) ENGINE=InnoDB DEFAULT CHARSET=latin1;
/*!40101 SET character_set_client = @saved_cs_client */;

--
-- Dumping data for table `trainer_languages`
--

LOCK TABLES `trainer_languages` WRITE;
/*!40000 ALTER TABLE `trainer_languages` DISABLE KEYS */;
INSERT INTO `trainer_languages` (`id_trainer`, `skill_languages`) VALUES (1,'C'),(1,'Java'),(2,'C#'),(2,'PHP'),(3,'C'),(3,'Python'),(4,'JavaScript'),(4,'Python'),(5,'C'),(5,'C#'),(6,'C++'),(6,'Java'),(7,'C++'),(7,'Python'),(8,'Haskell'),(8,'PHP'),(9,'Haskell'),(9,'Java'),(10,'C#'),(10,'PHP'),(11,'C'),(11,'Java'),(12,'C'),(12,'C++'),(13,'C#'),(13,'PHP'),(14,'Haskell'),(14,'Java'),(15,'Java'),(15,'JavaScript'),(16,'Java'),(16,'JavaScript'),(17,'Java'),(17,'Swift'),(18,'Haskell'),(18,'Java'),(19,'Haskell'),(19,'Swift'),(20,'Python'),(20,'Swift'),(21,'C'),(21,'Swift'),(22,'Haskell'),(22,'Python'),(23,'Java'),(23,'Swift'),(24,'C#'),(24,'Swift'),(25,'C++'),(25,'JavaScript'),(26,'Java'),(26,'JavaScript'),(27,'JavaScript'),(27,'Python'),(28,'C#'),(28,'Java'),(29,'C'),(29,'Python'),(30,'C#'),(30,'PHP'),(31,'C'),(31,'C#'),(32,'C++'),(32,'Java'),(33,'C'),(33,'Haskell'),(34,'Python'),(34,'Swift'),(35,'C#'),(35,'Haskell'),(36,'Java'),(36,'Swift'),(37,'PHP'),(37,'Swift'),(38,'Haskell'),(38,'PHP'),(39,'C#'),(39,'Java'),(40,'C#'),(40,'Haskell'),(41,'C++'),(41,'Python'),(42,'C'),(42,'PHP'),(43,'C++'),(43,'JavaScript'),(44,'C++'),(44,'PHP'),(45,'Haskell'),(45,'PHP'),(46,'C++'),(46,'Swift'),(47,'Java'),(47,'Python'),(48,'Haskell'),(48,'Java'),(49,'C'),(49,'PHP'),(50,'C'),(50,'C++'),(51,'C#'),(52,'C#'),(53,'Python'),(54,'Swift'),(55,'Haskell'),(56,'Haskell'),(57,'PHP'),(58,'PHP'),(59,'PHP'),(60,'Haskell'),(61,'JavaScript'),(62,'Haskell'),(63,'C#'),(64,'C'),(65,'C++'),(66,'C'),(67,'Python'),(68,'PHP'),(69,'Python'),(70,'Java'),(71,'Java'),(72,'C'),(73,'Swift'),(74,'Haskell'),(75,'Python'),(76,'C++'),(77,'Haskell'),(78,'JavaScript'),(79,'C#'),(80,'Swift'),(81,'Python'),(82,'Java'),(83,'Java'),(84,'Python'),(85,'C#'),(86,'Python'),(87,'JavaScript'),(88,'JavaScript'),(89,'C'),(90,'Java'),(91,'C++'),(92,'C'),(93,'PHP'),(94,'PHP'),(95,'Swift'),(96,'C#'),(97,'Swift'),(98,'C++'),(99,'C#'),(100,'JavaScript');
/*!40000 ALTER TABLE `trainer_languages` ENABLE KEYS */;
UNLOCK TABLES;

--
-- Current Database: `sanbercode`
--

USE `sanbercode`;

--
-- Final view structure for view `eligible_for_cashback`
--

/*!50001 DROP TABLE IF EXISTS `eligible_for_cashback`*/;
/*!50001 DROP VIEW IF EXISTS `eligible_for_cashback`*/;
/*!50001 SET @saved_cs_client          = @@character_set_client */;
/*!50001 SET @saved_cs_results         = @@character_set_results */;
/*!50001 SET @saved_col_connection     = @@collation_connection */;
/*!50001 SET character_set_client      = cp850 */;
/*!50001 SET character_set_results     = cp850 */;
/*!50001 SET collation_connection      = cp850_general_ci */;
/*!50001 CREATE ALGORITHM=UNDEFINED */
/*!50013 DEFINER=`root`@`localhost` SQL SECURITY DEFINER */
/*!50001 VIEW `eligible_for_cashback` AS (select `mengikuti_kelas`.`id_member` AS `id_member`,`mengikuti_kelas`.`nama_kelas` AS `nama_kelas`,`mengikuti_kelas`.`nilai_total` AS `nilai_total` from `mengikuti_kelas` where `mengikuti_kelas`.`nilai_total` >= 80) */;
/*!50001 SET character_set_client      = @saved_cs_client */;
/*!50001 SET character_set_results     = @saved_cs_results */;
/*!50001 SET collation_connection      = @saved_col_connection */;
/*!40103 SET TIME_ZONE=@OLD_TIME_ZONE */;

/*!40101 SET SQL_MODE=@OLD_SQL_MODE */;
/*!40014 SET FOREIGN_KEY_CHECKS=@OLD_FOREIGN_KEY_CHECKS */;
/*!40014 SET UNIQUE_CHECKS=@OLD_UNIQUE_CHECKS */;
/*!40101 SET CHARACTER_SET_CLIENT=@OLD_CHARACTER_SET_CLIENT */;
/*!40101 SET CHARACTER_SET_RESULTS=@OLD_CHARACTER_SET_RESULTS */;
/*!40101 SET COLLATION_CONNECTION=@OLD_COLLATION_CONNECTION */;
/*!40111 SET SQL_NOTES=@OLD_SQL_NOTES */;

-- Dump completed on 2020-11-21  9:58:31
